/*
-- Query: SELECT * FROM waeating.area
LIMIT 0, 1000

-- Date: 2023-03-29 21:50
*/
INSERT INTO `area` (`area_id`,`name`,`parent_id`) VALUES (1,'서울특별시',NULL);
INSERT INTO `area` (`area_id`,`name`,`parent_id`) VALUES (2,'강남구',1);
INSERT INTO `area` (`area_id`,`name`,`parent_id`) VALUES (3,'마포구',1);
INSERT INTO `area` (`area_id`,`name`,`parent_id`) VALUES (4,'종로구',1);
INSERT INTO `area` (`area_id`,`name`,`parent_id`) VALUES (5,'중랑구',1);
INSERT INTO `area` (`area_id`,`name`,`parent_id`) VALUES (6,'용산구',1);
INSERT INTO `area` (`area_id`,`name`,`parent_id`) VALUES (7,'대치1동',2);
INSERT INTO `area` (`area_id`,`name`,`parent_id`) VALUES (8,'대치2동',2);
INSERT INTO `area` (`area_id`,`name`,`parent_id`) VALUES (9,'대치3동',2);
INSERT INTO `area` (`area_id`,`name`,`parent_id`) VALUES (10,'대치4동',2);
INSERT INTO `area` (`area_id`,`name`,`parent_id`) VALUES (11,'청담동',2);
INSERT INTO `area` (`area_id`,`name`,`parent_id`) VALUES (12,'공덕동',3);
INSERT INTO `area` (`area_id`,`name`,`parent_id`) VALUES (13,'아현동',3);
INSERT INTO `area` (`area_id`,`name`,`parent_id`) VALUES (14,'도화동',3);
INSERT INTO `area` (`area_id`,`name`,`parent_id`) VALUES (15,'용강동',3);
INSERT INTO `area` (`area_id`,`name`,`parent_id`) VALUES (16,'대흥동',3);
INSERT INTO `area` (`area_id`,`name`,`parent_id`) VALUES (17,'종로1가동',4);
INSERT INTO `area` (`area_id`,`name`,`parent_id`) VALUES (18,'종로2가동',4);
INSERT INTO `area` (`area_id`,`name`,`parent_id`) VALUES (19,'종로3가동',4);
INSERT INTO `area` (`area_id`,`name`,`parent_id`) VALUES (20,'종로4가동',4);
INSERT INTO `area` (`area_id`,`name`,`parent_id`) VALUES (21,'종로5가동',4);
INSERT INTO `area` (`area_id`,`name`,`parent_id`) VALUES (22,'망우본동',5);
INSERT INTO `area` (`area_id`,`name`,`parent_id`) VALUES (23,'망우3동',5);
INSERT INTO `area` (`area_id`,`name`,`parent_id`) VALUES (24,'중화1동',5);
INSERT INTO `area` (`area_id`,`name`,`parent_id`) VALUES (25,'중화2동',5);
INSERT INTO `area` (`area_id`,`name`,`parent_id`) VALUES (26,'상봉2동',5);
INSERT INTO `area` (`area_id`,`name`,`parent_id`) VALUES (27,'남영동',6);
INSERT INTO `area` (`area_id`,`name`,`parent_id`) VALUES (28,'한남동',6);
INSERT INTO `area` (`area_id`,`name`,`parent_id`) VALUES (29,'후암동',6);
INSERT INTO `area` (`area_id`,`name`,`parent_id`) VALUES (30,'청파동',6);
INSERT INTO `area` (`area_id`,`name`,`parent_id`) VALUES (31,'한강로동',6);
INSERT INTO `area` (`area_id`,`name`,`parent_id`) VALUES (32,'부산광역시',NULL);
INSERT INTO `area` (`area_id`,`name`,`parent_id`) VALUES (33,'인천광역시',NULL);
INSERT INTO `area` (`area_id`,`name`,`parent_id`) VALUES (34,'대구광역시',NULL);
INSERT INTO `area` (`area_id`,`name`,`parent_id`) VALUES (35,'광주광역시',NULL);
INSERT INTO `area` (`area_id`,`name`,`parent_id`) VALUES (36,'울산광역시',NULL);
INSERT INTO `area` (`area_id`,`name`,`parent_id`) VALUES (37,'성동구',1);
INSERT INTO `area` (`area_id`,`name`,`parent_id`) VALUES (38,'송파구',1);
INSERT INTO `area` (`area_id`,`name`,`parent_id`) VALUES (39,'영등포구',1);
INSERT INTO `area` (`area_id`,`name`,`parent_id`) VALUES (40,'동대문구',1);
INSERT INTO `area` (`area_id`,`name`,`parent_id`) VALUES (41,'서대문구',1);
INSERT INTO `area` (`area_id`,`name`,`parent_id`) VALUES (42,'남구',32);
INSERT INTO `area` (`area_id`,`name`,`parent_id`) VALUES (43,'동구',32);
INSERT INTO `area` (`area_id`,`name`,`parent_id`) VALUES (44,'대연동 ',42);
INSERT INTO `area` (`area_id`,`name`,`parent_id`) VALUES (45,'수정동 ',43);
INSERT INTO `area` (`area_id`,`name`,`parent_id`) VALUES (46,'초량동 ',43);

/*
-- Query: SELECT * FROM waeating.banner
LIMIT 0, 1000

-- Date: 2023-03-29 21:50
*/
INSERT INTO `banner` (`banner_id`,`banner_name`) VALUES (1,'b1.jpg');
INSERT INTO `banner` (`banner_id`,`banner_name`) VALUES (2,'b2.jpg');
INSERT INTO `banner` (`banner_id`,`banner_name`) VALUES (3,'b3.jpg');
INSERT INTO `banner` (`banner_id`,`banner_name`) VALUES (4,'b4.jpg');

/*
-- Query: SELECT * FROM waeating.category
LIMIT 0, 1000

-- Date: 2023-03-29 21:50
*/
INSERT INTO `category` (`category_id`,`name`,`parent_id`) VALUES (1,'한식',NULL);
INSERT INTO `category` (`category_id`,`name`,`parent_id`) VALUES (2,'중식',NULL);
INSERT INTO `category` (`category_id`,`name`,`parent_id`) VALUES (3,'일식',NULL);
INSERT INTO `category` (`category_id`,`name`,`parent_id`) VALUES (4,'양식',NULL);

/*
-- Query: SELECT * FROM waeating.faqcategory
LIMIT 0, 1000

-- Date: 2023-03-29 21:51
*/
INSERT INTO `faqcategory` (`faq_category_id`,`name`) VALUES (3,'예약');
INSERT INTO `faqcategory` (`faq_category_id`,`name`) VALUES (1,'포인트');
INSERT INTO `faqcategory` (`faq_category_id`,`name`) VALUES (2,'환불');
INSERT INTO `faqcategory` (`faq_category_id`,`name`) VALUES (4,'회원');

/*
-- Query: SELECT * FROM waeating.faq
LIMIT 0, 1000

-- Date: 2023-03-29 21:50
*/
INSERT INTO `faq` (`faq_id`,`content`,`title`,`faq_category_id`) VALUES (1,'받은 포인트의 시점으로부터 1년 까지 사용 가능합니다.','포인트의 유효기간은 얼마인가요?',1);
INSERT INTO `faq` (`faq_id`,`content`,`title`,`faq_category_id`) VALUES (2,'환불 요청 이후 1시간 이내에 송금됩니다.','환불시 예약금액은 언제 들어오나요?',2);
INSERT INTO `faq` (`faq_id`,`content`,`title`,`faq_category_id`) VALUES (3,'받은 포인트의 시점으로부터 1년 까지 사용 가능합니다.','포인트의 유효기간은 얼마인가요?',2);
INSERT INTO `faq` (`faq_id`,`content`,`title`,`faq_category_id`) VALUES (4,'마이페이지 첫 화면에서 해당 예약 수정 버튼을 클릭하시거나 고객센터(1111-1111)로 문의하시면 변경하실 수 있습니다.','예약 날짜를 변경하는 방법. ',3);
INSERT INTO `faq` (`faq_id`,`content`,`title`,`faq_category_id`) VALUES (5,'마이페이지 첫 화면에서 해당 예약 수정 버튼을 클릭하시거나 고객센터(1111-1111)로 문의하시면 변경하실 수 있습니다.','예약 주문 메뉴를 변경하는 방법. ',3);
INSERT INTO `faq` (`faq_id`,`content`,`title`,`faq_category_id`) VALUES (6,'마이페이지 첫 화면에서 해당 예약의 예약 취소 버튼을 클릭하시거나 고객센터(1111-1111)로 문의하시면 변경하실 수 있습니다.','예약 취소하는 방법',3);
INSERT INTO `faq` (`faq_id`,`content`,`title`,`faq_category_id`) VALUES (7,'탈퇴 즉시 고객님의 개인정보는 모두 삭제됩니다.<br>단, 전자상거래 및 소비자 권리 보호를 위해 개인정보 외의 거래정보 등은 법률에서 정한 기간 동안 보관될 수 있습니다.','탈퇴시 개인정보는 모두 삭제 되나요?',4);
INSERT INTO `faq` (`faq_id`,`content`,`title`,`faq_category_id`) VALUES (8,'아이핀으로 본인확인 후 비밀번호 변경이 가능합니다.<br>아이핀이 없으신 경우, 아이핀 사이트에서 신규발급이 가능합니다.<br>KISA 아이핀사이트 : <a href=\'http://i-pin.kisa.or.kr/kor/main.jsp\'>http://i-pin.kisa.or.kr/kor/main.jsp</a>','포인트의 유효기간은 얼마인가요?',4);

/*
-- Query: SELECT * FROM waeating.notice
LIMIT 0, 1000

-- Date: 2023-03-29 21:52
*/
INSERT INTO `notice` (`notice_id`,`content`,`create_date`,`last_update_date`,`title`,`view_count`) VALUES (1,'당사는 2023년 3월 13일 자로 아래와 같이 개인정보 처리방침을 개정 운영할 예정이오니,\r<br>변경 사항을 확인하시어 이용에 불편 없으시길 바랍니다.\r<br>\r<br><개인정보 처리방침 개정>\r<br>\r<br>● 개정 조항: 제10조 (개인정보의 위탁처리)\r<br>\r<br>● 변경 내용 : 위탁업체 삭제\r<br>\r<br>위탁업체 : (주)얼리슬로스 / 위탁업무 내용 : 고객 설문조사 및 응답 분석\r<br>\r<br>감사합니다.\r<br>','2023-03-28 17:22:22.595408','2023-03-28 17:22:22.595408','이용약관 및 개인정보처리방침 개정 안내',1);
INSERT INTO `notice` (`notice_id`,`content`,`create_date`,`last_update_date`,`title`,`view_count`) VALUES (2,'안녕하십니까, WaEating 입니다.\r<br>\r<br>항상 저희 WaEating을 사랑해주시는 고객님들께 진심으로 감사 드립니다.\r<br>\r<br>하나카드 시스템 작업이 다음과 같이 진행될 예정이며, 해당 기간동안 Kakao-Pay 서비스 이용이 제한되오니 참고해주시기 바랍니다.\r<br>\r<br>ㆍ작업일시 :  2023. 3. 13(토) 13:00 ~ 16:30 (3시 30분간)\r<br>\r<br>ㆍ해당 시간 Kakao-Pay 제한사항<br>1) Kakao-Pay 결제 - 작업시간 동안 불가\r<br>※ 상기 일정은 작업 진행 상황에 따라 변경될 수 있습니다.\r<br>\r<br>시스템 작업 관련 문의사항은 Kakao-Pay로 문의해주시길 바랍니다.\r<br>\r<br>감사합니다.Kakao-Pay 시스템 작업 안내\r<br>','2023-03-28 17:22:58.013192','2023-03-28 17:22:58.013192',' Kakao-Pay 시스템 작업 안내',1);
INSERT INTO `notice` (`notice_id`,`content`,`create_date`,`last_update_date`,`title`,`view_count`) VALUES (3,' 안녕하십니까. WaEating 입니다.','2023-03-28 17:23:10.253951','2023-03-28 17:23:10.253951','시스템 장애 복구 안내',1);
INSERT INTO `notice` (`notice_id`,`content`,`create_date`,`last_update_date`,`title`,`view_count`) VALUES (4,'당사는 2023년 3월 13일 자로 아래와 같이 개인정보 처리방침을 개정 운영할 예정이오니,\r<br>변경 사항을 확인하시어 이용에 불편 없으시길 바랍니다.\r<br>\r<br><개인정보 처리방침 개정>\r<br>\r<br>● 개정 조항: 제10조 (개인정보의 위탁처리)\r<br>\r<br>● 변경 내용 : 위탁업체 삭제\r<br>\r<br>위탁업체 : (주)얼리슬로스 / 위탁업무 내용 : 고객 설문조사 및 응답 분석\r<br>\r<br>감사합니다.\r<br>','2023-03-28 17:22:22.595408','2023-03-28 17:22:22.595408','이용약관 및 개인정보처리방침 개정 안내',1);
INSERT INTO `notice` (`notice_id`,`content`,`create_date`,`last_update_date`,`title`,`view_count`) VALUES (5,'안녕하십니까, WaEating 입니다.\r<br>\r<br>항상 저희 WaEating을 사랑해주시는 고객님들께 진심으로 감사 드립니다.\r<br>\r<br>하나카드 시스템 작업이 다음과 같이 진행될 예정이며, 해당 기간동안 Kakao-Pay 서비스 이용이 제한되오니 참고해주시기 바랍니다.\r<br>\r<br>ㆍ작업일시 :  2023. 3. 13(토) 13:00 ~ 16:30 (3시 30분간)\r<br>\r<br>ㆍ해당 시간 Kakao-Pay 제한사항<br>1) Kakao-Pay 결제 - 작업시간 동안 불가\r<br>※ 상기 일정은 작업 진행 상황에 따라 변경될 수 있습니다.\r<br>\r<br>시스템 작업 관련 문의사항은 Kakao-Pay로 문의해주시길 바랍니다.\r<br>\r<br>감사합니다.Kakao-Pay 시스템 작업 안내\r<br>','2023-03-28 17:22:58.013192','2023-03-28 17:22:58.013192',' Kakao-Pay 시스템 작업 안내',1);
INSERT INTO `notice` (`notice_id`,`content`,`create_date`,`last_update_date`,`title`,`view_count`) VALUES (6,' 안녕하십니까. WaEating 입니다.','2023-03-28 17:23:10.253951','2023-03-28 17:23:10.253951','시스템 장애 복구 안내',1);
INSERT INTO `notice` (`notice_id`,`content`,`create_date`,`last_update_date`,`title`,`view_count`) VALUES (7,'당사는 2023년 3월 13일 자로 아래와 같이 개인정보 처리방침을 개정 운영할 예정이오니,\r<br>변경 사항을 확인하시어 이용에 불편 없으시길 바랍니다.\r<br>\r<br><개인정보 처리방침 개정>\r<br>\r<br>● 개정 조항: 제10조 (개인정보의 위탁처리)\r<br>\r<br>● 변경 내용 : 위탁업체 삭제\r<br>\r<br>위탁업체 : (주)얼리슬로스 / 위탁업무 내용 : 고객 설문조사 및 응답 분석\r<br>\r<br>감사합니다.\r<br>','2023-03-28 17:22:22.595408','2023-03-28 17:22:22.595408','이용약관 및 개인정보처리방침 개정 안내',1);
INSERT INTO `notice` (`notice_id`,`content`,`create_date`,`last_update_date`,`title`,`view_count`) VALUES (8,'안녕하십니까, WaEating 입니다.\r<br>\r<br>항상 저희 WaEating을 사랑해주시는 고객님들께 진심으로 감사 드립니다.\r<br>\r<br>하나카드 시스템 작업이 다음과 같이 진행될 예정이며, 해당 기간동안 Kakao-Pay 서비스 이용이 제한되오니 참고해주시기 바랍니다.\r<br>\r<br>ㆍ작업일시 :  2023. 3. 13(토) 13:00 ~ 16:30 (3시 30분간)\r<br>\r<br>ㆍ해당 시간 Kakao-Pay 제한사항<br>1) Kakao-Pay 결제 - 작업시간 동안 불가\r<br>※ 상기 일정은 작업 진행 상황에 따라 변경될 수 있습니다.\r<br>\r<br>시스템 작업 관련 문의사항은 Kakao-Pay로 문의해주시길 바랍니다.\r<br>\r<br>감사합니다.Kakao-Pay 시스템 작업 안내\r<br>','2023-03-28 17:22:58.013192','2023-03-28 17:22:58.013192',' Kakao-Pay 시스템 작업 안내',1);
INSERT INTO `notice` (`notice_id`,`content`,`create_date`,`last_update_date`,`title`,`view_count`) VALUES (9,' 안녕하십니까. WaEating 입니다.','2023-03-28 17:23:10.253951','2023-03-28 17:23:10.253951','시스템 장애 복구 안내',1);
INSERT INTO `notice` (`notice_id`,`content`,`create_date`,`last_update_date`,`title`,`view_count`) VALUES (10,'당사는 2023년 3월 13일 자로 아래와 같이 개인정보 처리방침을 개정 운영할 예정이오니,\r<br>변경 사항을 확인하시어 이용에 불편 없으시길 바랍니다.\r<br>\r<br><개인정보 처리방침 개정>\r<br>\r<br>● 개정 조항: 제10조 (개인정보의 위탁처리)\r<br>\r<br>● 변경 내용 : 위탁업체 삭제\r<br>\r<br>위탁업체 : (주)얼리슬로스 / 위탁업무 내용 : 고객 설문조사 및 응답 분석\r<br>\r<br>감사합니다.\r<br>','2023-03-28 17:22:22.595408','2023-03-28 17:22:22.595408','이용약관 및 개인정보처리방침 개정 안내',1);
INSERT INTO `notice` (`notice_id`,`content`,`create_date`,`last_update_date`,`title`,`view_count`) VALUES (11,'안녕하십니까, WaEating 입니다.\r<br>\r<br>항상 저희 WaEating을 사랑해주시는 고객님들께 진심으로 감사 드립니다.\r<br>\r<br>하나카드 시스템 작업이 다음과 같이 진행될 예정이며, 해당 기간동안 Kakao-Pay 서비스 이용이 제한되오니 참고해주시기 바랍니다.\r<br>\r<br>ㆍ작업일시 :  2023. 3. 13(토) 13:00 ~ 16:30 (3시 30분간)\r<br>\r<br>ㆍ해당 시간 Kakao-Pay 제한사항<br>1) Kakao-Pay 결제 - 작업시간 동안 불가\r<br>※ 상기 일정은 작업 진행 상황에 따라 변경될 수 있습니다.\r<br>\r<br>시스템 작업 관련 문의사항은 Kakao-Pay로 문의해주시길 바랍니다.\r<br>\r<br>감사합니다.Kakao-Pay 시스템 작업 안내\r<br>','2023-03-28 17:22:58.013192','2023-03-28 17:22:58.013192',' Kakao-Pay 시스템 작업 안내',1);
INSERT INTO `notice` (`notice_id`,`content`,`create_date`,`last_update_date`,`title`,`view_count`) VALUES (12,' 안녕하십니까. WaEating 입니다.','2023-03-28 17:23:10.253951','2023-03-28 17:23:10.253951','시스템 장애 복구 안내',1);
INSERT INTO `notice` (`notice_id`,`content`,`create_date`,`last_update_date`,`title`,`view_count`) VALUES (14,'당사는 2023년 3월 13일 자로 아래와 같이 개인정보 처리방침을 개정 운영할 예정이오니,\r<br>변경 사항을 확인하시어 이용에 불편 없으시길 바랍니다.\r<br>\r<br><개인정보 처리방침 개정>\r<br>\r<br>● 개정 조항: 제10조 (개인정보의 위탁처리)\r<br>\r<br>● 변경 내용 : 위탁업체 삭제\r<br>\r<br>위탁업체 : (주)얼리슬로스 / 위탁업무 내용 : 고객 설문조사 및 응답 분석\r<br>\r<br>감사합니다.\r<br>','2023-03-28 17:22:22.595408','2023-03-28 17:22:22.595408','이용약관 및 개인정보처리방침 개정 안내',1);
INSERT INTO `notice` (`notice_id`,`content`,`create_date`,`last_update_date`,`title`,`view_count`) VALUES (15,'안녕하십니까, WaEating 입니다.\r<br>\r<br>항상 저희 WaEating을 사랑해주시는 고객님들께 진심으로 감사 드립니다.\r<br>\r<br>하나카드 시스템 작업이 다음과 같이 진행될 예정이며, 해당 기간동안 Kakao-Pay 서비스 이용이 제한되오니 참고해주시기 바랍니다.\r<br>\r<br>ㆍ작업일시 :  2023. 3. 13(토) 13:00 ~ 16:30 (3시 30분간)\r<br>\r<br>ㆍ해당 시간 Kakao-Pay 제한사항<br>1) Kakao-Pay 결제 - 작업시간 동안 불가\r<br>※ 상기 일정은 작업 진행 상황에 따라 변경될 수 있습니다.\r<br>\r<br>시스템 작업 관련 문의사항은 Kakao-Pay로 문의해주시길 바랍니다.\r<br>\r<br>감사합니다.Kakao-Pay 시스템 작업 안내\r<br>','2023-03-28 17:22:58.013192','2023-03-28 17:22:58.013192',' Kakao-Pay 시스템 작업 안내',1);
INSERT INTO `notice` (`notice_id`,`content`,`create_date`,`last_update_date`,`title`,`view_count`) VALUES (16,' 안녕하십니까. WaEating 입니다.','2023-03-28 17:23:10.253951','2023-03-28 17:23:10.253951','시스템 장애 복구 안내',1);
INSERT INTO `notice` (`notice_id`,`content`,`create_date`,`last_update_date`,`title`,`view_count`) VALUES (17,'당사는 2023년 3월 13일 자로 아래와 같이 개인정보 처리방침을 개정 운영할 예정이오니,\r<br>변경 사항을 확인하시어 이용에 불편 없으시길 바랍니다.\r<br>\r<br><개인정보 처리방침 개정>\r<br>\r<br>● 개정 조항: 제10조 (개인정보의 위탁처리)\r<br>\r<br>● 변경 내용 : 위탁업체 삭제\r<br>\r<br>위탁업체 : (주)얼리슬로스 / 위탁업무 내용 : 고객 설문조사 및 응답 분석\r<br>\r<br>감사합니다.\r<br>','2023-03-28 17:22:22.595408','2023-03-28 17:22:22.595408','이용약관 및 개인정보처리방침 개정 안내',1);
INSERT INTO `notice` (`notice_id`,`content`,`create_date`,`last_update_date`,`title`,`view_count`) VALUES (18,'안녕하십니까, WaEating 입니다.\r<br>\r<br>항상 저희 WaEating을 사랑해주시는 고객님들께 진심으로 감사 드립니다.\r<br>\r<br>하나카드 시스템 작업이 다음과 같이 진행될 예정이며, 해당 기간동안 Kakao-Pay 서비스 이용이 제한되오니 참고해주시기 바랍니다.\r<br>\r<br>ㆍ작업일시 :  2023. 3. 13(토) 13:00 ~ 16:30 (3시 30분간)\r<br>\r<br>ㆍ해당 시간 Kakao-Pay 제한사항<br>1) Kakao-Pay 결제 - 작업시간 동안 불가\r<br>※ 상기 일정은 작업 진행 상황에 따라 변경될 수 있습니다.\r<br>\r<br>시스템 작업 관련 문의사항은 Kakao-Pay로 문의해주시길 바랍니다.\r<br>\r<br>감사합니다.Kakao-Pay 시스템 작업 안내\r<br>','2023-03-28 17:22:58.013192','2023-03-28 17:22:58.013192',' Kakao-Pay 시스템 작업 안내',1);
INSERT INTO `notice` (`notice_id`,`content`,`create_date`,`last_update_date`,`title`,`view_count`) VALUES (19,' 안녕하십니까. WaEating 입니다.','2023-03-28 17:23:10.253951','2023-03-28 17:23:10.253951','시스템 장애 복구 안내',1);
INSERT INTO `notice` (`notice_id`,`content`,`create_date`,`last_update_date`,`title`,`view_count`) VALUES (20,'당사는 2023년 3월 13일 자로 아래와 같이 개인정보 처리방침을 개정 운영할 예정이오니,\r<br>변경 사항을 확인하시어 이용에 불편 없으시길 바랍니다.\r<br>\r<br><개인정보 처리방침 개정>\r<br>\r<br>● 개정 조항: 제10조 (개인정보의 위탁처리)\r<br>\r<br>● 변경 내용 : 위탁업체 삭제\r<br>\r<br>위탁업체 : (주)얼리슬로스 / 위탁업무 내용 : 고객 설문조사 및 응답 분석\r<br>\r<br>감사합니다.\r<br>','2023-03-28 17:22:22.595408','2023-03-28 17:22:22.595408','이용약관 및 개인정보처리방침 개정 안내',1);
INSERT INTO `notice` (`notice_id`,`content`,`create_date`,`last_update_date`,`title`,`view_count`) VALUES (21,'안녕하십니까, WaEating 입니다.\r<br>\r<br>항상 저희 WaEating을 사랑해주시는 고객님들께 진심으로 감사 드립니다.\r<br>\r<br>하나카드 시스템 작업이 다음과 같이 진행될 예정이며, 해당 기간동안 Kakao-Pay 서비스 이용이 제한되오니 참고해주시기 바랍니다.\r<br>\r<br>ㆍ작업일시 :  2023. 3. 13(토) 13:00 ~ 16:30 (3시 30분간)\r<br>\r<br>ㆍ해당 시간 Kakao-Pay 제한사항<br>1) Kakao-Pay 결제 - 작업시간 동안 불가\r<br>※ 상기 일정은 작업 진행 상황에 따라 변경될 수 있습니다.\r<br>\r<br>시스템 작업 관련 문의사항은 Kakao-Pay로 문의해주시길 바랍니다.\r<br>\r<br>감사합니다.Kakao-Pay 시스템 작업 안내\r<br>','2023-03-28 17:22:58.013192','2023-03-28 17:22:58.013192',' Kakao-Pay 시스템 작업 안내',1);
INSERT INTO `notice` (`notice_id`,`content`,`create_date`,`last_update_date`,`title`,`view_count`) VALUES (22,' 안녕하십니까. WaEating 입니다.','2023-03-28 17:23:10.253951','2023-03-28 17:23:10.253951','시스템 장애 복구 안내',1);
INSERT INTO `notice` (`notice_id`,`content`,`create_date`,`last_update_date`,`title`,`view_count`) VALUES (23,'당사는 2023년 3월 13일 자로 아래와 같이 개인정보 처리방침을 개정 운영할 예정이오니,\r<br>변경 사항을 확인하시어 이용에 불편 없으시길 바랍니다.\r<br>\r<br><개인정보 처리방침 개정>\r<br>\r<br>● 개정 조항: 제10조 (개인정보의 위탁처리)\r<br>\r<br>● 변경 내용 : 위탁업체 삭제\r<br>\r<br>위탁업체 : (주)얼리슬로스 / 위탁업무 내용 : 고객 설문조사 및 응답 분석\r<br>\r<br>감사합니다.\r<br>','2023-03-28 17:22:22.595408','2023-03-28 17:22:22.595408','이용약관 및 개인정보처리방침 개정 안내',1);
INSERT INTO `notice` (`notice_id`,`content`,`create_date`,`last_update_date`,`title`,`view_count`) VALUES (24,'안녕하십니까, WaEating 입니다.\r<br>\r<br>항상 저희 WaEating을 사랑해주시는 고객님들께 진심으로 감사 드립니다.\r<br>\r<br>하나카드 시스템 작업이 다음과 같이 진행될 예정이며, 해당 기간동안 Kakao-Pay 서비스 이용이 제한되오니 참고해주시기 바랍니다.\r<br>\r<br>ㆍ작업일시 :  2023. 3. 13(토) 13:00 ~ 16:30 (3시 30분간)\r<br>\r<br>ㆍ해당 시간 Kakao-Pay 제한사항<br>1) Kakao-Pay 결제 - 작업시간 동안 불가\r<br>※ 상기 일정은 작업 진행 상황에 따라 변경될 수 있습니다.\r<br>\r<br>시스템 작업 관련 문의사항은 Kakao-Pay로 문의해주시길 바랍니다.\r<br>\r<br>감사합니다.Kakao-Pay 시스템 작업 안내\r<br>','2023-03-28 17:22:58.013192','2023-03-28 17:22:58.013192',' Kakao-Pay 시스템 작업 안내',1);
INSERT INTO `notice` (`notice_id`,`content`,`create_date`,`last_update_date`,`title`,`view_count`) VALUES (25,' 안녕하십니까. WaEating 입니다.','2023-03-28 17:23:10.253951','2023-03-28 17:23:10.253951','시스템 장애 복구 안내',1);
INSERT INTO `notice` (`notice_id`,`content`,`create_date`,`last_update_date`,`title`,`view_count`) VALUES (29,'당사는 2023년 3월 13일 자로 아래와 같이 개인정보 처리방침을 개정 운영할 예정이오니,\r<br>변경 사항을 확인하시어 이용에 불편 없으시길 바랍니다.\r<br>\r<br><개인정보 처리방침 개정>\r<br>\r<br>● 개정 조항: 제10조 (개인정보의 위탁처리)\r<br>\r<br>● 변경 내용 : 위탁업체 삭제\r<br>\r<br>위탁업체 : (주)얼리슬로스 / 위탁업무 내용 : 고객 설문조사 및 응답 분석\r<br>\r<br>감사합니다.\r<br>','2023-03-28 17:22:22.595408','2023-03-28 17:22:22.595408','이용약관 및 개인정보처리방침 개정 안내',1);
INSERT INTO `notice` (`notice_id`,`content`,`create_date`,`last_update_date`,`title`,`view_count`) VALUES (30,'안녕하십니까, WaEating 입니다.\r<br>\r<br>항상 저희 WaEating을 사랑해주시는 고객님들께 진심으로 감사 드립니다.\r<br>\r<br>하나카드 시스템 작업이 다음과 같이 진행될 예정이며, 해당 기간동안 Kakao-Pay 서비스 이용이 제한되오니 참고해주시기 바랍니다.\r<br>\r<br>ㆍ작업일시 :  2023. 3. 13(토) 13:00 ~ 16:30 (3시 30분간)\r<br>\r<br>ㆍ해당 시간 Kakao-Pay 제한사항<br>1) Kakao-Pay 결제 - 작업시간 동안 불가\r<br>※ 상기 일정은 작업 진행 상황에 따라 변경될 수 있습니다.\r<br>\r<br>시스템 작업 관련 문의사항은 Kakao-Pay로 문의해주시길 바랍니다.\r<br>\r<br>감사합니다.Kakao-Pay 시스템 작업 안내\r<br>','2023-03-28 17:22:58.013192','2023-03-28 17:22:58.013192',' Kakao-Pay 시스템 작업 안내',1);
INSERT INTO `notice` (`notice_id`,`content`,`create_date`,`last_update_date`,`title`,`view_count`) VALUES (31,' 안녕하십니까. WaEating 입니다.','2023-03-28 17:23:10.253951','2023-03-28 17:23:10.253951','시스템 장애 복구 안내',1);
INSERT INTO `notice` (`notice_id`,`content`,`create_date`,`last_update_date`,`title`,`view_count`) VALUES (32,'당사는 2023년 3월 13일 자로 아래와 같이 개인정보 처리방침을 개정 운영할 예정이오니,\r<br>변경 사항을 확인하시어 이용에 불편 없으시길 바랍니다.\r<br>\r<br><개인정보 처리방침 개정>\r<br>\r<br>● 개정 조항: 제10조 (개인정보의 위탁처리)\r<br>\r<br>● 변경 내용 : 위탁업체 삭제\r<br>\r<br>위탁업체 : (주)얼리슬로스 / 위탁업무 내용 : 고객 설문조사 및 응답 분석\r<br>\r<br>감사합니다.\r<br>','2023-03-28 17:22:22.595408','2023-03-28 17:22:22.595408','이용약관 및 개인정보처리방침 개정 안내',1);
INSERT INTO `notice` (`notice_id`,`content`,`create_date`,`last_update_date`,`title`,`view_count`) VALUES (33,'안녕하십니까, WaEating 입니다.\r<br>\r<br>항상 저희 WaEating을 사랑해주시는 고객님들께 진심으로 감사 드립니다.\r<br>\r<br>하나카드 시스템 작업이 다음과 같이 진행될 예정이며, 해당 기간동안 Kakao-Pay 서비스 이용이 제한되오니 참고해주시기 바랍니다.\r<br>\r<br>ㆍ작업일시 :  2023. 3. 13(토) 13:00 ~ 16:30 (3시 30분간)\r<br>\r<br>ㆍ해당 시간 Kakao-Pay 제한사항<br>1) Kakao-Pay 결제 - 작업시간 동안 불가\r<br>※ 상기 일정은 작업 진행 상황에 따라 변경될 수 있습니다.\r<br>\r<br>시스템 작업 관련 문의사항은 Kakao-Pay로 문의해주시길 바랍니다.\r<br>\r<br>감사합니다.Kakao-Pay 시스템 작업 안내\r<br>','2023-03-28 17:22:58.013192','2023-03-28 17:22:58.013192',' Kakao-Pay 시스템 작업 안내',1);
INSERT INTO `notice` (`notice_id`,`content`,`create_date`,`last_update_date`,`title`,`view_count`) VALUES (34,' 안녕하십니까. WaEating 입니다.','2023-03-28 17:23:10.253951','2023-03-28 17:23:10.253951','시스템 장애 복구 안내',1);
INSERT INTO `notice` (`notice_id`,`content`,`create_date`,`last_update_date`,`title`,`view_count`) VALUES (35,'당사는 2023년 3월 13일 자로 아래와 같이 개인정보 처리방침을 개정 운영할 예정이오니,\r<br>변경 사항을 확인하시어 이용에 불편 없으시길 바랍니다.\r<br>\r<br><개인정보 처리방침 개정>\r<br>\r<br>● 개정 조항: 제10조 (개인정보의 위탁처리)\r<br>\r<br>● 변경 내용 : 위탁업체 삭제\r<br>\r<br>위탁업체 : (주)얼리슬로스 / 위탁업무 내용 : 고객 설문조사 및 응답 분석\r<br>\r<br>감사합니다.\r<br>','2023-03-28 17:22:22.595408','2023-03-28 17:22:22.595408','이용약관 및 개인정보처리방침 개정 안내',1);
INSERT INTO `notice` (`notice_id`,`content`,`create_date`,`last_update_date`,`title`,`view_count`) VALUES (36,'안녕하십니까, WaEating 입니다.\r<br>\r<br>항상 저희 WaEating을 사랑해주시는 고객님들께 진심으로 감사 드립니다.\r<br>\r<br>하나카드 시스템 작업이 다음과 같이 진행될 예정이며, 해당 기간동안 Kakao-Pay 서비스 이용이 제한되오니 참고해주시기 바랍니다.\r<br>\r<br>ㆍ작업일시 :  2023. 3. 13(토) 13:00 ~ 16:30 (3시 30분간)\r<br>\r<br>ㆍ해당 시간 Kakao-Pay 제한사항<br>1) Kakao-Pay 결제 - 작업시간 동안 불가\r<br>※ 상기 일정은 작업 진행 상황에 따라 변경될 수 있습니다.\r<br>\r<br>시스템 작업 관련 문의사항은 Kakao-Pay로 문의해주시길 바랍니다.\r<br>\r<br>감사합니다.Kakao-Pay 시스템 작업 안내\r<br>','2023-03-28 17:22:58.013192','2023-03-28 17:22:58.013192',' Kakao-Pay 시스템 작업 안내',1);
INSERT INTO `notice` (`notice_id`,`content`,`create_date`,`last_update_date`,`title`,`view_count`) VALUES (37,' 안녕하십니까. WaEating 입니다.','2023-03-28 17:23:10.253951','2023-03-28 17:23:10.253951','시스템 장애 복구 안내',1);
INSERT INTO `notice` (`notice_id`,`content`,`create_date`,`last_update_date`,`title`,`view_count`) VALUES (38,'당사는 2023년 3월 13일 자로 아래와 같이 개인정보 처리방침을 개정 운영할 예정이오니,\r<br>변경 사항을 확인하시어 이용에 불편 없으시길 바랍니다.\r<br>\r<br><개인정보 처리방침 개정>\r<br>\r<br>● 개정 조항: 제10조 (개인정보의 위탁처리)\r<br>\r<br>● 변경 내용 : 위탁업체 삭제\r<br>\r<br>위탁업체 : (주)얼리슬로스 / 위탁업무 내용 : 고객 설문조사 및 응답 분석\r<br>\r<br>감사합니다.\r<br>','2023-03-28 17:22:22.595408','2023-03-28 17:22:22.595408','이용약관 및 개인정보처리방침 개정 안내',1);
INSERT INTO `notice` (`notice_id`,`content`,`create_date`,`last_update_date`,`title`,`view_count`) VALUES (39,'안녕하십니까, WaEating 입니다.\r<br>\r<br>항상 저희 WaEating을 사랑해주시는 고객님들께 진심으로 감사 드립니다.\r<br>\r<br>하나카드 시스템 작업이 다음과 같이 진행될 예정이며, 해당 기간동안 Kakao-Pay 서비스 이용이 제한되오니 참고해주시기 바랍니다.\r<br>\r<br>ㆍ작업일시 :  2023. 3. 13(토) 13:00 ~ 16:30 (3시 30분간)\r<br>\r<br>ㆍ해당 시간 Kakao-Pay 제한사항<br>1) Kakao-Pay 결제 - 작업시간 동안 불가\r<br>※ 상기 일정은 작업 진행 상황에 따라 변경될 수 있습니다.\r<br>\r<br>시스템 작업 관련 문의사항은 Kakao-Pay로 문의해주시길 바랍니다.\r<br>\r<br>감사합니다.Kakao-Pay 시스템 작업 안내\r<br>','2023-03-28 17:22:58.013192','2023-03-28 17:22:58.013192',' Kakao-Pay 시스템 작업 안내',1);
INSERT INTO `notice` (`notice_id`,`content`,`create_date`,`last_update_date`,`title`,`view_count`) VALUES (40,' 안녕하십니까. WaEating 입니다.','2023-03-28 17:23:10.253951','2023-03-28 17:23:10.253951','시스템 장애 복구 안내',1);
INSERT INTO `notice` (`notice_id`,`content`,`create_date`,`last_update_date`,`title`,`view_count`) VALUES (41,'당사는 2023년 3월 13일 자로 아래와 같이 개인정보 처리방침을 개정 운영할 예정이오니,\r<br>변경 사항을 확인하시어 이용에 불편 없으시길 바랍니다.\r<br>\r<br><개인정보 처리방침 개정>\r<br>\r<br>● 개정 조항: 제10조 (개인정보의 위탁처리)\r<br>\r<br>● 변경 내용 : 위탁업체 삭제\r<br>\r<br>위탁업체 : (주)얼리슬로스 / 위탁업무 내용 : 고객 설문조사 및 응답 분석\r<br>\r<br>감사합니다.\r<br>','2023-03-28 17:22:22.595408','2023-03-28 17:22:22.595408','이용약관 및 개인정보처리방침 개정 안내',1);
INSERT INTO `notice` (`notice_id`,`content`,`create_date`,`last_update_date`,`title`,`view_count`) VALUES (42,'안녕하십니까, WaEating 입니다.\r<br>\r<br>항상 저희 WaEating을 사랑해주시는 고객님들께 진심으로 감사 드립니다.\r<br>\r<br>하나카드 시스템 작업이 다음과 같이 진행될 예정이며, 해당 기간동안 Kakao-Pay 서비스 이용이 제한되오니 참고해주시기 바랍니다.\r<br>\r<br>ㆍ작업일시 :  2023. 3. 13(토) 13:00 ~ 16:30 (3시 30분간)\r<br>\r<br>ㆍ해당 시간 Kakao-Pay 제한사항<br>1) Kakao-Pay 결제 - 작업시간 동안 불가\r<br>※ 상기 일정은 작업 진행 상황에 따라 변경될 수 있습니다.\r<br>\r<br>시스템 작업 관련 문의사항은 Kakao-Pay로 문의해주시길 바랍니다.\r<br>\r<br>감사합니다.Kakao-Pay 시스템 작업 안내\r<br>','2023-03-28 17:22:58.013192','2023-03-28 17:22:58.013192',' Kakao-Pay 시스템 작업 안내',1);
INSERT INTO `notice` (`notice_id`,`content`,`create_date`,`last_update_date`,`title`,`view_count`) VALUES (43,' 안녕하십니까. WaEating 입니다.','2023-03-28 17:23:10.253951','2023-03-28 17:23:10.253951','시스템 장애 복구 안내',1);
INSERT INTO `notice` (`notice_id`,`content`,`create_date`,`last_update_date`,`title`,`view_count`) VALUES (44,'당사는 2023년 3월 13일 자로 아래와 같이 개인정보 처리방침을 개정 운영할 예정이오니,\r<br>변경 사항을 확인하시어 이용에 불편 없으시길 바랍니다.\r<br>\r<br><개인정보 처리방침 개정>\r<br>\r<br>● 개정 조항: 제10조 (개인정보의 위탁처리)\r<br>\r<br>● 변경 내용 : 위탁업체 삭제\r<br>\r<br>위탁업체 : (주)얼리슬로스 / 위탁업무 내용 : 고객 설문조사 및 응답 분석\r<br>\r<br>감사합니다.\r<br>','2023-03-28 17:22:22.595408','2023-03-28 17:22:22.595408','이용약관 및 개인정보처리방침 개정 안내',1);
INSERT INTO `notice` (`notice_id`,`content`,`create_date`,`last_update_date`,`title`,`view_count`) VALUES (45,'안녕하십니까, WaEating 입니다.\r<br>\r<br>항상 저희 WaEating을 사랑해주시는 고객님들께 진심으로 감사 드립니다.\r<br>\r<br>하나카드 시스템 작업이 다음과 같이 진행될 예정이며, 해당 기간동안 Kakao-Pay 서비스 이용이 제한되오니 참고해주시기 바랍니다.\r<br>\r<br>ㆍ작업일시 :  2023. 3. 13(토) 13:00 ~ 16:30 (3시 30분간)\r<br>\r<br>ㆍ해당 시간 Kakao-Pay 제한사항<br>1) Kakao-Pay 결제 - 작업시간 동안 불가\r<br>※ 상기 일정은 작업 진행 상황에 따라 변경될 수 있습니다.\r<br>\r<br>시스템 작업 관련 문의사항은 Kakao-Pay로 문의해주시길 바랍니다.\r<br>\r<br>감사합니다.Kakao-Pay 시스템 작업 안내\r<br>','2023-03-28 17:22:58.013192','2023-03-28 17:22:58.013192',' Kakao-Pay 시스템 작업 안내',1);
INSERT INTO `notice` (`notice_id`,`content`,`create_date`,`last_update_date`,`title`,`view_count`) VALUES (46,' 안녕하십니까. WaEating 입니다.','2023-03-28 17:23:10.253951','2023-03-28 17:23:10.253951','시스템 장애 복구 안내',1);
INSERT INTO `notice` (`notice_id`,`content`,`create_date`,`last_update_date`,`title`,`view_count`) VALUES (47,'당사는 2023년 3월 13일 자로 아래와 같이 개인정보 처리방침을 개정 운영할 예정이오니,\r<br>변경 사항을 확인하시어 이용에 불편 없으시길 바랍니다.\r<br>\r<br><개인정보 처리방침 개정>\r<br>\r<br>● 개정 조항: 제10조 (개인정보의 위탁처리)\r<br>\r<br>● 변경 내용 : 위탁업체 삭제\r<br>\r<br>위탁업체 : (주)얼리슬로스 / 위탁업무 내용 : 고객 설문조사 및 응답 분석\r<br>\r<br>감사합니다.\r<br>','2023-03-28 17:22:22.595408','2023-03-28 17:22:22.595408','이용약관 및 개인정보처리방침 개정 안내',1);
INSERT INTO `notice` (`notice_id`,`content`,`create_date`,`last_update_date`,`title`,`view_count`) VALUES (48,'안녕하십니까, WaEating 입니다.\r<br>\r<br>항상 저희 WaEating을 사랑해주시는 고객님들께 진심으로 감사 드립니다.\r<br>\r<br>하나카드 시스템 작업이 다음과 같이 진행될 예정이며, 해당 기간동안 Kakao-Pay 서비스 이용이 제한되오니 참고해주시기 바랍니다.\r<br>\r<br>ㆍ작업일시 :  2023. 3. 13(토) 13:00 ~ 16:30 (3시 30분간)\r<br>\r<br>ㆍ해당 시간 Kakao-Pay 제한사항<br>1) Kakao-Pay 결제 - 작업시간 동안 불가\r<br>※ 상기 일정은 작업 진행 상황에 따라 변경될 수 있습니다.\r<br>\r<br>시스템 작업 관련 문의사항은 Kakao-Pay로 문의해주시길 바랍니다.\r<br>\r<br>감사합니다.Kakao-Pay 시스템 작업 안내\r<br>','2023-03-28 17:22:58.013192','2023-03-28 17:22:58.013192',' Kakao-Pay 시스템 작업 안내',1);
INSERT INTO `notice` (`notice_id`,`content`,`create_date`,`last_update_date`,`title`,`view_count`) VALUES (49,' 안녕하십니까. WaEating 입니다.','2023-03-28 17:23:10.253951','2023-03-28 17:23:10.253951','시스템 장애 복구 안내',1);
INSERT INTO `notice` (`notice_id`,`content`,`create_date`,`last_update_date`,`title`,`view_count`) VALUES (50,'당사는 2023년 3월 13일 자로 아래와 같이 개인정보 처리방침을 개정 운영할 예정이오니,\r<br>변경 사항을 확인하시어 이용에 불편 없으시길 바랍니다.\r<br>\r<br><개인정보 처리방침 개정>\r<br>\r<br>● 개정 조항: 제10조 (개인정보의 위탁처리)\r<br>\r<br>● 변경 내용 : 위탁업체 삭제\r<br>\r<br>위탁업체 : (주)얼리슬로스 / 위탁업무 내용 : 고객 설문조사 및 응답 분석\r<br>\r<br>감사합니다.\r<br>','2023-03-28 17:22:22.595408','2023-03-28 17:22:22.595408','이용약관 및 개인정보처리방침 개정 안내',1);
INSERT INTO `notice` (`notice_id`,`content`,`create_date`,`last_update_date`,`title`,`view_count`) VALUES (51,'안녕하십니까, WaEating 입니다.\r<br>\r<br>항상 저희 WaEating을 사랑해주시는 고객님들께 진심으로 감사 드립니다.\r<br>\r<br>하나카드 시스템 작업이 다음과 같이 진행될 예정이며, 해당 기간동안 Kakao-Pay 서비스 이용이 제한되오니 참고해주시기 바랍니다.\r<br>\r<br>ㆍ작업일시 :  2023. 3. 13(토) 13:00 ~ 16:30 (3시 30분간)\r<br>\r<br>ㆍ해당 시간 Kakao-Pay 제한사항<br>1) Kakao-Pay 결제 - 작업시간 동안 불가\r<br>※ 상기 일정은 작업 진행 상황에 따라 변경될 수 있습니다.\r<br>\r<br>시스템 작업 관련 문의사항은 Kakao-Pay로 문의해주시길 바랍니다.\r<br>\r<br>감사합니다.Kakao-Pay 시스템 작업 안내\r<br>','2023-03-28 17:22:58.013192','2023-03-28 17:22:58.013192',' Kakao-Pay 시스템 작업 안내',1);
INSERT INTO `notice` (`notice_id`,`content`,`create_date`,`last_update_date`,`title`,`view_count`) VALUES (52,' 안녕하십니까. WaEating 입니다.','2023-03-28 17:23:10.253951','2023-03-28 17:23:10.253951','시스템 장애 복구 안내',1);

/*
-- Query: SELECT * FROM waeating.restaurant
LIMIT 0, 1000

-- Date: 2023-03-30 00:57
*/
INSERT INTO `restaurant` (`restaurant_id`,`close_time`,`open_time`,`img`,`max_table`,`name`,`phone`,`price_range`,`res_intro`,`price_score`,`service_score`,`taste_score`,`total_score`,`specific_area`,`x`,`y`,`dong`,`gun`,`si`) VALUES (1,'21:00:00','11:00:00','1.jpg',30,'라밥','02-2272-5959','만원대','',3.76,3.43,3.57,3.59,'116',37.5700449,126.9903652,19,4,1);
INSERT INTO `restaurant` (`restaurant_id`,`close_time`,`open_time`,`img`,`max_table`,`name`,`phone`,`price_range`,`res_intro`,`price_score`,`service_score`,`taste_score`,`total_score`,`specific_area`,`x`,`y`,`dong`,`gun`,`si`) VALUES (2,'22:00:00','11:00:00','2.jpg',30,'대륙','0507-1306-8411','만원대','',4.5,4.75,4.75,4.67,'125',1,1,19,4,1);
INSERT INTO `restaurant` (`restaurant_id`,`close_time`,`open_time`,`img`,`max_table`,`name`,`phone`,`price_range`,`res_intro`,`price_score`,`service_score`,`taste_score`,`total_score`,`specific_area`,`x`,`y`,`dong`,`gun`,`si`) VALUES (3,'22:00:00','11:00:00','3.jpg',30,'할매순대국','02-745-9298','만원대','',4,4,4.2,4.07,'6',1,1,19,4,1);
INSERT INTO `restaurant` (`restaurant_id`,`close_time`,`open_time`,`img`,`max_table`,`name`,`phone`,`price_range`,`res_intro`,`price_score`,`service_score`,`taste_score`,`total_score`,`specific_area`,`x`,`y`,`dong`,`gun`,`si`) VALUES (4,'21:00:00','11:30:00','4.jpg',30,'스시소라','02-733-8400','만원대','',0,0,0,0,'19',1,1,17,4,1);
INSERT INTO `restaurant` (`restaurant_id`,`close_time`,`open_time`,`img`,`max_table`,`name`,`phone`,`price_range`,`res_intro`,`price_score`,`service_score`,`taste_score`,`total_score`,`specific_area`,`x`,`y`,`dong`,`gun`,`si`) VALUES (5,'15:30:00','11:00:00','5.jpg',40,'후니도리','02-722-5402','만원대','',0,0,0,0,'19',1,1,17,4,1);
INSERT INTO `restaurant` (`restaurant_id`,`close_time`,`open_time`,`img`,`max_table`,`name`,`phone`,`price_range`,`res_intro`,`price_score`,`service_score`,`taste_score`,`total_score`,`specific_area`,`x`,`y`,`dong`,`gun`,`si`) VALUES (6,'11:30:00','22:00:00','6.jpg',35,'더미','02-2075-6611','만원대','',0,0,0,0,'19',1,1,17,4,1);
INSERT INTO `restaurant` (`restaurant_id`,`close_time`,`open_time`,`img`,`max_table`,`name`,`phone`,`price_range`,`res_intro`,`price_score`,`service_score`,`taste_score`,`total_score`,`specific_area`,`x`,`y`,`dong`,`gun`,`si`) VALUES (7,'02:30:00','17:00:00','7.jpg',30,'코다차야','02-793-5000','만원대','',0,0,0,0,'68',1,1,18,4,1);
INSERT INTO `restaurant` (`restaurant_id`,`close_time`,`open_time`,`img`,`max_table`,`name`,`phone`,`price_range`,`res_intro`,`price_score`,`service_score`,`taste_score`,`total_score`,`specific_area`,`x`,`y`,`dong`,`gun`,`si`) VALUES (8,'22:00:00','11:30:00','8.jpg',30,'시타마치텐동아키미츠','02-720-0770','만원대','',0,0,0,0,'51',1,1,18,4,1);
INSERT INTO `restaurant` (`restaurant_id`,`close_time`,`open_time`,`img`,`max_table`,`name`,`phone`,`price_range`,`res_intro`,`price_score`,`service_score`,`taste_score`,`total_score`,`specific_area`,`x`,`y`,`dong`,`gun`,`si`) VALUES (9,'21:30:00','11:00:00','9.jpg',30,'바비레드 종로','02-736-1517','만원대','',0,0,0,0,'51',1,1,18,4,1);
INSERT INTO `restaurant` (`restaurant_id`,`close_time`,`open_time`,`img`,`max_table`,`name`,`phone`,`price_range`,`res_intro`,`price_score`,`service_score`,`taste_score`,`total_score`,`specific_area`,`x`,`y`,`dong`,`gun`,`si`) VALUES (10,'22:00:00','10:00:00','10.jpg',40,'부촌육회','02-736-1831','만원대','',0,0,0,0,'200',1,1,20,4,1);
INSERT INTO `restaurant` (`restaurant_id`,`close_time`,`open_time`,`img`,`max_table`,`name`,`phone`,`price_range`,`res_intro`,`price_score`,`service_score`,`taste_score`,`total_score`,`specific_area`,`x`,`y`,`dong`,`gun`,`si`) VALUES (11,'23:00:00','09:00:00','11.jpg',20,'창신육회','02-2266-6727','만원대','',0,0,0,0,'198',1,1,20,4,1);
INSERT INTO `restaurant` (`restaurant_id`,`close_time`,`open_time`,`img`,`max_table`,`name`,`phone`,`price_range`,`res_intro`,`price_score`,`service_score`,`taste_score`,`total_score`,`specific_area`,`x`,`y`,`dong`,`gun`,`si`) VALUES (12,'22:50:00','09:00:00','12.jpg',25,'형제육회','02-2274-6509','만원대','',0,0,0,0,'200-1',1,1,20,4,1);
INSERT INTO `restaurant` (`restaurant_id`,`close_time`,`open_time`,`img`,`max_table`,`name`,`phone`,`price_range`,`res_intro`,`price_score`,`service_score`,`taste_score`,`total_score`,`specific_area`,`x`,`y`,`dong`,`gun`,`si`) VALUES (13,'21:00:00','09:00:00','13.jpg',20,'순희네빈대떡','02-2264-5057','만원대','',0,0,0,0,'138-9',1,1,21,4,1);
INSERT INTO `restaurant` (`restaurant_id`,`close_time`,`open_time`,`img`,`max_table`,`name`,`phone`,`price_range`,`res_intro`,`price_score`,`service_score`,`taste_score`,`total_score`,`specific_area`,`x`,`y`,`dong`,`gun`,`si`) VALUES (14,'23:00:00','10:00:00','14.jpg',25,'명동닭한마리','02-2275-3125','만원대','',0,0,0,0,'280-4',1,1,21,4,1);
INSERT INTO `restaurant` (`restaurant_id`,`close_time`,`open_time`,`img`,`max_table`,`name`,`phone`,`price_range`,`res_intro`,`price_score`,`service_score`,`taste_score`,`total_score`,`specific_area`,`x`,`y`,`dong`,`gun`,`si`) VALUES (15,'21:30:00','10:30:00','15.jpg',30,'일오팔닭국수','02-2266-1589','만원대','',0,0,0,0,'138-2',1,1,21,4,1);
INSERT INTO `restaurant` (`restaurant_id`,`close_time`,`open_time`,`img`,`max_table`,`name`,`phone`,`price_range`,`res_intro`,`price_score`,`service_score`,`taste_score`,`total_score`,`specific_area`,`x`,`y`,`dong`,`gun`,`si`) VALUES (16,'21:30:00','10:30:00','16.jpg',30,'다다우동','02-2266-1589','만원대',' ',0,0,0,0,'7-1',1,1,44,42,32);
INSERT INTO `restaurant` (`restaurant_id`,`close_time`,`open_time`,`img`,`max_table`,`name`,`phone`,`price_range`,`res_intro`,`price_score`,`service_score`,`taste_score`,`total_score`,`specific_area`,`x`,`y`,`dong`,`gun`,`si`) VALUES (17,'21:30:00','10:30:00','17.jpg',20,'고관해물탕','02-2266-1589','만원대',' ',0,0,0,0,'38',1,1,45,43,32);
INSERT INTO `restaurant` (`restaurant_id`,`close_time`,`open_time`,`img`,`max_table`,`name`,`phone`,`price_range`,`res_intro`,`price_score`,`service_score`,`taste_score`,`total_score`,`specific_area`,`x`,`y`,`dong`,`gun`,`si`) VALUES (18,'21:30:00','10:30:00','18.jpg',20,'달과6펜스','02-2266-1589','만원대',' ',0,0,0,0,'7-2',1,1,46,43,32);
INSERT INTO `restaurant` (`restaurant_id`,`close_time`,`open_time`,`img`,`max_table`,`name`,`phone`,`price_range`,`res_intro`,`price_score`,`service_score`,`taste_score`,`total_score`,`specific_area`,`x`,`y`,`dong`,`gun`,`si`) VALUES (19,'21:30:00','10:30:00','19.jpg',30,'루반도르','02-2266-1589','만원대',' ',0,0,0,0,'375-1',1,1,45,43,32);
INSERT INTO `restaurant` (`restaurant_id`,`close_time`,`open_time`,`img`,`max_table`,`name`,`phone`,`price_range`,`res_intro`,`price_score`,`service_score`,`taste_score`,`total_score`,`specific_area`,`x`,`y`,`dong`,`gun`,`si`) VALUES (20,'23:59:00','11:00:00','20.jpg',30,'스케줄청담','02-548-0236','삼만원대','',0,0,0,0,'157길 37 1층',1,1,11,2,1);
INSERT INTO `restaurant` (`restaurant_id`,`close_time`,`open_time`,`img`,`max_table`,`name`,`phone`,`price_range`,`res_intro`,`price_score`,`service_score`,`taste_score`,`total_score`,`specific_area`,`x`,`y`,`dong`,`gun`,`si`) VALUES (21,'23:59:59','00:00:00','21.jpg',30,'24시뼈다귀감자탕','02-790-8309','삼만원대','',3,3,3,3,'73 1층',1,1,28,6,1);
INSERT INTO `restaurant` (`restaurant_id`,`close_time`,`open_time`,`img`,`max_table`,`name`,`phone`,`price_range`,`res_intro`,`price_score`,`service_score`,`taste_score`,`total_score`,`specific_area`,`x`,`y`,`dong`,`gun`,`si`) VALUES (22,'22:00:00','11:30:00','22.jpg',30,'벽돌해푸드한남점','02-797-8586','이만원대','',3,3,3,3,'228 지하 1층',1,1,28,6,1);
INSERT INTO `restaurant` (`restaurant_id`,`close_time`,`open_time`,`img`,`max_table`,`name`,`phone`,`price_range`,`res_intro`,`price_score`,`service_score`,`taste_score`,`total_score`,`specific_area`,`x`,`y`,`dong`,`gun`,`si`) VALUES (23,'23:59:59','00:00:00','23.jpg',30,'멘야산다이메 이태원점','02-790-4129','만원대','',0,0,0,0,'208 2층',1,1,28,6,1);
INSERT INTO `restaurant` (`restaurant_id`,`close_time`,`open_time`,`img`,`max_table`,`name`,`phone`,`price_range`,`res_intro`,`price_score`,`service_score`,`taste_score`,`total_score`,`specific_area`,`x`,`y`,`dong`,`gun`,`si`) VALUES (24,'20:30:00','11:30:00','24.jpg',30,'빠레뜨한남','070-8873-5433','만원대',NULL,0,0,0,0,'54길 16-7 101호',1,1,28,6,1);

/*
-- Query: SELECT * FROM waeating.restaurant_default_time
LIMIT 0, 1000

-- Date: 2023-03-29 21:55
*/
INSERT INTO `restaurant_default_time` (`restaurant_default_time_id`,`enabled`,`time`,`restaurant_id`) VALUES (1,1,'10:00:00',1);
INSERT INTO `restaurant_default_time` (`restaurant_default_time_id`,`enabled`,`time`,`restaurant_id`) VALUES (2,1,'11:00:00',1);
INSERT INTO `restaurant_default_time` (`restaurant_default_time_id`,`enabled`,`time`,`restaurant_id`) VALUES (3,1,'12:00:00',1);
INSERT INTO `restaurant_default_time` (`restaurant_default_time_id`,`enabled`,`time`,`restaurant_id`) VALUES (4,1,'13:00:00',1);
INSERT INTO `restaurant_default_time` (`restaurant_default_time_id`,`enabled`,`time`,`restaurant_id`) VALUES (5,1,'14:00:00',1);
INSERT INTO `restaurant_default_time` (`restaurant_default_time_id`,`enabled`,`time`,`restaurant_id`) VALUES (6,1,'15:00:00',1);
INSERT INTO `restaurant_default_time` (`restaurant_default_time_id`,`enabled`,`time`,`restaurant_id`) VALUES (7,1,'16:00:00',1);
INSERT INTO `restaurant_default_time` (`restaurant_default_time_id`,`enabled`,`time`,`restaurant_id`) VALUES (8,1,'17:00:00',1);
INSERT INTO `restaurant_default_time` (`restaurant_default_time_id`,`enabled`,`time`,`restaurant_id`) VALUES (9,1,'18:00:00',1);
INSERT INTO `restaurant_default_time` (`restaurant_default_time_id`,`enabled`,`time`,`restaurant_id`) VALUES (10,1,'19:00:00',1);
INSERT INTO `restaurant_default_time` (`restaurant_default_time_id`,`enabled`,`time`,`restaurant_id`) VALUES (11,1,'20:00:00',1);
INSERT INTO `restaurant_default_time` (`restaurant_default_time_id`,`enabled`,`time`,`restaurant_id`) VALUES (12,1,'21:00:00',1);
INSERT INTO `restaurant_default_time` (`restaurant_default_time_id`,`enabled`,`time`,`restaurant_id`) VALUES (13,1,'10:00:00',2);
INSERT INTO `restaurant_default_time` (`restaurant_default_time_id`,`enabled`,`time`,`restaurant_id`) VALUES (14,1,'11:00:00',2);
INSERT INTO `restaurant_default_time` (`restaurant_default_time_id`,`enabled`,`time`,`restaurant_id`) VALUES (15,1,'12:00:00',2);
INSERT INTO `restaurant_default_time` (`restaurant_default_time_id`,`enabled`,`time`,`restaurant_id`) VALUES (16,1,'13:00:00',2);
INSERT INTO `restaurant_default_time` (`restaurant_default_time_id`,`enabled`,`time`,`restaurant_id`) VALUES (17,1,'14:00:00',2);
INSERT INTO `restaurant_default_time` (`restaurant_default_time_id`,`enabled`,`time`,`restaurant_id`) VALUES (18,1,'15:00:00',2);
INSERT INTO `restaurant_default_time` (`restaurant_default_time_id`,`enabled`,`time`,`restaurant_id`) VALUES (19,1,'16:00:00',2);
INSERT INTO `restaurant_default_time` (`restaurant_default_time_id`,`enabled`,`time`,`restaurant_id`) VALUES (20,1,'17:00:00',2);
INSERT INTO `restaurant_default_time` (`restaurant_default_time_id`,`enabled`,`time`,`restaurant_id`) VALUES (21,1,'18:00:00',2);
INSERT INTO `restaurant_default_time` (`restaurant_default_time_id`,`enabled`,`time`,`restaurant_id`) VALUES (22,1,'19:00:00',2);
INSERT INTO `restaurant_default_time` (`restaurant_default_time_id`,`enabled`,`time`,`restaurant_id`) VALUES (23,1,'20:00:00',2);
INSERT INTO `restaurant_default_time` (`restaurant_default_time_id`,`enabled`,`time`,`restaurant_id`) VALUES (24,1,'21:00:00',2);
INSERT INTO `restaurant_default_time` (`restaurant_default_time_id`,`enabled`,`time`,`restaurant_id`) VALUES (25,1,'10:00:00',3);
INSERT INTO `restaurant_default_time` (`restaurant_default_time_id`,`enabled`,`time`,`restaurant_id`) VALUES (26,1,'11:00:00',3);
INSERT INTO `restaurant_default_time` (`restaurant_default_time_id`,`enabled`,`time`,`restaurant_id`) VALUES (27,1,'12:00:00',3);
INSERT INTO `restaurant_default_time` (`restaurant_default_time_id`,`enabled`,`time`,`restaurant_id`) VALUES (28,1,'13:00:00',3);
INSERT INTO `restaurant_default_time` (`restaurant_default_time_id`,`enabled`,`time`,`restaurant_id`) VALUES (29,1,'14:00:00',3);
INSERT INTO `restaurant_default_time` (`restaurant_default_time_id`,`enabled`,`time`,`restaurant_id`) VALUES (30,1,'15:00:00',3);
INSERT INTO `restaurant_default_time` (`restaurant_default_time_id`,`enabled`,`time`,`restaurant_id`) VALUES (31,1,'16:00:00',3);
INSERT INTO `restaurant_default_time` (`restaurant_default_time_id`,`enabled`,`time`,`restaurant_id`) VALUES (32,1,'17:00:00',3);
INSERT INTO `restaurant_default_time` (`restaurant_default_time_id`,`enabled`,`time`,`restaurant_id`) VALUES (33,1,'18:00:00',3);
INSERT INTO `restaurant_default_time` (`restaurant_default_time_id`,`enabled`,`time`,`restaurant_id`) VALUES (34,1,'19:00:00',3);
INSERT INTO `restaurant_default_time` (`restaurant_default_time_id`,`enabled`,`time`,`restaurant_id`) VALUES (35,1,'20:00:00',3);
INSERT INTO `restaurant_default_time` (`restaurant_default_time_id`,`enabled`,`time`,`restaurant_id`) VALUES (36,1,'21:00:00',3);
INSERT INTO `restaurant_default_time` (`restaurant_default_time_id`,`enabled`,`time`,`restaurant_id`) VALUES (37,1,'10:00:00',4);
INSERT INTO `restaurant_default_time` (`restaurant_default_time_id`,`enabled`,`time`,`restaurant_id`) VALUES (38,1,'11:00:00',4);
INSERT INTO `restaurant_default_time` (`restaurant_default_time_id`,`enabled`,`time`,`restaurant_id`) VALUES (39,1,'12:00:00',4);
INSERT INTO `restaurant_default_time` (`restaurant_default_time_id`,`enabled`,`time`,`restaurant_id`) VALUES (40,1,'13:00:00',4);
INSERT INTO `restaurant_default_time` (`restaurant_default_time_id`,`enabled`,`time`,`restaurant_id`) VALUES (41,1,'14:00:00',4);
INSERT INTO `restaurant_default_time` (`restaurant_default_time_id`,`enabled`,`time`,`restaurant_id`) VALUES (42,1,'15:00:00',4);
INSERT INTO `restaurant_default_time` (`restaurant_default_time_id`,`enabled`,`time`,`restaurant_id`) VALUES (43,1,'16:00:00',4);
INSERT INTO `restaurant_default_time` (`restaurant_default_time_id`,`enabled`,`time`,`restaurant_id`) VALUES (44,1,'17:00:00',4);
INSERT INTO `restaurant_default_time` (`restaurant_default_time_id`,`enabled`,`time`,`restaurant_id`) VALUES (45,1,'18:00:00',4);
INSERT INTO `restaurant_default_time` (`restaurant_default_time_id`,`enabled`,`time`,`restaurant_id`) VALUES (46,1,'19:00:00',4);
INSERT INTO `restaurant_default_time` (`restaurant_default_time_id`,`enabled`,`time`,`restaurant_id`) VALUES (47,1,'20:00:00',4);
INSERT INTO `restaurant_default_time` (`restaurant_default_time_id`,`enabled`,`time`,`restaurant_id`) VALUES (48,1,'21:00:00',4);
INSERT INTO `restaurant_default_time` (`restaurant_default_time_id`,`enabled`,`time`,`restaurant_id`) VALUES (49,0,'23:59:59',1);
INSERT INTO `restaurant_default_time` (`restaurant_default_time_id`,`enabled`,`time`,`restaurant_id`) VALUES (50,1,'11:00:00',20);
INSERT INTO `restaurant_default_time` (`restaurant_default_time_id`,`enabled`,`time`,`restaurant_id`) VALUES (51,1,'12:00:00',20);
INSERT INTO `restaurant_default_time` (`restaurant_default_time_id`,`enabled`,`time`,`restaurant_id`) VALUES (52,1,'13:00:00',20);
INSERT INTO `restaurant_default_time` (`restaurant_default_time_id`,`enabled`,`time`,`restaurant_id`) VALUES (53,1,'14:00:00',20);
INSERT INTO `restaurant_default_time` (`restaurant_default_time_id`,`enabled`,`time`,`restaurant_id`) VALUES (54,1,'15:00:00',20);
INSERT INTO `restaurant_default_time` (`restaurant_default_time_id`,`enabled`,`time`,`restaurant_id`) VALUES (55,1,'16:00:00',20);
INSERT INTO `restaurant_default_time` (`restaurant_default_time_id`,`enabled`,`time`,`restaurant_id`) VALUES (56,1,'17:00:00',20);
INSERT INTO `restaurant_default_time` (`restaurant_default_time_id`,`enabled`,`time`,`restaurant_id`) VALUES (57,1,'18:00:00',20);
INSERT INTO `restaurant_default_time` (`restaurant_default_time_id`,`enabled`,`time`,`restaurant_id`) VALUES (58,1,'19:00:00',20);
INSERT INTO `restaurant_default_time` (`restaurant_default_time_id`,`enabled`,`time`,`restaurant_id`) VALUES (59,1,'20:00:00',20);
INSERT INTO `restaurant_default_time` (`restaurant_default_time_id`,`enabled`,`time`,`restaurant_id`) VALUES (60,1,'21:00:00',20);
INSERT INTO `restaurant_default_time` (`restaurant_default_time_id`,`enabled`,`time`,`restaurant_id`) VALUES (61,1,'22:00:00',20);
INSERT INTO `restaurant_default_time` (`restaurant_default_time_id`,`enabled`,`time`,`restaurant_id`) VALUES (62,1,'23:00:00',20);
INSERT INTO `restaurant_default_time` (`restaurant_default_time_id`,`enabled`,`time`,`restaurant_id`) VALUES (63,1,'00:00:00',21);
INSERT INTO `restaurant_default_time` (`restaurant_default_time_id`,`enabled`,`time`,`restaurant_id`) VALUES (64,1,'01:00:00',21);
INSERT INTO `restaurant_default_time` (`restaurant_default_time_id`,`enabled`,`time`,`restaurant_id`) VALUES (65,1,'02:00:00',21);
INSERT INTO `restaurant_default_time` (`restaurant_default_time_id`,`enabled`,`time`,`restaurant_id`) VALUES (66,1,'03:00:00',21);
INSERT INTO `restaurant_default_time` (`restaurant_default_time_id`,`enabled`,`time`,`restaurant_id`) VALUES (67,1,'04:00:00',21);
INSERT INTO `restaurant_default_time` (`restaurant_default_time_id`,`enabled`,`time`,`restaurant_id`) VALUES (68,1,'05:00:00',21);
INSERT INTO `restaurant_default_time` (`restaurant_default_time_id`,`enabled`,`time`,`restaurant_id`) VALUES (69,1,'06:00:00',21);
INSERT INTO `restaurant_default_time` (`restaurant_default_time_id`,`enabled`,`time`,`restaurant_id`) VALUES (70,1,'07:00:00',21);
INSERT INTO `restaurant_default_time` (`restaurant_default_time_id`,`enabled`,`time`,`restaurant_id`) VALUES (71,1,'08:00:00',21);
INSERT INTO `restaurant_default_time` (`restaurant_default_time_id`,`enabled`,`time`,`restaurant_id`) VALUES (72,1,'09:00:00',21);
INSERT INTO `restaurant_default_time` (`restaurant_default_time_id`,`enabled`,`time`,`restaurant_id`) VALUES (73,1,'10:00:00',21);
INSERT INTO `restaurant_default_time` (`restaurant_default_time_id`,`enabled`,`time`,`restaurant_id`) VALUES (74,1,'11:00:00',21);
INSERT INTO `restaurant_default_time` (`restaurant_default_time_id`,`enabled`,`time`,`restaurant_id`) VALUES (75,1,'12:00:00',21);
INSERT INTO `restaurant_default_time` (`restaurant_default_time_id`,`enabled`,`time`,`restaurant_id`) VALUES (76,1,'13:00:00',21);
INSERT INTO `restaurant_default_time` (`restaurant_default_time_id`,`enabled`,`time`,`restaurant_id`) VALUES (77,1,'14:00:00',21);
INSERT INTO `restaurant_default_time` (`restaurant_default_time_id`,`enabled`,`time`,`restaurant_id`) VALUES (78,1,'15:00:00',21);
INSERT INTO `restaurant_default_time` (`restaurant_default_time_id`,`enabled`,`time`,`restaurant_id`) VALUES (79,1,'16:00:00',21);
INSERT INTO `restaurant_default_time` (`restaurant_default_time_id`,`enabled`,`time`,`restaurant_id`) VALUES (80,1,'17:00:00',21);
INSERT INTO `restaurant_default_time` (`restaurant_default_time_id`,`enabled`,`time`,`restaurant_id`) VALUES (81,1,'18:00:00',21);
INSERT INTO `restaurant_default_time` (`restaurant_default_time_id`,`enabled`,`time`,`restaurant_id`) VALUES (82,1,'19:00:00',21);
INSERT INTO `restaurant_default_time` (`restaurant_default_time_id`,`enabled`,`time`,`restaurant_id`) VALUES (83,1,'20:00:00',21);
INSERT INTO `restaurant_default_time` (`restaurant_default_time_id`,`enabled`,`time`,`restaurant_id`) VALUES (84,1,'21:00:00',21);
INSERT INTO `restaurant_default_time` (`restaurant_default_time_id`,`enabled`,`time`,`restaurant_id`) VALUES (85,1,'22:00:00',21);
INSERT INTO `restaurant_default_time` (`restaurant_default_time_id`,`enabled`,`time`,`restaurant_id`) VALUES (86,1,'23:00:00',21);
INSERT INTO `restaurant_default_time` (`restaurant_default_time_id`,`enabled`,`time`,`restaurant_id`) VALUES (87,1,'11:00:00',22);
INSERT INTO `restaurant_default_time` (`restaurant_default_time_id`,`enabled`,`time`,`restaurant_id`) VALUES (88,1,'12:00:00',22);
INSERT INTO `restaurant_default_time` (`restaurant_default_time_id`,`enabled`,`time`,`restaurant_id`) VALUES (89,1,'13:00:00',22);
INSERT INTO `restaurant_default_time` (`restaurant_default_time_id`,`enabled`,`time`,`restaurant_id`) VALUES (90,1,'14:00:00',22);
INSERT INTO `restaurant_default_time` (`restaurant_default_time_id`,`enabled`,`time`,`restaurant_id`) VALUES (91,1,'15:00:00',22);
INSERT INTO `restaurant_default_time` (`restaurant_default_time_id`,`enabled`,`time`,`restaurant_id`) VALUES (92,1,'16:00:00',22);
INSERT INTO `restaurant_default_time` (`restaurant_default_time_id`,`enabled`,`time`,`restaurant_id`) VALUES (93,1,'17:00:00',22);
INSERT INTO `restaurant_default_time` (`restaurant_default_time_id`,`enabled`,`time`,`restaurant_id`) VALUES (94,1,'18:00:00',22);
INSERT INTO `restaurant_default_time` (`restaurant_default_time_id`,`enabled`,`time`,`restaurant_id`) VALUES (95,1,'19:00:00',22);
INSERT INTO `restaurant_default_time` (`restaurant_default_time_id`,`enabled`,`time`,`restaurant_id`) VALUES (96,1,'20:00:00',22);
INSERT INTO `restaurant_default_time` (`restaurant_default_time_id`,`enabled`,`time`,`restaurant_id`) VALUES (97,1,'21:00:00',22);
INSERT INTO `restaurant_default_time` (`restaurant_default_time_id`,`enabled`,`time`,`restaurant_id`) VALUES (98,1,'22:00:00',22);
INSERT INTO `restaurant_default_time` (`restaurant_default_time_id`,`enabled`,`time`,`restaurant_id`) VALUES (99,1,'00:00:00',23);
INSERT INTO `restaurant_default_time` (`restaurant_default_time_id`,`enabled`,`time`,`restaurant_id`) VALUES (100,1,'01:00:00',23);
INSERT INTO `restaurant_default_time` (`restaurant_default_time_id`,`enabled`,`time`,`restaurant_id`) VALUES (101,1,'02:00:00',23);
INSERT INTO `restaurant_default_time` (`restaurant_default_time_id`,`enabled`,`time`,`restaurant_id`) VALUES (102,1,'03:00:00',23);
INSERT INTO `restaurant_default_time` (`restaurant_default_time_id`,`enabled`,`time`,`restaurant_id`) VALUES (103,1,'04:00:00',23);
INSERT INTO `restaurant_default_time` (`restaurant_default_time_id`,`enabled`,`time`,`restaurant_id`) VALUES (104,1,'05:00:00',23);
INSERT INTO `restaurant_default_time` (`restaurant_default_time_id`,`enabled`,`time`,`restaurant_id`) VALUES (105,1,'06:00:00',23);
INSERT INTO `restaurant_default_time` (`restaurant_default_time_id`,`enabled`,`time`,`restaurant_id`) VALUES (106,1,'07:00:00',23);
INSERT INTO `restaurant_default_time` (`restaurant_default_time_id`,`enabled`,`time`,`restaurant_id`) VALUES (107,1,'08:00:00',23);
INSERT INTO `restaurant_default_time` (`restaurant_default_time_id`,`enabled`,`time`,`restaurant_id`) VALUES (108,1,'09:00:00',23);
INSERT INTO `restaurant_default_time` (`restaurant_default_time_id`,`enabled`,`time`,`restaurant_id`) VALUES (109,1,'10:00:00',23);
INSERT INTO `restaurant_default_time` (`restaurant_default_time_id`,`enabled`,`time`,`restaurant_id`) VALUES (110,1,'11:00:00',23);
INSERT INTO `restaurant_default_time` (`restaurant_default_time_id`,`enabled`,`time`,`restaurant_id`) VALUES (111,1,'12:00:00',23);
INSERT INTO `restaurant_default_time` (`restaurant_default_time_id`,`enabled`,`time`,`restaurant_id`) VALUES (112,1,'13:00:00',23);
INSERT INTO `restaurant_default_time` (`restaurant_default_time_id`,`enabled`,`time`,`restaurant_id`) VALUES (113,1,'14:00:00',23);
INSERT INTO `restaurant_default_time` (`restaurant_default_time_id`,`enabled`,`time`,`restaurant_id`) VALUES (114,1,'15:00:00',23);
INSERT INTO `restaurant_default_time` (`restaurant_default_time_id`,`enabled`,`time`,`restaurant_id`) VALUES (115,1,'16:00:00',23);
INSERT INTO `restaurant_default_time` (`restaurant_default_time_id`,`enabled`,`time`,`restaurant_id`) VALUES (116,1,'17:00:00',23);
INSERT INTO `restaurant_default_time` (`restaurant_default_time_id`,`enabled`,`time`,`restaurant_id`) VALUES (117,1,'18:00:00',23);
INSERT INTO `restaurant_default_time` (`restaurant_default_time_id`,`enabled`,`time`,`restaurant_id`) VALUES (118,1,'19:00:00',23);
INSERT INTO `restaurant_default_time` (`restaurant_default_time_id`,`enabled`,`time`,`restaurant_id`) VALUES (119,1,'20:00:00',23);
INSERT INTO `restaurant_default_time` (`restaurant_default_time_id`,`enabled`,`time`,`restaurant_id`) VALUES (120,1,'21:00:00',23);
INSERT INTO `restaurant_default_time` (`restaurant_default_time_id`,`enabled`,`time`,`restaurant_id`) VALUES (121,1,'22:00:00',23);
INSERT INTO `restaurant_default_time` (`restaurant_default_time_id`,`enabled`,`time`,`restaurant_id`) VALUES (122,1,'23:00:00',23);
INSERT INTO `restaurant_default_time` (`restaurant_default_time_id`,`enabled`,`time`,`restaurant_id`) VALUES (123,1,'11:00:00',24);
INSERT INTO `restaurant_default_time` (`restaurant_default_time_id`,`enabled`,`time`,`restaurant_id`) VALUES (124,1,'12:00:00',24);
INSERT INTO `restaurant_default_time` (`restaurant_default_time_id`,`enabled`,`time`,`restaurant_id`) VALUES (125,1,'13:00:00',24);
INSERT INTO `restaurant_default_time` (`restaurant_default_time_id`,`enabled`,`time`,`restaurant_id`) VALUES (126,1,'14:00:00',24);
INSERT INTO `restaurant_default_time` (`restaurant_default_time_id`,`enabled`,`time`,`restaurant_id`) VALUES (127,1,'15:00:00',24);
INSERT INTO `restaurant_default_time` (`restaurant_default_time_id`,`enabled`,`time`,`restaurant_id`) VALUES (128,1,'16:00:00',24);
INSERT INTO `restaurant_default_time` (`restaurant_default_time_id`,`enabled`,`time`,`restaurant_id`) VALUES (129,1,'17:00:00',24);
INSERT INTO `restaurant_default_time` (`restaurant_default_time_id`,`enabled`,`time`,`restaurant_id`) VALUES (130,1,'18:00:00',24);
INSERT INTO `restaurant_default_time` (`restaurant_default_time_id`,`enabled`,`time`,`restaurant_id`) VALUES (131,1,'19:00:00',24);
INSERT INTO `restaurant_default_time` (`restaurant_default_time_id`,`enabled`,`time`,`restaurant_id`) VALUES (132,1,'20:00:00',24);
INSERT INTO `restaurant_default_time` (`restaurant_default_time_id`,`enabled`,`time`,`restaurant_id`) VALUES (133,1,'21:00:00',24);

/*
-- Query: SELECT * FROM waeating.restaurant_ava_time
LIMIT 0, 1000

-- Date: 2023-03-29 21:54
*/
INSERT INTO `restaurant_ava_time` (`restaurant_ava_time_id`,`date`,`table_inventory`,`restaurant_default_time_id`) VALUES (1,'2023-03-29',10,1);
INSERT INTO `restaurant_ava_time` (`restaurant_ava_time_id`,`date`,`table_inventory`,`restaurant_default_time_id`) VALUES (2,'2023-03-29',15,2);
INSERT INTO `restaurant_ava_time` (`restaurant_ava_time_id`,`date`,`table_inventory`,`restaurant_default_time_id`) VALUES (3,'2023-03-29',8,3);
INSERT INTO `restaurant_ava_time` (`restaurant_ava_time_id`,`date`,`table_inventory`,`restaurant_default_time_id`) VALUES (4,'2023-03-29',12,4);
INSERT INTO `restaurant_ava_time` (`restaurant_ava_time_id`,`date`,`table_inventory`,`restaurant_default_time_id`) VALUES (5,'2023-03-29',20,5);
INSERT INTO `restaurant_ava_time` (`restaurant_ava_time_id`,`date`,`table_inventory`,`restaurant_default_time_id`) VALUES (6,'2023-03-29',22,6);
INSERT INTO `restaurant_ava_time` (`restaurant_ava_time_id`,`date`,`table_inventory`,`restaurant_default_time_id`) VALUES (7,'2023-03-29',21,7);
INSERT INTO `restaurant_ava_time` (`restaurant_ava_time_id`,`date`,`table_inventory`,`restaurant_default_time_id`) VALUES (8,'2023-03-29',3,8);
INSERT INTO `restaurant_ava_time` (`restaurant_ava_time_id`,`date`,`table_inventory`,`restaurant_default_time_id`) VALUES (9,'2023-03-30',10,1);
INSERT INTO `restaurant_ava_time` (`restaurant_ava_time_id`,`date`,`table_inventory`,`restaurant_default_time_id`) VALUES (10,'2023-03-30',15,2);
INSERT INTO `restaurant_ava_time` (`restaurant_ava_time_id`,`date`,`table_inventory`,`restaurant_default_time_id`) VALUES (11,'2023-03-30',8,3);
INSERT INTO `restaurant_ava_time` (`restaurant_ava_time_id`,`date`,`table_inventory`,`restaurant_default_time_id`) VALUES (12,'2023-03-30',12,4);
INSERT INTO `restaurant_ava_time` (`restaurant_ava_time_id`,`date`,`table_inventory`,`restaurant_default_time_id`) VALUES (13,'2023-03-30',20,5);
INSERT INTO `restaurant_ava_time` (`restaurant_ava_time_id`,`date`,`table_inventory`,`restaurant_default_time_id`) VALUES (14,'2023-03-30',22,6);
INSERT INTO `restaurant_ava_time` (`restaurant_ava_time_id`,`date`,`table_inventory`,`restaurant_default_time_id`) VALUES (15,'2023-03-30',21,7);
INSERT INTO `restaurant_ava_time` (`restaurant_ava_time_id`,`date`,`table_inventory`,`restaurant_default_time_id`) VALUES (16,'2023-03-30',21,8);
INSERT INTO `restaurant_ava_time` (`restaurant_ava_time_id`,`date`,`table_inventory`,`restaurant_default_time_id`) VALUES (17,'2023-03-30',21,9);
INSERT INTO `restaurant_ava_time` (`restaurant_ava_time_id`,`date`,`table_inventory`,`restaurant_default_time_id`) VALUES (18,'2023-03-30',21,10);
INSERT INTO `restaurant_ava_time` (`restaurant_ava_time_id`,`date`,`table_inventory`,`restaurant_default_time_id`) VALUES (19,'2023-03-30',21,11);
INSERT INTO `restaurant_ava_time` (`restaurant_ava_time_id`,`date`,`table_inventory`,`restaurant_default_time_id`) VALUES (20,'2023-03-30',3,12);
INSERT INTO `restaurant_ava_time` (`restaurant_ava_time_id`,`date`,`table_inventory`,`restaurant_default_time_id`) VALUES (21,'2023-04-01',10,1);
INSERT INTO `restaurant_ava_time` (`restaurant_ava_time_id`,`date`,`table_inventory`,`restaurant_default_time_id`) VALUES (22,'2023-04-01',15,2);
INSERT INTO `restaurant_ava_time` (`restaurant_ava_time_id`,`date`,`table_inventory`,`restaurant_default_time_id`) VALUES (23,'2023-04-01',8,3);
INSERT INTO `restaurant_ava_time` (`restaurant_ava_time_id`,`date`,`table_inventory`,`restaurant_default_time_id`) VALUES (24,'2023-04-01',12,4);
INSERT INTO `restaurant_ava_time` (`restaurant_ava_time_id`,`date`,`table_inventory`,`restaurant_default_time_id`) VALUES (25,'2023-04-01',20,5);
INSERT INTO `restaurant_ava_time` (`restaurant_ava_time_id`,`date`,`table_inventory`,`restaurant_default_time_id`) VALUES (26,'2023-04-01',22,6);
INSERT INTO `restaurant_ava_time` (`restaurant_ava_time_id`,`date`,`table_inventory`,`restaurant_default_time_id`) VALUES (27,'2023-04-01',21,7);
INSERT INTO `restaurant_ava_time` (`restaurant_ava_time_id`,`date`,`table_inventory`,`restaurant_default_time_id`) VALUES (28,'2023-04-01',21,8);
INSERT INTO `restaurant_ava_time` (`restaurant_ava_time_id`,`date`,`table_inventory`,`restaurant_default_time_id`) VALUES (29,'2023-04-01',25,9);
INSERT INTO `restaurant_ava_time` (`restaurant_ava_time_id`,`date`,`table_inventory`,`restaurant_default_time_id`) VALUES (30,'2023-04-01',21,10);
INSERT INTO `restaurant_ava_time` (`restaurant_ava_time_id`,`date`,`table_inventory`,`restaurant_default_time_id`) VALUES (31,'2023-04-01',20,11);
INSERT INTO `restaurant_ava_time` (`restaurant_ava_time_id`,`date`,`table_inventory`,`restaurant_default_time_id`) VALUES (32,'2023-04-01',3,12);
INSERT INTO `restaurant_ava_time` (`restaurant_ava_time_id`,`date`,`table_inventory`,`restaurant_default_time_id`) VALUES (33,'2023-04-02',10,1);
INSERT INTO `restaurant_ava_time` (`restaurant_ava_time_id`,`date`,`table_inventory`,`restaurant_default_time_id`) VALUES (34,'2023-04-02',15,2);
INSERT INTO `restaurant_ava_time` (`restaurant_ava_time_id`,`date`,`table_inventory`,`restaurant_default_time_id`) VALUES (35,'2023-04-02',8,3);
INSERT INTO `restaurant_ava_time` (`restaurant_ava_time_id`,`date`,`table_inventory`,`restaurant_default_time_id`) VALUES (36,'2023-04-02',12,4);
INSERT INTO `restaurant_ava_time` (`restaurant_ava_time_id`,`date`,`table_inventory`,`restaurant_default_time_id`) VALUES (37,'2023-04-02',20,5);
INSERT INTO `restaurant_ava_time` (`restaurant_ava_time_id`,`date`,`table_inventory`,`restaurant_default_time_id`) VALUES (38,'2023-04-02',22,6);
INSERT INTO `restaurant_ava_time` (`restaurant_ava_time_id`,`date`,`table_inventory`,`restaurant_default_time_id`) VALUES (39,'2023-04-02',21,7);
INSERT INTO `restaurant_ava_time` (`restaurant_ava_time_id`,`date`,`table_inventory`,`restaurant_default_time_id`) VALUES (40,'2023-04-02',21,8);
INSERT INTO `restaurant_ava_time` (`restaurant_ava_time_id`,`date`,`table_inventory`,`restaurant_default_time_id`) VALUES (41,'2023-04-02',21,9);
INSERT INTO `restaurant_ava_time` (`restaurant_ava_time_id`,`date`,`table_inventory`,`restaurant_default_time_id`) VALUES (42,'2023-04-02',21,10);
INSERT INTO `restaurant_ava_time` (`restaurant_ava_time_id`,`date`,`table_inventory`,`restaurant_default_time_id`) VALUES (43,'2023-04-02',21,11);
INSERT INTO `restaurant_ava_time` (`restaurant_ava_time_id`,`date`,`table_inventory`,`restaurant_default_time_id`) VALUES (44,'2023-04-02',3,12);
INSERT INTO `restaurant_ava_time` (`restaurant_ava_time_id`,`date`,`table_inventory`,`restaurant_default_time_id`) VALUES (45,'2023-04-03',10,1);
INSERT INTO `restaurant_ava_time` (`restaurant_ava_time_id`,`date`,`table_inventory`,`restaurant_default_time_id`) VALUES (46,'2023-04-03',15,2);
INSERT INTO `restaurant_ava_time` (`restaurant_ava_time_id`,`date`,`table_inventory`,`restaurant_default_time_id`) VALUES (47,'2023-04-03',8,3);
INSERT INTO `restaurant_ava_time` (`restaurant_ava_time_id`,`date`,`table_inventory`,`restaurant_default_time_id`) VALUES (48,'2023-04-03',12,4);
INSERT INTO `restaurant_ava_time` (`restaurant_ava_time_id`,`date`,`table_inventory`,`restaurant_default_time_id`) VALUES (49,'2023-04-03',20,5);
INSERT INTO `restaurant_ava_time` (`restaurant_ava_time_id`,`date`,`table_inventory`,`restaurant_default_time_id`) VALUES (50,'2023-04-03',22,6);
INSERT INTO `restaurant_ava_time` (`restaurant_ava_time_id`,`date`,`table_inventory`,`restaurant_default_time_id`) VALUES (51,'2023-04-03',21,7);
INSERT INTO `restaurant_ava_time` (`restaurant_ava_time_id`,`date`,`table_inventory`,`restaurant_default_time_id`) VALUES (52,'2023-04-03',21,8);
INSERT INTO `restaurant_ava_time` (`restaurant_ava_time_id`,`date`,`table_inventory`,`restaurant_default_time_id`) VALUES (53,'2023-04-03',21,9);
INSERT INTO `restaurant_ava_time` (`restaurant_ava_time_id`,`date`,`table_inventory`,`restaurant_default_time_id`) VALUES (54,'2023-04-03',21,10);
INSERT INTO `restaurant_ava_time` (`restaurant_ava_time_id`,`date`,`table_inventory`,`restaurant_default_time_id`) VALUES (55,'2023-04-03',21,11);
INSERT INTO `restaurant_ava_time` (`restaurant_ava_time_id`,`date`,`table_inventory`,`restaurant_default_time_id`) VALUES (56,'2023-04-03',3,12);
INSERT INTO `restaurant_ava_time` (`restaurant_ava_time_id`,`date`,`table_inventory`,`restaurant_default_time_id`) VALUES (57,'2023-04-04',10,1);
INSERT INTO `restaurant_ava_time` (`restaurant_ava_time_id`,`date`,`table_inventory`,`restaurant_default_time_id`) VALUES (58,'2023-04-04',15,2);
INSERT INTO `restaurant_ava_time` (`restaurant_ava_time_id`,`date`,`table_inventory`,`restaurant_default_time_id`) VALUES (59,'2023-04-04',8,3);
INSERT INTO `restaurant_ava_time` (`restaurant_ava_time_id`,`date`,`table_inventory`,`restaurant_default_time_id`) VALUES (60,'2023-04-04',12,4);
INSERT INTO `restaurant_ava_time` (`restaurant_ava_time_id`,`date`,`table_inventory`,`restaurant_default_time_id`) VALUES (61,'2023-04-04',20,5);
INSERT INTO `restaurant_ava_time` (`restaurant_ava_time_id`,`date`,`table_inventory`,`restaurant_default_time_id`) VALUES (62,'2023-04-04',22,6);
INSERT INTO `restaurant_ava_time` (`restaurant_ava_time_id`,`date`,`table_inventory`,`restaurant_default_time_id`) VALUES (63,'2023-04-04',21,7);
INSERT INTO `restaurant_ava_time` (`restaurant_ava_time_id`,`date`,`table_inventory`,`restaurant_default_time_id`) VALUES (64,'2023-04-04',21,8);
INSERT INTO `restaurant_ava_time` (`restaurant_ava_time_id`,`date`,`table_inventory`,`restaurant_default_time_id`) VALUES (65,'2023-04-04',21,9);
INSERT INTO `restaurant_ava_time` (`restaurant_ava_time_id`,`date`,`table_inventory`,`restaurant_default_time_id`) VALUES (66,'2023-04-04',21,10);
INSERT INTO `restaurant_ava_time` (`restaurant_ava_time_id`,`date`,`table_inventory`,`restaurant_default_time_id`) VALUES (67,'2023-04-04',21,11);
INSERT INTO `restaurant_ava_time` (`restaurant_ava_time_id`,`date`,`table_inventory`,`restaurant_default_time_id`) VALUES (68,'2023-04-04',3,12);
INSERT INTO `restaurant_ava_time` (`restaurant_ava_time_id`,`date`,`table_inventory`,`restaurant_default_time_id`) VALUES (69,'2023-04-06',10,1);
INSERT INTO `restaurant_ava_time` (`restaurant_ava_time_id`,`date`,`table_inventory`,`restaurant_default_time_id`) VALUES (70,'2023-04-06',15,2);
INSERT INTO `restaurant_ava_time` (`restaurant_ava_time_id`,`date`,`table_inventory`,`restaurant_default_time_id`) VALUES (71,'2023-04-06',8,3);
INSERT INTO `restaurant_ava_time` (`restaurant_ava_time_id`,`date`,`table_inventory`,`restaurant_default_time_id`) VALUES (72,'2023-04-06',12,4);
INSERT INTO `restaurant_ava_time` (`restaurant_ava_time_id`,`date`,`table_inventory`,`restaurant_default_time_id`) VALUES (73,'2023-04-06',20,5);
INSERT INTO `restaurant_ava_time` (`restaurant_ava_time_id`,`date`,`table_inventory`,`restaurant_default_time_id`) VALUES (74,'2023-04-06',22,6);
INSERT INTO `restaurant_ava_time` (`restaurant_ava_time_id`,`date`,`table_inventory`,`restaurant_default_time_id`) VALUES (75,'2023-04-06',21,7);
INSERT INTO `restaurant_ava_time` (`restaurant_ava_time_id`,`date`,`table_inventory`,`restaurant_default_time_id`) VALUES (76,'2023-04-06',21,8);
INSERT INTO `restaurant_ava_time` (`restaurant_ava_time_id`,`date`,`table_inventory`,`restaurant_default_time_id`) VALUES (77,'2023-04-06',21,9);
INSERT INTO `restaurant_ava_time` (`restaurant_ava_time_id`,`date`,`table_inventory`,`restaurant_default_time_id`) VALUES (78,'2023-04-06',21,10);
INSERT INTO `restaurant_ava_time` (`restaurant_ava_time_id`,`date`,`table_inventory`,`restaurant_default_time_id`) VALUES (79,'2023-04-06',21,11);
INSERT INTO `restaurant_ava_time` (`restaurant_ava_time_id`,`date`,`table_inventory`,`restaurant_default_time_id`) VALUES (80,'2023-04-06',3,12);
INSERT INTO `restaurant_ava_time` (`restaurant_ava_time_id`,`date`,`table_inventory`,`restaurant_default_time_id`) VALUES (81,'2023-04-07',10,1);
INSERT INTO `restaurant_ava_time` (`restaurant_ava_time_id`,`date`,`table_inventory`,`restaurant_default_time_id`) VALUES (82,'2023-04-07',15,2);
INSERT INTO `restaurant_ava_time` (`restaurant_ava_time_id`,`date`,`table_inventory`,`restaurant_default_time_id`) VALUES (83,'2023-04-07',8,3);
INSERT INTO `restaurant_ava_time` (`restaurant_ava_time_id`,`date`,`table_inventory`,`restaurant_default_time_id`) VALUES (84,'2023-04-07',12,4);
INSERT INTO `restaurant_ava_time` (`restaurant_ava_time_id`,`date`,`table_inventory`,`restaurant_default_time_id`) VALUES (85,'2023-04-07',20,5);
INSERT INTO `restaurant_ava_time` (`restaurant_ava_time_id`,`date`,`table_inventory`,`restaurant_default_time_id`) VALUES (86,'2023-04-07',22,6);
INSERT INTO `restaurant_ava_time` (`restaurant_ava_time_id`,`date`,`table_inventory`,`restaurant_default_time_id`) VALUES (87,'2023-04-07',21,7);
INSERT INTO `restaurant_ava_time` (`restaurant_ava_time_id`,`date`,`table_inventory`,`restaurant_default_time_id`) VALUES (88,'2023-04-07',20,8);
INSERT INTO `restaurant_ava_time` (`restaurant_ava_time_id`,`date`,`table_inventory`,`restaurant_default_time_id`) VALUES (89,'2023-04-07',21,9);
INSERT INTO `restaurant_ava_time` (`restaurant_ava_time_id`,`date`,`table_inventory`,`restaurant_default_time_id`) VALUES (90,'2023-04-07',21,10);
INSERT INTO `restaurant_ava_time` (`restaurant_ava_time_id`,`date`,`table_inventory`,`restaurant_default_time_id`) VALUES (91,'2023-04-07',21,11);
INSERT INTO `restaurant_ava_time` (`restaurant_ava_time_id`,`date`,`table_inventory`,`restaurant_default_time_id`) VALUES (92,'2023-04-07',3,12);
INSERT INTO `restaurant_ava_time` (`restaurant_ava_time_id`,`date`,`table_inventory`,`restaurant_default_time_id`) VALUES (93,'2023-04-09',10,1);
INSERT INTO `restaurant_ava_time` (`restaurant_ava_time_id`,`date`,`table_inventory`,`restaurant_default_time_id`) VALUES (94,'2023-04-09',15,2);
INSERT INTO `restaurant_ava_time` (`restaurant_ava_time_id`,`date`,`table_inventory`,`restaurant_default_time_id`) VALUES (95,'2023-04-09',8,3);
INSERT INTO `restaurant_ava_time` (`restaurant_ava_time_id`,`date`,`table_inventory`,`restaurant_default_time_id`) VALUES (96,'2023-04-09',12,4);
INSERT INTO `restaurant_ava_time` (`restaurant_ava_time_id`,`date`,`table_inventory`,`restaurant_default_time_id`) VALUES (97,'2023-04-09',20,5);
INSERT INTO `restaurant_ava_time` (`restaurant_ava_time_id`,`date`,`table_inventory`,`restaurant_default_time_id`) VALUES (98,'2023-04-09',22,6);
INSERT INTO `restaurant_ava_time` (`restaurant_ava_time_id`,`date`,`table_inventory`,`restaurant_default_time_id`) VALUES (99,'2023-04-09',21,7);
INSERT INTO `restaurant_ava_time` (`restaurant_ava_time_id`,`date`,`table_inventory`,`restaurant_default_time_id`) VALUES (100,'2023-04-09',21,8);
INSERT INTO `restaurant_ava_time` (`restaurant_ava_time_id`,`date`,`table_inventory`,`restaurant_default_time_id`) VALUES (101,'2023-04-09',21,9);
INSERT INTO `restaurant_ava_time` (`restaurant_ava_time_id`,`date`,`table_inventory`,`restaurant_default_time_id`) VALUES (102,'2023-04-09',21,10);
INSERT INTO `restaurant_ava_time` (`restaurant_ava_time_id`,`date`,`table_inventory`,`restaurant_default_time_id`) VALUES (103,'2023-04-09',21,11);
INSERT INTO `restaurant_ava_time` (`restaurant_ava_time_id`,`date`,`table_inventory`,`restaurant_default_time_id`) VALUES (104,'2023-04-09',3,12);
INSERT INTO `restaurant_ava_time` (`restaurant_ava_time_id`,`date`,`table_inventory`,`restaurant_default_time_id`) VALUES (105,'2023-04-10',10,1);
INSERT INTO `restaurant_ava_time` (`restaurant_ava_time_id`,`date`,`table_inventory`,`restaurant_default_time_id`) VALUES (106,'2023-04-10',15,2);
INSERT INTO `restaurant_ava_time` (`restaurant_ava_time_id`,`date`,`table_inventory`,`restaurant_default_time_id`) VALUES (107,'2023-04-10',8,3);
INSERT INTO `restaurant_ava_time` (`restaurant_ava_time_id`,`date`,`table_inventory`,`restaurant_default_time_id`) VALUES (108,'2023-04-10',12,4);
INSERT INTO `restaurant_ava_time` (`restaurant_ava_time_id`,`date`,`table_inventory`,`restaurant_default_time_id`) VALUES (109,'2023-04-10',20,5);
INSERT INTO `restaurant_ava_time` (`restaurant_ava_time_id`,`date`,`table_inventory`,`restaurant_default_time_id`) VALUES (110,'2023-04-10',22,6);
INSERT INTO `restaurant_ava_time` (`restaurant_ava_time_id`,`date`,`table_inventory`,`restaurant_default_time_id`) VALUES (111,'2023-04-10',21,7);
INSERT INTO `restaurant_ava_time` (`restaurant_ava_time_id`,`date`,`table_inventory`,`restaurant_default_time_id`) VALUES (112,'2023-04-10',21,8);
INSERT INTO `restaurant_ava_time` (`restaurant_ava_time_id`,`date`,`table_inventory`,`restaurant_default_time_id`) VALUES (113,'2023-04-10',21,9);
INSERT INTO `restaurant_ava_time` (`restaurant_ava_time_id`,`date`,`table_inventory`,`restaurant_default_time_id`) VALUES (114,'2023-04-10',21,10);
INSERT INTO `restaurant_ava_time` (`restaurant_ava_time_id`,`date`,`table_inventory`,`restaurant_default_time_id`) VALUES (115,'2023-04-10',21,11);
INSERT INTO `restaurant_ava_time` (`restaurant_ava_time_id`,`date`,`table_inventory`,`restaurant_default_time_id`) VALUES (116,'2023-04-10',3,12);
INSERT INTO `restaurant_ava_time` (`restaurant_ava_time_id`,`date`,`table_inventory`,`restaurant_default_time_id`) VALUES (117,'2023-04-11',10,1);
INSERT INTO `restaurant_ava_time` (`restaurant_ava_time_id`,`date`,`table_inventory`,`restaurant_default_time_id`) VALUES (118,'2023-04-11',15,2);
INSERT INTO `restaurant_ava_time` (`restaurant_ava_time_id`,`date`,`table_inventory`,`restaurant_default_time_id`) VALUES (119,'2023-04-11',8,3);
INSERT INTO `restaurant_ava_time` (`restaurant_ava_time_id`,`date`,`table_inventory`,`restaurant_default_time_id`) VALUES (120,'2023-04-11',12,4);
INSERT INTO `restaurant_ava_time` (`restaurant_ava_time_id`,`date`,`table_inventory`,`restaurant_default_time_id`) VALUES (121,'2023-04-11',20,5);
INSERT INTO `restaurant_ava_time` (`restaurant_ava_time_id`,`date`,`table_inventory`,`restaurant_default_time_id`) VALUES (122,'2023-04-11',22,6);
INSERT INTO `restaurant_ava_time` (`restaurant_ava_time_id`,`date`,`table_inventory`,`restaurant_default_time_id`) VALUES (123,'2023-04-11',21,7);
INSERT INTO `restaurant_ava_time` (`restaurant_ava_time_id`,`date`,`table_inventory`,`restaurant_default_time_id`) VALUES (124,'2023-04-11',21,8);
INSERT INTO `restaurant_ava_time` (`restaurant_ava_time_id`,`date`,`table_inventory`,`restaurant_default_time_id`) VALUES (125,'2023-04-11',21,9);
INSERT INTO `restaurant_ava_time` (`restaurant_ava_time_id`,`date`,`table_inventory`,`restaurant_default_time_id`) VALUES (126,'2023-04-11',21,10);
INSERT INTO `restaurant_ava_time` (`restaurant_ava_time_id`,`date`,`table_inventory`,`restaurant_default_time_id`) VALUES (127,'2023-04-11',21,11);
INSERT INTO `restaurant_ava_time` (`restaurant_ava_time_id`,`date`,`table_inventory`,`restaurant_default_time_id`) VALUES (128,'2023-04-11',3,12);
INSERT INTO `restaurant_ava_time` (`restaurant_ava_time_id`,`date`,`table_inventory`,`restaurant_default_time_id`) VALUES (129,'2023-04-12',10,1);
INSERT INTO `restaurant_ava_time` (`restaurant_ava_time_id`,`date`,`table_inventory`,`restaurant_default_time_id`) VALUES (130,'2023-04-12',15,2);
INSERT INTO `restaurant_ava_time` (`restaurant_ava_time_id`,`date`,`table_inventory`,`restaurant_default_time_id`) VALUES (131,'2023-04-12',8,3);
INSERT INTO `restaurant_ava_time` (`restaurant_ava_time_id`,`date`,`table_inventory`,`restaurant_default_time_id`) VALUES (132,'2023-04-12',12,4);
INSERT INTO `restaurant_ava_time` (`restaurant_ava_time_id`,`date`,`table_inventory`,`restaurant_default_time_id`) VALUES (133,'2023-04-12',20,5);
INSERT INTO `restaurant_ava_time` (`restaurant_ava_time_id`,`date`,`table_inventory`,`restaurant_default_time_id`) VALUES (134,'2023-04-12',22,6);
INSERT INTO `restaurant_ava_time` (`restaurant_ava_time_id`,`date`,`table_inventory`,`restaurant_default_time_id`) VALUES (135,'2023-04-12',21,7);
INSERT INTO `restaurant_ava_time` (`restaurant_ava_time_id`,`date`,`table_inventory`,`restaurant_default_time_id`) VALUES (136,'2023-04-12',21,8);
INSERT INTO `restaurant_ava_time` (`restaurant_ava_time_id`,`date`,`table_inventory`,`restaurant_default_time_id`) VALUES (137,'2023-04-12',21,9);
INSERT INTO `restaurant_ava_time` (`restaurant_ava_time_id`,`date`,`table_inventory`,`restaurant_default_time_id`) VALUES (138,'2023-04-12',21,10);
INSERT INTO `restaurant_ava_time` (`restaurant_ava_time_id`,`date`,`table_inventory`,`restaurant_default_time_id`) VALUES (139,'2023-04-12',21,11);
INSERT INTO `restaurant_ava_time` (`restaurant_ava_time_id`,`date`,`table_inventory`,`restaurant_default_time_id`) VALUES (140,'2023-04-12',3,12);
INSERT INTO `restaurant_ava_time` (`restaurant_ava_time_id`,`date`,`table_inventory`,`restaurant_default_time_id`) VALUES (141,'2023-04-13',10,1);
INSERT INTO `restaurant_ava_time` (`restaurant_ava_time_id`,`date`,`table_inventory`,`restaurant_default_time_id`) VALUES (142,'2023-04-13',15,2);
INSERT INTO `restaurant_ava_time` (`restaurant_ava_time_id`,`date`,`table_inventory`,`restaurant_default_time_id`) VALUES (143,'2023-04-13',8,3);
INSERT INTO `restaurant_ava_time` (`restaurant_ava_time_id`,`date`,`table_inventory`,`restaurant_default_time_id`) VALUES (144,'2023-04-13',12,4);
INSERT INTO `restaurant_ava_time` (`restaurant_ava_time_id`,`date`,`table_inventory`,`restaurant_default_time_id`) VALUES (145,'2023-04-13',20,5);
INSERT INTO `restaurant_ava_time` (`restaurant_ava_time_id`,`date`,`table_inventory`,`restaurant_default_time_id`) VALUES (146,'2023-04-13',22,6);
INSERT INTO `restaurant_ava_time` (`restaurant_ava_time_id`,`date`,`table_inventory`,`restaurant_default_time_id`) VALUES (147,'2023-04-13',21,7);
INSERT INTO `restaurant_ava_time` (`restaurant_ava_time_id`,`date`,`table_inventory`,`restaurant_default_time_id`) VALUES (148,'2023-04-13',21,8);
INSERT INTO `restaurant_ava_time` (`restaurant_ava_time_id`,`date`,`table_inventory`,`restaurant_default_time_id`) VALUES (149,'2023-04-13',21,9);
INSERT INTO `restaurant_ava_time` (`restaurant_ava_time_id`,`date`,`table_inventory`,`restaurant_default_time_id`) VALUES (150,'2023-04-13',21,10);
INSERT INTO `restaurant_ava_time` (`restaurant_ava_time_id`,`date`,`table_inventory`,`restaurant_default_time_id`) VALUES (151,'2023-04-13',21,11);
INSERT INTO `restaurant_ava_time` (`restaurant_ava_time_id`,`date`,`table_inventory`,`restaurant_default_time_id`) VALUES (152,'2023-04-13',3,12);
INSERT INTO `restaurant_ava_time` (`restaurant_ava_time_id`,`date`,`table_inventory`,`restaurant_default_time_id`) VALUES (153,'2023-03-28',15,49);
INSERT INTO `restaurant_ava_time` (`restaurant_ava_time_id`,`date`,`table_inventory`,`restaurant_default_time_id`) VALUES (154,'2022-03-28',15,1);
INSERT INTO `restaurant_ava_time` (`restaurant_ava_time_id`,`date`,`table_inventory`,`restaurant_default_time_id`) VALUES (155,'2022-03-28',15,2);
INSERT INTO `restaurant_ava_time` (`restaurant_ava_time_id`,`date`,`table_inventory`,`restaurant_default_time_id`) VALUES (156,'2022-03-28',15,3);
INSERT INTO `restaurant_ava_time` (`restaurant_ava_time_id`,`date`,`table_inventory`,`restaurant_default_time_id`) VALUES (157,'2022-03-28',15,4);
INSERT INTO `restaurant_ava_time` (`restaurant_ava_time_id`,`date`,`table_inventory`,`restaurant_default_time_id`) VALUES (158,'2022-03-28',16,5);
INSERT INTO `restaurant_ava_time` (`restaurant_ava_time_id`,`date`,`table_inventory`,`restaurant_default_time_id`) VALUES (159,'2022-03-28',17,6);
INSERT INTO `restaurant_ava_time` (`restaurant_ava_time_id`,`date`,`table_inventory`,`restaurant_default_time_id`) VALUES (160,'2022-03-28',15,7);
INSERT INTO `restaurant_ava_time` (`restaurant_ava_time_id`,`date`,`table_inventory`,`restaurant_default_time_id`) VALUES (161,'2022-03-28',15,8);
INSERT INTO `restaurant_ava_time` (`restaurant_ava_time_id`,`date`,`table_inventory`,`restaurant_default_time_id`) VALUES (162,'2022-03-28',15,9);
INSERT INTO `restaurant_ava_time` (`restaurant_ava_time_id`,`date`,`table_inventory`,`restaurant_default_time_id`) VALUES (163,'2022-03-28',15,10);
INSERT INTO `restaurant_ava_time` (`restaurant_ava_time_id`,`date`,`table_inventory`,`restaurant_default_time_id`) VALUES (164,'2022-03-28',15,11);
INSERT INTO `restaurant_ava_time` (`restaurant_ava_time_id`,`date`,`table_inventory`,`restaurant_default_time_id`) VALUES (165,'2022-03-28',15,12);
INSERT INTO `restaurant_ava_time` (`restaurant_ava_time_id`,`date`,`table_inventory`,`restaurant_default_time_id`) VALUES (166,'2022-03-29',15,1);
INSERT INTO `restaurant_ava_time` (`restaurant_ava_time_id`,`date`,`table_inventory`,`restaurant_default_time_id`) VALUES (167,'2022-03-29',15,2);
INSERT INTO `restaurant_ava_time` (`restaurant_ava_time_id`,`date`,`table_inventory`,`restaurant_default_time_id`) VALUES (168,'2022-03-29',15,3);
INSERT INTO `restaurant_ava_time` (`restaurant_ava_time_id`,`date`,`table_inventory`,`restaurant_default_time_id`) VALUES (169,'2022-03-29',15,4);
INSERT INTO `restaurant_ava_time` (`restaurant_ava_time_id`,`date`,`table_inventory`,`restaurant_default_time_id`) VALUES (170,'2022-03-29',15,5);
INSERT INTO `restaurant_ava_time` (`restaurant_ava_time_id`,`date`,`table_inventory`,`restaurant_default_time_id`) VALUES (171,'2022-03-29',15,6);
INSERT INTO `restaurant_ava_time` (`restaurant_ava_time_id`,`date`,`table_inventory`,`restaurant_default_time_id`) VALUES (172,'2022-03-29',15,7);
INSERT INTO `restaurant_ava_time` (`restaurant_ava_time_id`,`date`,`table_inventory`,`restaurant_default_time_id`) VALUES (173,'2022-03-29',15,8);
INSERT INTO `restaurant_ava_time` (`restaurant_ava_time_id`,`date`,`table_inventory`,`restaurant_default_time_id`) VALUES (174,'2022-03-29',15,9);
INSERT INTO `restaurant_ava_time` (`restaurant_ava_time_id`,`date`,`table_inventory`,`restaurant_default_time_id`) VALUES (175,'2022-03-29',15,10);
INSERT INTO `restaurant_ava_time` (`restaurant_ava_time_id`,`date`,`table_inventory`,`restaurant_default_time_id`) VALUES (176,'2022-03-29',15,11);
INSERT INTO `restaurant_ava_time` (`restaurant_ava_time_id`,`date`,`table_inventory`,`restaurant_default_time_id`) VALUES (177,'2022-03-29',15,12);
INSERT INTO `restaurant_ava_time` (`restaurant_ava_time_id`,`date`,`table_inventory`,`restaurant_default_time_id`) VALUES (178,'2022-03-30',15,1);
INSERT INTO `restaurant_ava_time` (`restaurant_ava_time_id`,`date`,`table_inventory`,`restaurant_default_time_id`) VALUES (179,'2022-03-30',15,2);
INSERT INTO `restaurant_ava_time` (`restaurant_ava_time_id`,`date`,`table_inventory`,`restaurant_default_time_id`) VALUES (180,'2022-03-30',15,3);
INSERT INTO `restaurant_ava_time` (`restaurant_ava_time_id`,`date`,`table_inventory`,`restaurant_default_time_id`) VALUES (181,'2022-03-30',15,4);
INSERT INTO `restaurant_ava_time` (`restaurant_ava_time_id`,`date`,`table_inventory`,`restaurant_default_time_id`) VALUES (182,'2022-03-30',15,5);
INSERT INTO `restaurant_ava_time` (`restaurant_ava_time_id`,`date`,`table_inventory`,`restaurant_default_time_id`) VALUES (183,'2022-03-30',15,6);
INSERT INTO `restaurant_ava_time` (`restaurant_ava_time_id`,`date`,`table_inventory`,`restaurant_default_time_id`) VALUES (184,'2022-03-30',15,7);
INSERT INTO `restaurant_ava_time` (`restaurant_ava_time_id`,`date`,`table_inventory`,`restaurant_default_time_id`) VALUES (185,'2022-03-30',15,8);
INSERT INTO `restaurant_ava_time` (`restaurant_ava_time_id`,`date`,`table_inventory`,`restaurant_default_time_id`) VALUES (186,'2022-03-30',15,9);
INSERT INTO `restaurant_ava_time` (`restaurant_ava_time_id`,`date`,`table_inventory`,`restaurant_default_time_id`) VALUES (187,'2022-03-30',15,10);
INSERT INTO `restaurant_ava_time` (`restaurant_ava_time_id`,`date`,`table_inventory`,`restaurant_default_time_id`) VALUES (188,'2022-03-30',15,11);
INSERT INTO `restaurant_ava_time` (`restaurant_ava_time_id`,`date`,`table_inventory`,`restaurant_default_time_id`) VALUES (189,'2022-03-30',15,12);
INSERT INTO `restaurant_ava_time` (`restaurant_ava_time_id`,`date`,`table_inventory`,`restaurant_default_time_id`) VALUES (190,'2022-03-31',15,1);
INSERT INTO `restaurant_ava_time` (`restaurant_ava_time_id`,`date`,`table_inventory`,`restaurant_default_time_id`) VALUES (191,'2022-03-31',15,2);
INSERT INTO `restaurant_ava_time` (`restaurant_ava_time_id`,`date`,`table_inventory`,`restaurant_default_time_id`) VALUES (192,'2022-03-31',15,3);
INSERT INTO `restaurant_ava_time` (`restaurant_ava_time_id`,`date`,`table_inventory`,`restaurant_default_time_id`) VALUES (193,'2022-03-31',15,4);
INSERT INTO `restaurant_ava_time` (`restaurant_ava_time_id`,`date`,`table_inventory`,`restaurant_default_time_id`) VALUES (194,'2022-03-31',15,5);
INSERT INTO `restaurant_ava_time` (`restaurant_ava_time_id`,`date`,`table_inventory`,`restaurant_default_time_id`) VALUES (195,'2022-03-31',15,6);
INSERT INTO `restaurant_ava_time` (`restaurant_ava_time_id`,`date`,`table_inventory`,`restaurant_default_time_id`) VALUES (196,'2022-03-31',15,7);
INSERT INTO `restaurant_ava_time` (`restaurant_ava_time_id`,`date`,`table_inventory`,`restaurant_default_time_id`) VALUES (197,'2022-03-31',15,8);
INSERT INTO `restaurant_ava_time` (`restaurant_ava_time_id`,`date`,`table_inventory`,`restaurant_default_time_id`) VALUES (198,'2022-03-31',15,9);
INSERT INTO `restaurant_ava_time` (`restaurant_ava_time_id`,`date`,`table_inventory`,`restaurant_default_time_id`) VALUES (199,'2022-03-31',15,10);
INSERT INTO `restaurant_ava_time` (`restaurant_ava_time_id`,`date`,`table_inventory`,`restaurant_default_time_id`) VALUES (200,'2022-03-31',15,11);
INSERT INTO `restaurant_ava_time` (`restaurant_ava_time_id`,`date`,`table_inventory`,`restaurant_default_time_id`) VALUES (201,'2022-03-31',15,12);
INSERT INTO `restaurant_ava_time` (`restaurant_ava_time_id`,`date`,`table_inventory`,`restaurant_default_time_id`) VALUES (202,'2022-04-01',15,1);
INSERT INTO `restaurant_ava_time` (`restaurant_ava_time_id`,`date`,`table_inventory`,`restaurant_default_time_id`) VALUES (203,'2022-04-01',15,2);
INSERT INTO `restaurant_ava_time` (`restaurant_ava_time_id`,`date`,`table_inventory`,`restaurant_default_time_id`) VALUES (204,'2022-04-01',15,3);
INSERT INTO `restaurant_ava_time` (`restaurant_ava_time_id`,`date`,`table_inventory`,`restaurant_default_time_id`) VALUES (205,'2022-04-01',15,4);
INSERT INTO `restaurant_ava_time` (`restaurant_ava_time_id`,`date`,`table_inventory`,`restaurant_default_time_id`) VALUES (206,'2022-04-01',15,5);
INSERT INTO `restaurant_ava_time` (`restaurant_ava_time_id`,`date`,`table_inventory`,`restaurant_default_time_id`) VALUES (207,'2022-04-01',15,6);
INSERT INTO `restaurant_ava_time` (`restaurant_ava_time_id`,`date`,`table_inventory`,`restaurant_default_time_id`) VALUES (208,'2022-04-01',15,7);
INSERT INTO `restaurant_ava_time` (`restaurant_ava_time_id`,`date`,`table_inventory`,`restaurant_default_time_id`) VALUES (209,'2022-04-01',15,8);
INSERT INTO `restaurant_ava_time` (`restaurant_ava_time_id`,`date`,`table_inventory`,`restaurant_default_time_id`) VALUES (210,'2022-04-01',15,9);
INSERT INTO `restaurant_ava_time` (`restaurant_ava_time_id`,`date`,`table_inventory`,`restaurant_default_time_id`) VALUES (211,'2022-04-01',15,10);
INSERT INTO `restaurant_ava_time` (`restaurant_ava_time_id`,`date`,`table_inventory`,`restaurant_default_time_id`) VALUES (212,'2022-04-01',15,11);
INSERT INTO `restaurant_ava_time` (`restaurant_ava_time_id`,`date`,`table_inventory`,`restaurant_default_time_id`) VALUES (213,'2022-04-01',15,12);
INSERT INTO `restaurant_ava_time` (`restaurant_ava_time_id`,`date`,`table_inventory`,`restaurant_default_time_id`) VALUES (214,'2022-04-02',15,1);
INSERT INTO `restaurant_ava_time` (`restaurant_ava_time_id`,`date`,`table_inventory`,`restaurant_default_time_id`) VALUES (215,'2022-04-02',15,2);
INSERT INTO `restaurant_ava_time` (`restaurant_ava_time_id`,`date`,`table_inventory`,`restaurant_default_time_id`) VALUES (216,'2022-04-02',15,3);
INSERT INTO `restaurant_ava_time` (`restaurant_ava_time_id`,`date`,`table_inventory`,`restaurant_default_time_id`) VALUES (217,'2022-04-02',15,4);
INSERT INTO `restaurant_ava_time` (`restaurant_ava_time_id`,`date`,`table_inventory`,`restaurant_default_time_id`) VALUES (218,'2022-04-02',15,5);
INSERT INTO `restaurant_ava_time` (`restaurant_ava_time_id`,`date`,`table_inventory`,`restaurant_default_time_id`) VALUES (219,'2022-04-02',15,6);
INSERT INTO `restaurant_ava_time` (`restaurant_ava_time_id`,`date`,`table_inventory`,`restaurant_default_time_id`) VALUES (220,'2022-04-02',15,7);
INSERT INTO `restaurant_ava_time` (`restaurant_ava_time_id`,`date`,`table_inventory`,`restaurant_default_time_id`) VALUES (221,'2022-04-02',15,8);
INSERT INTO `restaurant_ava_time` (`restaurant_ava_time_id`,`date`,`table_inventory`,`restaurant_default_time_id`) VALUES (222,'2022-04-02',15,9);
INSERT INTO `restaurant_ava_time` (`restaurant_ava_time_id`,`date`,`table_inventory`,`restaurant_default_time_id`) VALUES (223,'2022-04-02',15,10);
INSERT INTO `restaurant_ava_time` (`restaurant_ava_time_id`,`date`,`table_inventory`,`restaurant_default_time_id`) VALUES (224,'2022-04-02',15,11);
INSERT INTO `restaurant_ava_time` (`restaurant_ava_time_id`,`date`,`table_inventory`,`restaurant_default_time_id`) VALUES (225,'2022-04-02',15,12);
INSERT INTO `restaurant_ava_time` (`restaurant_ava_time_id`,`date`,`table_inventory`,`restaurant_default_time_id`) VALUES (226,'2022-04-03',15,1);
INSERT INTO `restaurant_ava_time` (`restaurant_ava_time_id`,`date`,`table_inventory`,`restaurant_default_time_id`) VALUES (227,'2022-04-03',15,2);
INSERT INTO `restaurant_ava_time` (`restaurant_ava_time_id`,`date`,`table_inventory`,`restaurant_default_time_id`) VALUES (228,'2022-04-03',15,3);
INSERT INTO `restaurant_ava_time` (`restaurant_ava_time_id`,`date`,`table_inventory`,`restaurant_default_time_id`) VALUES (229,'2022-04-03',15,4);
INSERT INTO `restaurant_ava_time` (`restaurant_ava_time_id`,`date`,`table_inventory`,`restaurant_default_time_id`) VALUES (230,'2022-04-03',16,5);
INSERT INTO `restaurant_ava_time` (`restaurant_ava_time_id`,`date`,`table_inventory`,`restaurant_default_time_id`) VALUES (231,'2022-04-03',17,6);
INSERT INTO `restaurant_ava_time` (`restaurant_ava_time_id`,`date`,`table_inventory`,`restaurant_default_time_id`) VALUES (232,'2022-04-03',15,7);
INSERT INTO `restaurant_ava_time` (`restaurant_ava_time_id`,`date`,`table_inventory`,`restaurant_default_time_id`) VALUES (233,'2022-04-03',15,8);
INSERT INTO `restaurant_ava_time` (`restaurant_ava_time_id`,`date`,`table_inventory`,`restaurant_default_time_id`) VALUES (234,'2022-04-03',15,9);
INSERT INTO `restaurant_ava_time` (`restaurant_ava_time_id`,`date`,`table_inventory`,`restaurant_default_time_id`) VALUES (235,'2022-04-03',15,10);
INSERT INTO `restaurant_ava_time` (`restaurant_ava_time_id`,`date`,`table_inventory`,`restaurant_default_time_id`) VALUES (236,'2022-04-03',15,11);
INSERT INTO `restaurant_ava_time` (`restaurant_ava_time_id`,`date`,`table_inventory`,`restaurant_default_time_id`) VALUES (237,'2022-04-03',15,12);
INSERT INTO `restaurant_ava_time` (`restaurant_ava_time_id`,`date`,`table_inventory`,`restaurant_default_time_id`) VALUES (238,'2022-04-04',15,1);
INSERT INTO `restaurant_ava_time` (`restaurant_ava_time_id`,`date`,`table_inventory`,`restaurant_default_time_id`) VALUES (239,'2022-04-04',15,2);
INSERT INTO `restaurant_ava_time` (`restaurant_ava_time_id`,`date`,`table_inventory`,`restaurant_default_time_id`) VALUES (240,'2022-04-04',15,3);
INSERT INTO `restaurant_ava_time` (`restaurant_ava_time_id`,`date`,`table_inventory`,`restaurant_default_time_id`) VALUES (241,'2022-04-04',15,4);
INSERT INTO `restaurant_ava_time` (`restaurant_ava_time_id`,`date`,`table_inventory`,`restaurant_default_time_id`) VALUES (242,'2022-04-04',15,5);
INSERT INTO `restaurant_ava_time` (`restaurant_ava_time_id`,`date`,`table_inventory`,`restaurant_default_time_id`) VALUES (243,'2022-04-04',15,6);
INSERT INTO `restaurant_ava_time` (`restaurant_ava_time_id`,`date`,`table_inventory`,`restaurant_default_time_id`) VALUES (244,'2022-04-04',15,7);
INSERT INTO `restaurant_ava_time` (`restaurant_ava_time_id`,`date`,`table_inventory`,`restaurant_default_time_id`) VALUES (245,'2022-04-04',15,8);
INSERT INTO `restaurant_ava_time` (`restaurant_ava_time_id`,`date`,`table_inventory`,`restaurant_default_time_id`) VALUES (246,'2022-04-04',15,9);
INSERT INTO `restaurant_ava_time` (`restaurant_ava_time_id`,`date`,`table_inventory`,`restaurant_default_time_id`) VALUES (247,'2022-04-04',15,10);
INSERT INTO `restaurant_ava_time` (`restaurant_ava_time_id`,`date`,`table_inventory`,`restaurant_default_time_id`) VALUES (248,'2022-04-04',15,11);
INSERT INTO `restaurant_ava_time` (`restaurant_ava_time_id`,`date`,`table_inventory`,`restaurant_default_time_id`) VALUES (249,'2022-04-04',15,12);
INSERT INTO `restaurant_ava_time` (`restaurant_ava_time_id`,`date`,`table_inventory`,`restaurant_default_time_id`) VALUES (250,'2022-04-05',15,1);
INSERT INTO `restaurant_ava_time` (`restaurant_ava_time_id`,`date`,`table_inventory`,`restaurant_default_time_id`) VALUES (251,'2022-04-05',15,2);
INSERT INTO `restaurant_ava_time` (`restaurant_ava_time_id`,`date`,`table_inventory`,`restaurant_default_time_id`) VALUES (252,'2022-04-05',15,3);
INSERT INTO `restaurant_ava_time` (`restaurant_ava_time_id`,`date`,`table_inventory`,`restaurant_default_time_id`) VALUES (253,'2022-04-05',15,4);
INSERT INTO `restaurant_ava_time` (`restaurant_ava_time_id`,`date`,`table_inventory`,`restaurant_default_time_id`) VALUES (254,'2022-04-05',15,5);
INSERT INTO `restaurant_ava_time` (`restaurant_ava_time_id`,`date`,`table_inventory`,`restaurant_default_time_id`) VALUES (255,'2022-04-05',15,6);
INSERT INTO `restaurant_ava_time` (`restaurant_ava_time_id`,`date`,`table_inventory`,`restaurant_default_time_id`) VALUES (256,'2022-04-05',15,7);
INSERT INTO `restaurant_ava_time` (`restaurant_ava_time_id`,`date`,`table_inventory`,`restaurant_default_time_id`) VALUES (257,'2022-04-05',15,8);
INSERT INTO `restaurant_ava_time` (`restaurant_ava_time_id`,`date`,`table_inventory`,`restaurant_default_time_id`) VALUES (258,'2022-04-05',15,9);
INSERT INTO `restaurant_ava_time` (`restaurant_ava_time_id`,`date`,`table_inventory`,`restaurant_default_time_id`) VALUES (259,'2022-04-05',15,10);
INSERT INTO `restaurant_ava_time` (`restaurant_ava_time_id`,`date`,`table_inventory`,`restaurant_default_time_id`) VALUES (260,'2022-04-05',15,11);
INSERT INTO `restaurant_ava_time` (`restaurant_ava_time_id`,`date`,`table_inventory`,`restaurant_default_time_id`) VALUES (261,'2022-04-05',15,12);
INSERT INTO `restaurant_ava_time` (`restaurant_ava_time_id`,`date`,`table_inventory`,`restaurant_default_time_id`) VALUES (262,'2022-04-06',15,1);
INSERT INTO `restaurant_ava_time` (`restaurant_ava_time_id`,`date`,`table_inventory`,`restaurant_default_time_id`) VALUES (263,'2022-04-06',15,2);
INSERT INTO `restaurant_ava_time` (`restaurant_ava_time_id`,`date`,`table_inventory`,`restaurant_default_time_id`) VALUES (264,'2022-04-06',15,3);
INSERT INTO `restaurant_ava_time` (`restaurant_ava_time_id`,`date`,`table_inventory`,`restaurant_default_time_id`) VALUES (265,'2022-04-06',15,4);
INSERT INTO `restaurant_ava_time` (`restaurant_ava_time_id`,`date`,`table_inventory`,`restaurant_default_time_id`) VALUES (266,'2022-04-06',15,5);
INSERT INTO `restaurant_ava_time` (`restaurant_ava_time_id`,`date`,`table_inventory`,`restaurant_default_time_id`) VALUES (267,'2022-04-06',15,6);
INSERT INTO `restaurant_ava_time` (`restaurant_ava_time_id`,`date`,`table_inventory`,`restaurant_default_time_id`) VALUES (268,'2022-04-06',15,7);
INSERT INTO `restaurant_ava_time` (`restaurant_ava_time_id`,`date`,`table_inventory`,`restaurant_default_time_id`) VALUES (269,'2022-04-06',15,8);
INSERT INTO `restaurant_ava_time` (`restaurant_ava_time_id`,`date`,`table_inventory`,`restaurant_default_time_id`) VALUES (270,'2022-04-06',15,9);
INSERT INTO `restaurant_ava_time` (`restaurant_ava_time_id`,`date`,`table_inventory`,`restaurant_default_time_id`) VALUES (271,'2022-04-06',15,10);
INSERT INTO `restaurant_ava_time` (`restaurant_ava_time_id`,`date`,`table_inventory`,`restaurant_default_time_id`) VALUES (272,'2022-04-06',15,11);
INSERT INTO `restaurant_ava_time` (`restaurant_ava_time_id`,`date`,`table_inventory`,`restaurant_default_time_id`) VALUES (273,'2022-04-06',15,12);
INSERT INTO `restaurant_ava_time` (`restaurant_ava_time_id`,`date`,`table_inventory`,`restaurant_default_time_id`) VALUES (274,'2022-04-07',15,1);
INSERT INTO `restaurant_ava_time` (`restaurant_ava_time_id`,`date`,`table_inventory`,`restaurant_default_time_id`) VALUES (275,'2022-04-07',15,2);
INSERT INTO `restaurant_ava_time` (`restaurant_ava_time_id`,`date`,`table_inventory`,`restaurant_default_time_id`) VALUES (276,'2022-04-07',15,3);
INSERT INTO `restaurant_ava_time` (`restaurant_ava_time_id`,`date`,`table_inventory`,`restaurant_default_time_id`) VALUES (277,'2022-04-07',15,4);
INSERT INTO `restaurant_ava_time` (`restaurant_ava_time_id`,`date`,`table_inventory`,`restaurant_default_time_id`) VALUES (278,'2022-04-07',15,5);
INSERT INTO `restaurant_ava_time` (`restaurant_ava_time_id`,`date`,`table_inventory`,`restaurant_default_time_id`) VALUES (279,'2022-04-07',15,6);
INSERT INTO `restaurant_ava_time` (`restaurant_ava_time_id`,`date`,`table_inventory`,`restaurant_default_time_id`) VALUES (280,'2022-04-07',15,7);
INSERT INTO `restaurant_ava_time` (`restaurant_ava_time_id`,`date`,`table_inventory`,`restaurant_default_time_id`) VALUES (281,'2022-04-07',15,8);
INSERT INTO `restaurant_ava_time` (`restaurant_ava_time_id`,`date`,`table_inventory`,`restaurant_default_time_id`) VALUES (282,'2022-04-07',15,9);
INSERT INTO `restaurant_ava_time` (`restaurant_ava_time_id`,`date`,`table_inventory`,`restaurant_default_time_id`) VALUES (283,'2022-04-07',15,10);
INSERT INTO `restaurant_ava_time` (`restaurant_ava_time_id`,`date`,`table_inventory`,`restaurant_default_time_id`) VALUES (284,'2022-04-07',15,11);
INSERT INTO `restaurant_ava_time` (`restaurant_ava_time_id`,`date`,`table_inventory`,`restaurant_default_time_id`) VALUES (285,'2022-04-07',15,12);
INSERT INTO `restaurant_ava_time` (`restaurant_ava_time_id`,`date`,`table_inventory`,`restaurant_default_time_id`) VALUES (286,'2022-04-08',15,1);
INSERT INTO `restaurant_ava_time` (`restaurant_ava_time_id`,`date`,`table_inventory`,`restaurant_default_time_id`) VALUES (287,'2022-04-08',15,2);
INSERT INTO `restaurant_ava_time` (`restaurant_ava_time_id`,`date`,`table_inventory`,`restaurant_default_time_id`) VALUES (288,'2022-04-08',15,3);
INSERT INTO `restaurant_ava_time` (`restaurant_ava_time_id`,`date`,`table_inventory`,`restaurant_default_time_id`) VALUES (289,'2022-04-08',15,4);
INSERT INTO `restaurant_ava_time` (`restaurant_ava_time_id`,`date`,`table_inventory`,`restaurant_default_time_id`) VALUES (290,'2022-04-08',15,5);
INSERT INTO `restaurant_ava_time` (`restaurant_ava_time_id`,`date`,`table_inventory`,`restaurant_default_time_id`) VALUES (291,'2022-04-08',15,6);
INSERT INTO `restaurant_ava_time` (`restaurant_ava_time_id`,`date`,`table_inventory`,`restaurant_default_time_id`) VALUES (292,'2022-04-08',15,7);
INSERT INTO `restaurant_ava_time` (`restaurant_ava_time_id`,`date`,`table_inventory`,`restaurant_default_time_id`) VALUES (293,'2022-04-08',15,8);
INSERT INTO `restaurant_ava_time` (`restaurant_ava_time_id`,`date`,`table_inventory`,`restaurant_default_time_id`) VALUES (294,'2022-04-08',15,9);
INSERT INTO `restaurant_ava_time` (`restaurant_ava_time_id`,`date`,`table_inventory`,`restaurant_default_time_id`) VALUES (295,'2022-04-08',15,10);
INSERT INTO `restaurant_ava_time` (`restaurant_ava_time_id`,`date`,`table_inventory`,`restaurant_default_time_id`) VALUES (296,'2022-04-08',15,11);
INSERT INTO `restaurant_ava_time` (`restaurant_ava_time_id`,`date`,`table_inventory`,`restaurant_default_time_id`) VALUES (297,'2022-04-08',15,12);
INSERT INTO `restaurant_ava_time` (`restaurant_ava_time_id`,`date`,`table_inventory`,`restaurant_default_time_id`) VALUES (298,'2022-04-09',15,1);
INSERT INTO `restaurant_ava_time` (`restaurant_ava_time_id`,`date`,`table_inventory`,`restaurant_default_time_id`) VALUES (299,'2022-04-09',15,2);
INSERT INTO `restaurant_ava_time` (`restaurant_ava_time_id`,`date`,`table_inventory`,`restaurant_default_time_id`) VALUES (300,'2022-04-09',15,3);
INSERT INTO `restaurant_ava_time` (`restaurant_ava_time_id`,`date`,`table_inventory`,`restaurant_default_time_id`) VALUES (301,'2022-04-09',15,4);
INSERT INTO `restaurant_ava_time` (`restaurant_ava_time_id`,`date`,`table_inventory`,`restaurant_default_time_id`) VALUES (302,'2022-04-09',15,5);
INSERT INTO `restaurant_ava_time` (`restaurant_ava_time_id`,`date`,`table_inventory`,`restaurant_default_time_id`) VALUES (303,'2022-04-09',15,6);
INSERT INTO `restaurant_ava_time` (`restaurant_ava_time_id`,`date`,`table_inventory`,`restaurant_default_time_id`) VALUES (304,'2022-04-09',15,7);
INSERT INTO `restaurant_ava_time` (`restaurant_ava_time_id`,`date`,`table_inventory`,`restaurant_default_time_id`) VALUES (305,'2022-04-09',15,8);
INSERT INTO `restaurant_ava_time` (`restaurant_ava_time_id`,`date`,`table_inventory`,`restaurant_default_time_id`) VALUES (306,'2022-04-09',15,9);
INSERT INTO `restaurant_ava_time` (`restaurant_ava_time_id`,`date`,`table_inventory`,`restaurant_default_time_id`) VALUES (307,'2022-04-09',15,10);
INSERT INTO `restaurant_ava_time` (`restaurant_ava_time_id`,`date`,`table_inventory`,`restaurant_default_time_id`) VALUES (308,'2022-04-09',15,11);
INSERT INTO `restaurant_ava_time` (`restaurant_ava_time_id`,`date`,`table_inventory`,`restaurant_default_time_id`) VALUES (309,'2022-04-09',15,12);
INSERT INTO `restaurant_ava_time` (`restaurant_ava_time_id`,`date`,`table_inventory`,`restaurant_default_time_id`) VALUES (310,'2022-04-10',15,1);
INSERT INTO `restaurant_ava_time` (`restaurant_ava_time_id`,`date`,`table_inventory`,`restaurant_default_time_id`) VALUES (311,'2022-04-10',15,2);
INSERT INTO `restaurant_ava_time` (`restaurant_ava_time_id`,`date`,`table_inventory`,`restaurant_default_time_id`) VALUES (312,'2022-04-10',15,3);
INSERT INTO `restaurant_ava_time` (`restaurant_ava_time_id`,`date`,`table_inventory`,`restaurant_default_time_id`) VALUES (313,'2022-04-10',15,4);
INSERT INTO `restaurant_ava_time` (`restaurant_ava_time_id`,`date`,`table_inventory`,`restaurant_default_time_id`) VALUES (314,'2022-04-10',15,5);
INSERT INTO `restaurant_ava_time` (`restaurant_ava_time_id`,`date`,`table_inventory`,`restaurant_default_time_id`) VALUES (315,'2022-04-10',15,6);
INSERT INTO `restaurant_ava_time` (`restaurant_ava_time_id`,`date`,`table_inventory`,`restaurant_default_time_id`) VALUES (316,'2022-04-10',15,7);
INSERT INTO `restaurant_ava_time` (`restaurant_ava_time_id`,`date`,`table_inventory`,`restaurant_default_time_id`) VALUES (317,'2022-04-10',15,8);
INSERT INTO `restaurant_ava_time` (`restaurant_ava_time_id`,`date`,`table_inventory`,`restaurant_default_time_id`) VALUES (318,'2022-04-10',15,9);
INSERT INTO `restaurant_ava_time` (`restaurant_ava_time_id`,`date`,`table_inventory`,`restaurant_default_time_id`) VALUES (319,'2022-04-10',15,10);
INSERT INTO `restaurant_ava_time` (`restaurant_ava_time_id`,`date`,`table_inventory`,`restaurant_default_time_id`) VALUES (320,'2022-04-10',15,11);
INSERT INTO `restaurant_ava_time` (`restaurant_ava_time_id`,`date`,`table_inventory`,`restaurant_default_time_id`) VALUES (321,'2022-04-10',15,12);
INSERT INTO `restaurant_ava_time` (`restaurant_ava_time_id`,`date`,`table_inventory`,`restaurant_default_time_id`) VALUES (322,'2022-04-11',15,1);
INSERT INTO `restaurant_ava_time` (`restaurant_ava_time_id`,`date`,`table_inventory`,`restaurant_default_time_id`) VALUES (323,'2022-04-11',15,2);
INSERT INTO `restaurant_ava_time` (`restaurant_ava_time_id`,`date`,`table_inventory`,`restaurant_default_time_id`) VALUES (324,'2022-04-11',15,3);
INSERT INTO `restaurant_ava_time` (`restaurant_ava_time_id`,`date`,`table_inventory`,`restaurant_default_time_id`) VALUES (325,'2022-04-11',15,4);
INSERT INTO `restaurant_ava_time` (`restaurant_ava_time_id`,`date`,`table_inventory`,`restaurant_default_time_id`) VALUES (326,'2022-04-11',15,5);
INSERT INTO `restaurant_ava_time` (`restaurant_ava_time_id`,`date`,`table_inventory`,`restaurant_default_time_id`) VALUES (327,'2022-04-11',15,6);
INSERT INTO `restaurant_ava_time` (`restaurant_ava_time_id`,`date`,`table_inventory`,`restaurant_default_time_id`) VALUES (328,'2022-04-11',15,7);
INSERT INTO `restaurant_ava_time` (`restaurant_ava_time_id`,`date`,`table_inventory`,`restaurant_default_time_id`) VALUES (329,'2022-04-11',15,8);
INSERT INTO `restaurant_ava_time` (`restaurant_ava_time_id`,`date`,`table_inventory`,`restaurant_default_time_id`) VALUES (330,'2022-04-11',15,9);
INSERT INTO `restaurant_ava_time` (`restaurant_ava_time_id`,`date`,`table_inventory`,`restaurant_default_time_id`) VALUES (331,'2022-04-11',15,10);
INSERT INTO `restaurant_ava_time` (`restaurant_ava_time_id`,`date`,`table_inventory`,`restaurant_default_time_id`) VALUES (332,'2022-04-11',15,11);
INSERT INTO `restaurant_ava_time` (`restaurant_ava_time_id`,`date`,`table_inventory`,`restaurant_default_time_id`) VALUES (333,'2022-04-11',15,12);
INSERT INTO `restaurant_ava_time` (`restaurant_ava_time_id`,`date`,`table_inventory`,`restaurant_default_time_id`) VALUES (334,'2022-04-12',15,1);
INSERT INTO `restaurant_ava_time` (`restaurant_ava_time_id`,`date`,`table_inventory`,`restaurant_default_time_id`) VALUES (335,'2022-04-13',15,2);
INSERT INTO `restaurant_ava_time` (`restaurant_ava_time_id`,`date`,`table_inventory`,`restaurant_default_time_id`) VALUES (336,'2022-04-14',15,3);
INSERT INTO `restaurant_ava_time` (`restaurant_ava_time_id`,`date`,`table_inventory`,`restaurant_default_time_id`) VALUES (337,'2022-04-15',15,4);
INSERT INTO `restaurant_ava_time` (`restaurant_ava_time_id`,`date`,`table_inventory`,`restaurant_default_time_id`) VALUES (338,'2022-04-16',15,5);
INSERT INTO `restaurant_ava_time` (`restaurant_ava_time_id`,`date`,`table_inventory`,`restaurant_default_time_id`) VALUES (339,'2022-04-17',15,6);
INSERT INTO `restaurant_ava_time` (`restaurant_ava_time_id`,`date`,`table_inventory`,`restaurant_default_time_id`) VALUES (340,'2022-04-18',15,7);
INSERT INTO `restaurant_ava_time` (`restaurant_ava_time_id`,`date`,`table_inventory`,`restaurant_default_time_id`) VALUES (341,'2022-04-19',15,8);
INSERT INTO `restaurant_ava_time` (`restaurant_ava_time_id`,`date`,`table_inventory`,`restaurant_default_time_id`) VALUES (342,'2022-04-20',15,9);
INSERT INTO `restaurant_ava_time` (`restaurant_ava_time_id`,`date`,`table_inventory`,`restaurant_default_time_id`) VALUES (343,'2022-04-21',15,10);
INSERT INTO `restaurant_ava_time` (`restaurant_ava_time_id`,`date`,`table_inventory`,`restaurant_default_time_id`) VALUES (344,'2022-04-22',15,11);
INSERT INTO `restaurant_ava_time` (`restaurant_ava_time_id`,`date`,`table_inventory`,`restaurant_default_time_id`) VALUES (345,'2022-04-23',15,12);
INSERT INTO `restaurant_ava_time` (`restaurant_ava_time_id`,`date`,`table_inventory`,`restaurant_default_time_id`) VALUES (346,'2022-04-24',15,1);
INSERT INTO `restaurant_ava_time` (`restaurant_ava_time_id`,`date`,`table_inventory`,`restaurant_default_time_id`) VALUES (347,'2022-04-25',15,2);
INSERT INTO `restaurant_ava_time` (`restaurant_ava_time_id`,`date`,`table_inventory`,`restaurant_default_time_id`) VALUES (348,'2022-04-26',15,3);
INSERT INTO `restaurant_ava_time` (`restaurant_ava_time_id`,`date`,`table_inventory`,`restaurant_default_time_id`) VALUES (349,'2022-04-27',15,4);
INSERT INTO `restaurant_ava_time` (`restaurant_ava_time_id`,`date`,`table_inventory`,`restaurant_default_time_id`) VALUES (350,'2022-04-28',15,5);
INSERT INTO `restaurant_ava_time` (`restaurant_ava_time_id`,`date`,`table_inventory`,`restaurant_default_time_id`) VALUES (351,'2022-04-29',15,6);
INSERT INTO `restaurant_ava_time` (`restaurant_ava_time_id`,`date`,`table_inventory`,`restaurant_default_time_id`) VALUES (352,'2022-04-30',15,7);
INSERT INTO `restaurant_ava_time` (`restaurant_ava_time_id`,`date`,`table_inventory`,`restaurant_default_time_id`) VALUES (353,'2022-05-01',15,8);
INSERT INTO `restaurant_ava_time` (`restaurant_ava_time_id`,`date`,`table_inventory`,`restaurant_default_time_id`) VALUES (354,'2022-05-02',15,9);
INSERT INTO `restaurant_ava_time` (`restaurant_ava_time_id`,`date`,`table_inventory`,`restaurant_default_time_id`) VALUES (355,'2022-05-03',15,10);
INSERT INTO `restaurant_ava_time` (`restaurant_ava_time_id`,`date`,`table_inventory`,`restaurant_default_time_id`) VALUES (356,'2022-05-04',15,11);
INSERT INTO `restaurant_ava_time` (`restaurant_ava_time_id`,`date`,`table_inventory`,`restaurant_default_time_id`) VALUES (357,'2022-05-05',15,12);
INSERT INTO `restaurant_ava_time` (`restaurant_ava_time_id`,`date`,`table_inventory`,`restaurant_default_time_id`) VALUES (358,'2022-05-06',15,1);
INSERT INTO `restaurant_ava_time` (`restaurant_ava_time_id`,`date`,`table_inventory`,`restaurant_default_time_id`) VALUES (359,'2022-05-07',15,2);
INSERT INTO `restaurant_ava_time` (`restaurant_ava_time_id`,`date`,`table_inventory`,`restaurant_default_time_id`) VALUES (360,'2022-05-08',15,3);
INSERT INTO `restaurant_ava_time` (`restaurant_ava_time_id`,`date`,`table_inventory`,`restaurant_default_time_id`) VALUES (361,'2022-05-09',15,4);
INSERT INTO `restaurant_ava_time` (`restaurant_ava_time_id`,`date`,`table_inventory`,`restaurant_default_time_id`) VALUES (362,'2022-05-10',15,5);
INSERT INTO `restaurant_ava_time` (`restaurant_ava_time_id`,`date`,`table_inventory`,`restaurant_default_time_id`) VALUES (363,'2022-05-11',15,6);
INSERT INTO `restaurant_ava_time` (`restaurant_ava_time_id`,`date`,`table_inventory`,`restaurant_default_time_id`) VALUES (364,'2022-05-12',15,7);
INSERT INTO `restaurant_ava_time` (`restaurant_ava_time_id`,`date`,`table_inventory`,`restaurant_default_time_id`) VALUES (365,'2022-05-13',15,8);
INSERT INTO `restaurant_ava_time` (`restaurant_ava_time_id`,`date`,`table_inventory`,`restaurant_default_time_id`) VALUES (366,'2022-05-14',15,9);
INSERT INTO `restaurant_ava_time` (`restaurant_ava_time_id`,`date`,`table_inventory`,`restaurant_default_time_id`) VALUES (367,'2022-05-15',15,10);
INSERT INTO `restaurant_ava_time` (`restaurant_ava_time_id`,`date`,`table_inventory`,`restaurant_default_time_id`) VALUES (368,'2022-05-16',15,11);
INSERT INTO `restaurant_ava_time` (`restaurant_ava_time_id`,`date`,`table_inventory`,`restaurant_default_time_id`) VALUES (369,'2022-05-17',15,12);
INSERT INTO `restaurant_ava_time` (`restaurant_ava_time_id`,`date`,`table_inventory`,`restaurant_default_time_id`) VALUES (370,'2022-05-18',15,1);
INSERT INTO `restaurant_ava_time` (`restaurant_ava_time_id`,`date`,`table_inventory`,`restaurant_default_time_id`) VALUES (371,'2022-05-19',15,2);
INSERT INTO `restaurant_ava_time` (`restaurant_ava_time_id`,`date`,`table_inventory`,`restaurant_default_time_id`) VALUES (372,'2022-05-20',15,3);
INSERT INTO `restaurant_ava_time` (`restaurant_ava_time_id`,`date`,`table_inventory`,`restaurant_default_time_id`) VALUES (373,'2022-05-21',15,4);
INSERT INTO `restaurant_ava_time` (`restaurant_ava_time_id`,`date`,`table_inventory`,`restaurant_default_time_id`) VALUES (374,'2022-05-22',15,5);
INSERT INTO `restaurant_ava_time` (`restaurant_ava_time_id`,`date`,`table_inventory`,`restaurant_default_time_id`) VALUES (375,'2022-05-23',15,6);
INSERT INTO `restaurant_ava_time` (`restaurant_ava_time_id`,`date`,`table_inventory`,`restaurant_default_time_id`) VALUES (376,'2022-05-24',15,7);
INSERT INTO `restaurant_ava_time` (`restaurant_ava_time_id`,`date`,`table_inventory`,`restaurant_default_time_id`) VALUES (377,'2022-05-25',15,8);
INSERT INTO `restaurant_ava_time` (`restaurant_ava_time_id`,`date`,`table_inventory`,`restaurant_default_time_id`) VALUES (378,'2022-05-26',15,9);
INSERT INTO `restaurant_ava_time` (`restaurant_ava_time_id`,`date`,`table_inventory`,`restaurant_default_time_id`) VALUES (379,'2022-05-27',15,10);
INSERT INTO `restaurant_ava_time` (`restaurant_ava_time_id`,`date`,`table_inventory`,`restaurant_default_time_id`) VALUES (380,'2022-05-28',15,11);
INSERT INTO `restaurant_ava_time` (`restaurant_ava_time_id`,`date`,`table_inventory`,`restaurant_default_time_id`) VALUES (381,'2022-05-29',15,12);
INSERT INTO `restaurant_ava_time` (`restaurant_ava_time_id`,`date`,`table_inventory`,`restaurant_default_time_id`) VALUES (382,'2022-05-30',15,1);
INSERT INTO `restaurant_ava_time` (`restaurant_ava_time_id`,`date`,`table_inventory`,`restaurant_default_time_id`) VALUES (383,'2022-05-31',15,2);
INSERT INTO `restaurant_ava_time` (`restaurant_ava_time_id`,`date`,`table_inventory`,`restaurant_default_time_id`) VALUES (384,'2022-06-01',15,3);
INSERT INTO `restaurant_ava_time` (`restaurant_ava_time_id`,`date`,`table_inventory`,`restaurant_default_time_id`) VALUES (385,'2022-06-02',15,4);
INSERT INTO `restaurant_ava_time` (`restaurant_ava_time_id`,`date`,`table_inventory`,`restaurant_default_time_id`) VALUES (386,'2022-06-03',15,5);
INSERT INTO `restaurant_ava_time` (`restaurant_ava_time_id`,`date`,`table_inventory`,`restaurant_default_time_id`) VALUES (387,'2022-06-04',15,6);
INSERT INTO `restaurant_ava_time` (`restaurant_ava_time_id`,`date`,`table_inventory`,`restaurant_default_time_id`) VALUES (388,'2022-06-05',15,7);
INSERT INTO `restaurant_ava_time` (`restaurant_ava_time_id`,`date`,`table_inventory`,`restaurant_default_time_id`) VALUES (389,'2022-06-06',15,8);
INSERT INTO `restaurant_ava_time` (`restaurant_ava_time_id`,`date`,`table_inventory`,`restaurant_default_time_id`) VALUES (390,'2022-06-07',15,9);
INSERT INTO `restaurant_ava_time` (`restaurant_ava_time_id`,`date`,`table_inventory`,`restaurant_default_time_id`) VALUES (391,'2022-06-08',15,10);
INSERT INTO `restaurant_ava_time` (`restaurant_ava_time_id`,`date`,`table_inventory`,`restaurant_default_time_id`) VALUES (392,'2022-06-09',15,11);
INSERT INTO `restaurant_ava_time` (`restaurant_ava_time_id`,`date`,`table_inventory`,`restaurant_default_time_id`) VALUES (393,'2022-06-10',15,12);
INSERT INTO `restaurant_ava_time` (`restaurant_ava_time_id`,`date`,`table_inventory`,`restaurant_default_time_id`) VALUES (394,'2022-06-11',15,1);
INSERT INTO `restaurant_ava_time` (`restaurant_ava_time_id`,`date`,`table_inventory`,`restaurant_default_time_id`) VALUES (395,'2022-06-12',15,2);
INSERT INTO `restaurant_ava_time` (`restaurant_ava_time_id`,`date`,`table_inventory`,`restaurant_default_time_id`) VALUES (396,'2022-06-13',15,3);
INSERT INTO `restaurant_ava_time` (`restaurant_ava_time_id`,`date`,`table_inventory`,`restaurant_default_time_id`) VALUES (397,'2022-06-14',15,4);
INSERT INTO `restaurant_ava_time` (`restaurant_ava_time_id`,`date`,`table_inventory`,`restaurant_default_time_id`) VALUES (398,'2022-06-15',15,5);
INSERT INTO `restaurant_ava_time` (`restaurant_ava_time_id`,`date`,`table_inventory`,`restaurant_default_time_id`) VALUES (399,'2022-06-16',15,6);
INSERT INTO `restaurant_ava_time` (`restaurant_ava_time_id`,`date`,`table_inventory`,`restaurant_default_time_id`) VALUES (400,'2022-06-17',15,7);
INSERT INTO `restaurant_ava_time` (`restaurant_ava_time_id`,`date`,`table_inventory`,`restaurant_default_time_id`) VALUES (401,'2022-06-18',15,8);
INSERT INTO `restaurant_ava_time` (`restaurant_ava_time_id`,`date`,`table_inventory`,`restaurant_default_time_id`) VALUES (402,'2022-06-19',15,9);
INSERT INTO `restaurant_ava_time` (`restaurant_ava_time_id`,`date`,`table_inventory`,`restaurant_default_time_id`) VALUES (403,'2022-06-20',15,10);
INSERT INTO `restaurant_ava_time` (`restaurant_ava_time_id`,`date`,`table_inventory`,`restaurant_default_time_id`) VALUES (404,'2022-06-21',15,11);
INSERT INTO `restaurant_ava_time` (`restaurant_ava_time_id`,`date`,`table_inventory`,`restaurant_default_time_id`) VALUES (405,'2022-06-22',15,12);
INSERT INTO `restaurant_ava_time` (`restaurant_ava_time_id`,`date`,`table_inventory`,`restaurant_default_time_id`) VALUES (406,'2022-06-23',15,1);
INSERT INTO `restaurant_ava_time` (`restaurant_ava_time_id`,`date`,`table_inventory`,`restaurant_default_time_id`) VALUES (407,'2022-06-24',15,2);
INSERT INTO `restaurant_ava_time` (`restaurant_ava_time_id`,`date`,`table_inventory`,`restaurant_default_time_id`) VALUES (408,'2022-06-25',15,3);
INSERT INTO `restaurant_ava_time` (`restaurant_ava_time_id`,`date`,`table_inventory`,`restaurant_default_time_id`) VALUES (409,'2022-06-26',15,4);
INSERT INTO `restaurant_ava_time` (`restaurant_ava_time_id`,`date`,`table_inventory`,`restaurant_default_time_id`) VALUES (410,'2022-06-27',15,5);
INSERT INTO `restaurant_ava_time` (`restaurant_ava_time_id`,`date`,`table_inventory`,`restaurant_default_time_id`) VALUES (411,'2022-06-28',15,6);
INSERT INTO `restaurant_ava_time` (`restaurant_ava_time_id`,`date`,`table_inventory`,`restaurant_default_time_id`) VALUES (412,'2022-06-29',15,7);
INSERT INTO `restaurant_ava_time` (`restaurant_ava_time_id`,`date`,`table_inventory`,`restaurant_default_time_id`) VALUES (413,'2022-06-30',15,8);
INSERT INTO `restaurant_ava_time` (`restaurant_ava_time_id`,`date`,`table_inventory`,`restaurant_default_time_id`) VALUES (414,'2022-07-01',15,9);
INSERT INTO `restaurant_ava_time` (`restaurant_ava_time_id`,`date`,`table_inventory`,`restaurant_default_time_id`) VALUES (415,'2022-07-02',15,10);
INSERT INTO `restaurant_ava_time` (`restaurant_ava_time_id`,`date`,`table_inventory`,`restaurant_default_time_id`) VALUES (416,'2022-07-03',15,11);
INSERT INTO `restaurant_ava_time` (`restaurant_ava_time_id`,`date`,`table_inventory`,`restaurant_default_time_id`) VALUES (417,'2022-07-04',15,12);
INSERT INTO `restaurant_ava_time` (`restaurant_ava_time_id`,`date`,`table_inventory`,`restaurant_default_time_id`) VALUES (418,'2022-07-05',15,1);
INSERT INTO `restaurant_ava_time` (`restaurant_ava_time_id`,`date`,`table_inventory`,`restaurant_default_time_id`) VALUES (419,'2022-07-06',15,2);
INSERT INTO `restaurant_ava_time` (`restaurant_ava_time_id`,`date`,`table_inventory`,`restaurant_default_time_id`) VALUES (420,'2022-07-07',15,3);
INSERT INTO `restaurant_ava_time` (`restaurant_ava_time_id`,`date`,`table_inventory`,`restaurant_default_time_id`) VALUES (421,'2022-07-08',15,4);
INSERT INTO `restaurant_ava_time` (`restaurant_ava_time_id`,`date`,`table_inventory`,`restaurant_default_time_id`) VALUES (422,'2022-07-09',15,5);
INSERT INTO `restaurant_ava_time` (`restaurant_ava_time_id`,`date`,`table_inventory`,`restaurant_default_time_id`) VALUES (423,'2022-07-10',15,6);
INSERT INTO `restaurant_ava_time` (`restaurant_ava_time_id`,`date`,`table_inventory`,`restaurant_default_time_id`) VALUES (424,'2022-07-11',15,7);
INSERT INTO `restaurant_ava_time` (`restaurant_ava_time_id`,`date`,`table_inventory`,`restaurant_default_time_id`) VALUES (425,'2022-07-12',15,8);
INSERT INTO `restaurant_ava_time` (`restaurant_ava_time_id`,`date`,`table_inventory`,`restaurant_default_time_id`) VALUES (426,'2022-07-13',15,9);
INSERT INTO `restaurant_ava_time` (`restaurant_ava_time_id`,`date`,`table_inventory`,`restaurant_default_time_id`) VALUES (427,'2022-07-14',15,10);
INSERT INTO `restaurant_ava_time` (`restaurant_ava_time_id`,`date`,`table_inventory`,`restaurant_default_time_id`) VALUES (428,'2022-07-15',15,11);
INSERT INTO `restaurant_ava_time` (`restaurant_ava_time_id`,`date`,`table_inventory`,`restaurant_default_time_id`) VALUES (429,'2022-07-16',15,12);
INSERT INTO `restaurant_ava_time` (`restaurant_ava_time_id`,`date`,`table_inventory`,`restaurant_default_time_id`) VALUES (430,'2022-07-17',15,1);
INSERT INTO `restaurant_ava_time` (`restaurant_ava_time_id`,`date`,`table_inventory`,`restaurant_default_time_id`) VALUES (431,'2022-07-18',15,2);
INSERT INTO `restaurant_ava_time` (`restaurant_ava_time_id`,`date`,`table_inventory`,`restaurant_default_time_id`) VALUES (432,'2022-07-19',15,3);
INSERT INTO `restaurant_ava_time` (`restaurant_ava_time_id`,`date`,`table_inventory`,`restaurant_default_time_id`) VALUES (433,'2022-07-20',15,4);
INSERT INTO `restaurant_ava_time` (`restaurant_ava_time_id`,`date`,`table_inventory`,`restaurant_default_time_id`) VALUES (434,'2022-07-21',15,5);
INSERT INTO `restaurant_ava_time` (`restaurant_ava_time_id`,`date`,`table_inventory`,`restaurant_default_time_id`) VALUES (435,'2022-07-22',15,6);
INSERT INTO `restaurant_ava_time` (`restaurant_ava_time_id`,`date`,`table_inventory`,`restaurant_default_time_id`) VALUES (436,'2022-07-23',15,7);
INSERT INTO `restaurant_ava_time` (`restaurant_ava_time_id`,`date`,`table_inventory`,`restaurant_default_time_id`) VALUES (437,'2022-07-24',15,8);
INSERT INTO `restaurant_ava_time` (`restaurant_ava_time_id`,`date`,`table_inventory`,`restaurant_default_time_id`) VALUES (438,'2022-07-25',15,9);
INSERT INTO `restaurant_ava_time` (`restaurant_ava_time_id`,`date`,`table_inventory`,`restaurant_default_time_id`) VALUES (439,'2022-07-26',15,10);
INSERT INTO `restaurant_ava_time` (`restaurant_ava_time_id`,`date`,`table_inventory`,`restaurant_default_time_id`) VALUES (440,'2022-07-27',15,11);
INSERT INTO `restaurant_ava_time` (`restaurant_ava_time_id`,`date`,`table_inventory`,`restaurant_default_time_id`) VALUES (441,'2022-07-28',15,12);
INSERT INTO `restaurant_ava_time` (`restaurant_ava_time_id`,`date`,`table_inventory`,`restaurant_default_time_id`) VALUES (442,'2022-07-29',15,1);
INSERT INTO `restaurant_ava_time` (`restaurant_ava_time_id`,`date`,`table_inventory`,`restaurant_default_time_id`) VALUES (443,'2022-07-30',15,2);
INSERT INTO `restaurant_ava_time` (`restaurant_ava_time_id`,`date`,`table_inventory`,`restaurant_default_time_id`) VALUES (444,'2022-07-31',15,3);
INSERT INTO `restaurant_ava_time` (`restaurant_ava_time_id`,`date`,`table_inventory`,`restaurant_default_time_id`) VALUES (445,'2022-08-01',15,4);
INSERT INTO `restaurant_ava_time` (`restaurant_ava_time_id`,`date`,`table_inventory`,`restaurant_default_time_id`) VALUES (446,'2022-08-02',15,5);
INSERT INTO `restaurant_ava_time` (`restaurant_ava_time_id`,`date`,`table_inventory`,`restaurant_default_time_id`) VALUES (447,'2022-08-03',15,6);
INSERT INTO `restaurant_ava_time` (`restaurant_ava_time_id`,`date`,`table_inventory`,`restaurant_default_time_id`) VALUES (448,'2022-08-04',15,7);
INSERT INTO `restaurant_ava_time` (`restaurant_ava_time_id`,`date`,`table_inventory`,`restaurant_default_time_id`) VALUES (449,'2022-08-05',15,8);
INSERT INTO `restaurant_ava_time` (`restaurant_ava_time_id`,`date`,`table_inventory`,`restaurant_default_time_id`) VALUES (450,'2022-08-06',15,9);
INSERT INTO `restaurant_ava_time` (`restaurant_ava_time_id`,`date`,`table_inventory`,`restaurant_default_time_id`) VALUES (451,'2022-08-07',15,10);
INSERT INTO `restaurant_ava_time` (`restaurant_ava_time_id`,`date`,`table_inventory`,`restaurant_default_time_id`) VALUES (452,'2022-08-08',15,11);
INSERT INTO `restaurant_ava_time` (`restaurant_ava_time_id`,`date`,`table_inventory`,`restaurant_default_time_id`) VALUES (453,'2022-08-09',15,12);
INSERT INTO `restaurant_ava_time` (`restaurant_ava_time_id`,`date`,`table_inventory`,`restaurant_default_time_id`) VALUES (454,'2022-08-10',15,1);
INSERT INTO `restaurant_ava_time` (`restaurant_ava_time_id`,`date`,`table_inventory`,`restaurant_default_time_id`) VALUES (455,'2022-08-11',15,2);
INSERT INTO `restaurant_ava_time` (`restaurant_ava_time_id`,`date`,`table_inventory`,`restaurant_default_time_id`) VALUES (456,'2022-08-12',15,3);
INSERT INTO `restaurant_ava_time` (`restaurant_ava_time_id`,`date`,`table_inventory`,`restaurant_default_time_id`) VALUES (457,'2022-08-13',15,4);
INSERT INTO `restaurant_ava_time` (`restaurant_ava_time_id`,`date`,`table_inventory`,`restaurant_default_time_id`) VALUES (458,'2022-08-14',15,5);
INSERT INTO `restaurant_ava_time` (`restaurant_ava_time_id`,`date`,`table_inventory`,`restaurant_default_time_id`) VALUES (459,'2022-08-15',15,6);
INSERT INTO `restaurant_ava_time` (`restaurant_ava_time_id`,`date`,`table_inventory`,`restaurant_default_time_id`) VALUES (460,'2022-08-16',15,7);
INSERT INTO `restaurant_ava_time` (`restaurant_ava_time_id`,`date`,`table_inventory`,`restaurant_default_time_id`) VALUES (461,'2022-08-17',15,8);
INSERT INTO `restaurant_ava_time` (`restaurant_ava_time_id`,`date`,`table_inventory`,`restaurant_default_time_id`) VALUES (462,'2022-08-18',15,9);
INSERT INTO `restaurant_ava_time` (`restaurant_ava_time_id`,`date`,`table_inventory`,`restaurant_default_time_id`) VALUES (463,'2022-08-19',15,10);
INSERT INTO `restaurant_ava_time` (`restaurant_ava_time_id`,`date`,`table_inventory`,`restaurant_default_time_id`) VALUES (464,'2022-08-20',15,11);
INSERT INTO `restaurant_ava_time` (`restaurant_ava_time_id`,`date`,`table_inventory`,`restaurant_default_time_id`) VALUES (465,'2022-08-21',15,12);
INSERT INTO `restaurant_ava_time` (`restaurant_ava_time_id`,`date`,`table_inventory`,`restaurant_default_time_id`) VALUES (466,'2022-08-22',15,1);
INSERT INTO `restaurant_ava_time` (`restaurant_ava_time_id`,`date`,`table_inventory`,`restaurant_default_time_id`) VALUES (467,'2022-08-23',15,2);
INSERT INTO `restaurant_ava_time` (`restaurant_ava_time_id`,`date`,`table_inventory`,`restaurant_default_time_id`) VALUES (468,'2022-08-24',15,3);
INSERT INTO `restaurant_ava_time` (`restaurant_ava_time_id`,`date`,`table_inventory`,`restaurant_default_time_id`) VALUES (469,'2022-08-25',15,4);
INSERT INTO `restaurant_ava_time` (`restaurant_ava_time_id`,`date`,`table_inventory`,`restaurant_default_time_id`) VALUES (470,'2022-08-26',15,5);
INSERT INTO `restaurant_ava_time` (`restaurant_ava_time_id`,`date`,`table_inventory`,`restaurant_default_time_id`) VALUES (471,'2022-08-27',15,6);
INSERT INTO `restaurant_ava_time` (`restaurant_ava_time_id`,`date`,`table_inventory`,`restaurant_default_time_id`) VALUES (472,'2022-08-28',15,7);
INSERT INTO `restaurant_ava_time` (`restaurant_ava_time_id`,`date`,`table_inventory`,`restaurant_default_time_id`) VALUES (473,'2022-08-29',15,8);
INSERT INTO `restaurant_ava_time` (`restaurant_ava_time_id`,`date`,`table_inventory`,`restaurant_default_time_id`) VALUES (474,'2022-08-30',15,9);
INSERT INTO `restaurant_ava_time` (`restaurant_ava_time_id`,`date`,`table_inventory`,`restaurant_default_time_id`) VALUES (475,'2022-08-31',15,10);
INSERT INTO `restaurant_ava_time` (`restaurant_ava_time_id`,`date`,`table_inventory`,`restaurant_default_time_id`) VALUES (476,'2022-09-01',15,11);
INSERT INTO `restaurant_ava_time` (`restaurant_ava_time_id`,`date`,`table_inventory`,`restaurant_default_time_id`) VALUES (477,'2022-09-02',15,12);
INSERT INTO `restaurant_ava_time` (`restaurant_ava_time_id`,`date`,`table_inventory`,`restaurant_default_time_id`) VALUES (478,'2022-09-03',15,1);
INSERT INTO `restaurant_ava_time` (`restaurant_ava_time_id`,`date`,`table_inventory`,`restaurant_default_time_id`) VALUES (479,'2022-09-04',15,2);
INSERT INTO `restaurant_ava_time` (`restaurant_ava_time_id`,`date`,`table_inventory`,`restaurant_default_time_id`) VALUES (480,'2022-09-05',15,3);
INSERT INTO `restaurant_ava_time` (`restaurant_ava_time_id`,`date`,`table_inventory`,`restaurant_default_time_id`) VALUES (481,'2022-09-06',15,4);
INSERT INTO `restaurant_ava_time` (`restaurant_ava_time_id`,`date`,`table_inventory`,`restaurant_default_time_id`) VALUES (482,'2022-09-07',15,5);
INSERT INTO `restaurant_ava_time` (`restaurant_ava_time_id`,`date`,`table_inventory`,`restaurant_default_time_id`) VALUES (483,'2022-09-08',15,6);
INSERT INTO `restaurant_ava_time` (`restaurant_ava_time_id`,`date`,`table_inventory`,`restaurant_default_time_id`) VALUES (484,'2022-09-09',15,7);
INSERT INTO `restaurant_ava_time` (`restaurant_ava_time_id`,`date`,`table_inventory`,`restaurant_default_time_id`) VALUES (485,'2022-09-10',15,8);
INSERT INTO `restaurant_ava_time` (`restaurant_ava_time_id`,`date`,`table_inventory`,`restaurant_default_time_id`) VALUES (486,'2022-09-11',15,9);
INSERT INTO `restaurant_ava_time` (`restaurant_ava_time_id`,`date`,`table_inventory`,`restaurant_default_time_id`) VALUES (487,'2022-09-12',15,10);
INSERT INTO `restaurant_ava_time` (`restaurant_ava_time_id`,`date`,`table_inventory`,`restaurant_default_time_id`) VALUES (488,'2022-09-13',15,11);
INSERT INTO `restaurant_ava_time` (`restaurant_ava_time_id`,`date`,`table_inventory`,`restaurant_default_time_id`) VALUES (489,'2022-09-14',15,12);
INSERT INTO `restaurant_ava_time` (`restaurant_ava_time_id`,`date`,`table_inventory`,`restaurant_default_time_id`) VALUES (490,'2022-09-15',15,1);
INSERT INTO `restaurant_ava_time` (`restaurant_ava_time_id`,`date`,`table_inventory`,`restaurant_default_time_id`) VALUES (491,'2022-09-16',15,2);
INSERT INTO `restaurant_ava_time` (`restaurant_ava_time_id`,`date`,`table_inventory`,`restaurant_default_time_id`) VALUES (492,'2022-09-17',15,3);
INSERT INTO `restaurant_ava_time` (`restaurant_ava_time_id`,`date`,`table_inventory`,`restaurant_default_time_id`) VALUES (493,'2022-09-18',15,4);
INSERT INTO `restaurant_ava_time` (`restaurant_ava_time_id`,`date`,`table_inventory`,`restaurant_default_time_id`) VALUES (494,'2022-09-19',15,5);
INSERT INTO `restaurant_ava_time` (`restaurant_ava_time_id`,`date`,`table_inventory`,`restaurant_default_time_id`) VALUES (495,'2022-09-20',15,6);
INSERT INTO `restaurant_ava_time` (`restaurant_ava_time_id`,`date`,`table_inventory`,`restaurant_default_time_id`) VALUES (496,'2022-09-21',15,7);
INSERT INTO `restaurant_ava_time` (`restaurant_ava_time_id`,`date`,`table_inventory`,`restaurant_default_time_id`) VALUES (497,'2022-09-22',15,8);
INSERT INTO `restaurant_ava_time` (`restaurant_ava_time_id`,`date`,`table_inventory`,`restaurant_default_time_id`) VALUES (498,'2022-09-23',15,9);
INSERT INTO `restaurant_ava_time` (`restaurant_ava_time_id`,`date`,`table_inventory`,`restaurant_default_time_id`) VALUES (499,'2022-09-24',15,10);
INSERT INTO `restaurant_ava_time` (`restaurant_ava_time_id`,`date`,`table_inventory`,`restaurant_default_time_id`) VALUES (500,'2022-09-25',15,11);
INSERT INTO `restaurant_ava_time` (`restaurant_ava_time_id`,`date`,`table_inventory`,`restaurant_default_time_id`) VALUES (501,'2022-09-26',15,12);
INSERT INTO `restaurant_ava_time` (`restaurant_ava_time_id`,`date`,`table_inventory`,`restaurant_default_time_id`) VALUES (502,'2022-09-27',15,1);
INSERT INTO `restaurant_ava_time` (`restaurant_ava_time_id`,`date`,`table_inventory`,`restaurant_default_time_id`) VALUES (503,'2022-09-28',15,2);
INSERT INTO `restaurant_ava_time` (`restaurant_ava_time_id`,`date`,`table_inventory`,`restaurant_default_time_id`) VALUES (504,'2022-09-29',15,3);
INSERT INTO `restaurant_ava_time` (`restaurant_ava_time_id`,`date`,`table_inventory`,`restaurant_default_time_id`) VALUES (505,'2022-09-30',15,4);
INSERT INTO `restaurant_ava_time` (`restaurant_ava_time_id`,`date`,`table_inventory`,`restaurant_default_time_id`) VALUES (506,'2022-10-01',15,5);
INSERT INTO `restaurant_ava_time` (`restaurant_ava_time_id`,`date`,`table_inventory`,`restaurant_default_time_id`) VALUES (507,'2022-10-02',15,6);
INSERT INTO `restaurant_ava_time` (`restaurant_ava_time_id`,`date`,`table_inventory`,`restaurant_default_time_id`) VALUES (508,'2022-10-03',15,7);
INSERT INTO `restaurant_ava_time` (`restaurant_ava_time_id`,`date`,`table_inventory`,`restaurant_default_time_id`) VALUES (509,'2022-10-04',15,8);
INSERT INTO `restaurant_ava_time` (`restaurant_ava_time_id`,`date`,`table_inventory`,`restaurant_default_time_id`) VALUES (510,'2022-10-05',15,9);
INSERT INTO `restaurant_ava_time` (`restaurant_ava_time_id`,`date`,`table_inventory`,`restaurant_default_time_id`) VALUES (511,'2022-10-06',15,10);
INSERT INTO `restaurant_ava_time` (`restaurant_ava_time_id`,`date`,`table_inventory`,`restaurant_default_time_id`) VALUES (512,'2022-10-07',15,11);
INSERT INTO `restaurant_ava_time` (`restaurant_ava_time_id`,`date`,`table_inventory`,`restaurant_default_time_id`) VALUES (513,'2022-10-08',15,12);
INSERT INTO `restaurant_ava_time` (`restaurant_ava_time_id`,`date`,`table_inventory`,`restaurant_default_time_id`) VALUES (514,'2022-10-09',15,1);
INSERT INTO `restaurant_ava_time` (`restaurant_ava_time_id`,`date`,`table_inventory`,`restaurant_default_time_id`) VALUES (515,'2022-10-10',15,2);
INSERT INTO `restaurant_ava_time` (`restaurant_ava_time_id`,`date`,`table_inventory`,`restaurant_default_time_id`) VALUES (516,'2022-10-11',15,3);
INSERT INTO `restaurant_ava_time` (`restaurant_ava_time_id`,`date`,`table_inventory`,`restaurant_default_time_id`) VALUES (517,'2022-10-12',15,4);
INSERT INTO `restaurant_ava_time` (`restaurant_ava_time_id`,`date`,`table_inventory`,`restaurant_default_time_id`) VALUES (518,'2022-10-13',15,5);
INSERT INTO `restaurant_ava_time` (`restaurant_ava_time_id`,`date`,`table_inventory`,`restaurant_default_time_id`) VALUES (519,'2022-10-14',15,6);
INSERT INTO `restaurant_ava_time` (`restaurant_ava_time_id`,`date`,`table_inventory`,`restaurant_default_time_id`) VALUES (520,'2022-10-15',15,7);
INSERT INTO `restaurant_ava_time` (`restaurant_ava_time_id`,`date`,`table_inventory`,`restaurant_default_time_id`) VALUES (521,'2022-10-16',15,8);
INSERT INTO `restaurant_ava_time` (`restaurant_ava_time_id`,`date`,`table_inventory`,`restaurant_default_time_id`) VALUES (522,'2022-10-17',15,9);
INSERT INTO `restaurant_ava_time` (`restaurant_ava_time_id`,`date`,`table_inventory`,`restaurant_default_time_id`) VALUES (523,'2022-10-18',15,10);
INSERT INTO `restaurant_ava_time` (`restaurant_ava_time_id`,`date`,`table_inventory`,`restaurant_default_time_id`) VALUES (524,'2022-10-19',15,11);
INSERT INTO `restaurant_ava_time` (`restaurant_ava_time_id`,`date`,`table_inventory`,`restaurant_default_time_id`) VALUES (525,'2022-10-20',15,12);
INSERT INTO `restaurant_ava_time` (`restaurant_ava_time_id`,`date`,`table_inventory`,`restaurant_default_time_id`) VALUES (526,'2022-10-21',15,1);
INSERT INTO `restaurant_ava_time` (`restaurant_ava_time_id`,`date`,`table_inventory`,`restaurant_default_time_id`) VALUES (527,'2022-10-22',15,2);
INSERT INTO `restaurant_ava_time` (`restaurant_ava_time_id`,`date`,`table_inventory`,`restaurant_default_time_id`) VALUES (528,'2022-10-23',15,3);
INSERT INTO `restaurant_ava_time` (`restaurant_ava_time_id`,`date`,`table_inventory`,`restaurant_default_time_id`) VALUES (529,'2022-10-24',15,4);
INSERT INTO `restaurant_ava_time` (`restaurant_ava_time_id`,`date`,`table_inventory`,`restaurant_default_time_id`) VALUES (530,'2022-10-25',15,5);
INSERT INTO `restaurant_ava_time` (`restaurant_ava_time_id`,`date`,`table_inventory`,`restaurant_default_time_id`) VALUES (531,'2022-10-26',15,6);
INSERT INTO `restaurant_ava_time` (`restaurant_ava_time_id`,`date`,`table_inventory`,`restaurant_default_time_id`) VALUES (532,'2022-10-27',15,7);
INSERT INTO `restaurant_ava_time` (`restaurant_ava_time_id`,`date`,`table_inventory`,`restaurant_default_time_id`) VALUES (533,'2022-10-28',15,8);
INSERT INTO `restaurant_ava_time` (`restaurant_ava_time_id`,`date`,`table_inventory`,`restaurant_default_time_id`) VALUES (534,'2022-10-29',15,9);
INSERT INTO `restaurant_ava_time` (`restaurant_ava_time_id`,`date`,`table_inventory`,`restaurant_default_time_id`) VALUES (535,'2022-10-30',15,10);
INSERT INTO `restaurant_ava_time` (`restaurant_ava_time_id`,`date`,`table_inventory`,`restaurant_default_time_id`) VALUES (536,'2022-10-31',15,11);
INSERT INTO `restaurant_ava_time` (`restaurant_ava_time_id`,`date`,`table_inventory`,`restaurant_default_time_id`) VALUES (537,'2022-11-01',15,12);
INSERT INTO `restaurant_ava_time` (`restaurant_ava_time_id`,`date`,`table_inventory`,`restaurant_default_time_id`) VALUES (538,'2022-11-02',15,1);
INSERT INTO `restaurant_ava_time` (`restaurant_ava_time_id`,`date`,`table_inventory`,`restaurant_default_time_id`) VALUES (539,'2022-11-03',15,2);
INSERT INTO `restaurant_ava_time` (`restaurant_ava_time_id`,`date`,`table_inventory`,`restaurant_default_time_id`) VALUES (540,'2022-11-04',15,3);
INSERT INTO `restaurant_ava_time` (`restaurant_ava_time_id`,`date`,`table_inventory`,`restaurant_default_time_id`) VALUES (541,'2022-11-05',15,4);
INSERT INTO `restaurant_ava_time` (`restaurant_ava_time_id`,`date`,`table_inventory`,`restaurant_default_time_id`) VALUES (542,'2022-11-06',15,5);
INSERT INTO `restaurant_ava_time` (`restaurant_ava_time_id`,`date`,`table_inventory`,`restaurant_default_time_id`) VALUES (543,'2022-11-07',15,6);
INSERT INTO `restaurant_ava_time` (`restaurant_ava_time_id`,`date`,`table_inventory`,`restaurant_default_time_id`) VALUES (544,'2022-11-08',15,7);
INSERT INTO `restaurant_ava_time` (`restaurant_ava_time_id`,`date`,`table_inventory`,`restaurant_default_time_id`) VALUES (545,'2022-11-09',15,8);
INSERT INTO `restaurant_ava_time` (`restaurant_ava_time_id`,`date`,`table_inventory`,`restaurant_default_time_id`) VALUES (546,'2022-11-10',15,9);
INSERT INTO `restaurant_ava_time` (`restaurant_ava_time_id`,`date`,`table_inventory`,`restaurant_default_time_id`) VALUES (547,'2022-11-11',15,10);
INSERT INTO `restaurant_ava_time` (`restaurant_ava_time_id`,`date`,`table_inventory`,`restaurant_default_time_id`) VALUES (548,'2022-11-12',15,11);
INSERT INTO `restaurant_ava_time` (`restaurant_ava_time_id`,`date`,`table_inventory`,`restaurant_default_time_id`) VALUES (549,'2022-11-13',15,12);
INSERT INTO `restaurant_ava_time` (`restaurant_ava_time_id`,`date`,`table_inventory`,`restaurant_default_time_id`) VALUES (550,'2022-11-14',15,1);
INSERT INTO `restaurant_ava_time` (`restaurant_ava_time_id`,`date`,`table_inventory`,`restaurant_default_time_id`) VALUES (551,'2022-11-15',15,2);
INSERT INTO `restaurant_ava_time` (`restaurant_ava_time_id`,`date`,`table_inventory`,`restaurant_default_time_id`) VALUES (552,'2022-11-16',15,3);
INSERT INTO `restaurant_ava_time` (`restaurant_ava_time_id`,`date`,`table_inventory`,`restaurant_default_time_id`) VALUES (553,'2022-11-17',15,4);
INSERT INTO `restaurant_ava_time` (`restaurant_ava_time_id`,`date`,`table_inventory`,`restaurant_default_time_id`) VALUES (554,'2022-11-18',15,5);
INSERT INTO `restaurant_ava_time` (`restaurant_ava_time_id`,`date`,`table_inventory`,`restaurant_default_time_id`) VALUES (555,'2022-11-19',15,6);
INSERT INTO `restaurant_ava_time` (`restaurant_ava_time_id`,`date`,`table_inventory`,`restaurant_default_time_id`) VALUES (556,'2022-11-20',15,7);
INSERT INTO `restaurant_ava_time` (`restaurant_ava_time_id`,`date`,`table_inventory`,`restaurant_default_time_id`) VALUES (557,'2022-11-21',15,8);
INSERT INTO `restaurant_ava_time` (`restaurant_ava_time_id`,`date`,`table_inventory`,`restaurant_default_time_id`) VALUES (558,'2022-11-22',15,9);
INSERT INTO `restaurant_ava_time` (`restaurant_ava_time_id`,`date`,`table_inventory`,`restaurant_default_time_id`) VALUES (559,'2022-11-23',15,10);
INSERT INTO `restaurant_ava_time` (`restaurant_ava_time_id`,`date`,`table_inventory`,`restaurant_default_time_id`) VALUES (560,'2022-11-24',15,11);
INSERT INTO `restaurant_ava_time` (`restaurant_ava_time_id`,`date`,`table_inventory`,`restaurant_default_time_id`) VALUES (561,'2022-11-25',15,12);
INSERT INTO `restaurant_ava_time` (`restaurant_ava_time_id`,`date`,`table_inventory`,`restaurant_default_time_id`) VALUES (562,'2022-11-26',15,1);
INSERT INTO `restaurant_ava_time` (`restaurant_ava_time_id`,`date`,`table_inventory`,`restaurant_default_time_id`) VALUES (563,'2022-11-27',15,2);
INSERT INTO `restaurant_ava_time` (`restaurant_ava_time_id`,`date`,`table_inventory`,`restaurant_default_time_id`) VALUES (564,'2022-11-28',15,3);
INSERT INTO `restaurant_ava_time` (`restaurant_ava_time_id`,`date`,`table_inventory`,`restaurant_default_time_id`) VALUES (565,'2022-11-29',15,4);
INSERT INTO `restaurant_ava_time` (`restaurant_ava_time_id`,`date`,`table_inventory`,`restaurant_default_time_id`) VALUES (566,'2022-11-30',15,5);
INSERT INTO `restaurant_ava_time` (`restaurant_ava_time_id`,`date`,`table_inventory`,`restaurant_default_time_id`) VALUES (567,'2022-12-01',15,6);
INSERT INTO `restaurant_ava_time` (`restaurant_ava_time_id`,`date`,`table_inventory`,`restaurant_default_time_id`) VALUES (568,'2022-12-02',15,7);
INSERT INTO `restaurant_ava_time` (`restaurant_ava_time_id`,`date`,`table_inventory`,`restaurant_default_time_id`) VALUES (569,'2022-12-03',15,8);
INSERT INTO `restaurant_ava_time` (`restaurant_ava_time_id`,`date`,`table_inventory`,`restaurant_default_time_id`) VALUES (570,'2022-12-04',15,9);
INSERT INTO `restaurant_ava_time` (`restaurant_ava_time_id`,`date`,`table_inventory`,`restaurant_default_time_id`) VALUES (571,'2022-12-05',15,10);
INSERT INTO `restaurant_ava_time` (`restaurant_ava_time_id`,`date`,`table_inventory`,`restaurant_default_time_id`) VALUES (572,'2022-12-06',15,11);
INSERT INTO `restaurant_ava_time` (`restaurant_ava_time_id`,`date`,`table_inventory`,`restaurant_default_time_id`) VALUES (573,'2022-12-07',15,12);
INSERT INTO `restaurant_ava_time` (`restaurant_ava_time_id`,`date`,`table_inventory`,`restaurant_default_time_id`) VALUES (574,'2022-12-08',15,1);
INSERT INTO `restaurant_ava_time` (`restaurant_ava_time_id`,`date`,`table_inventory`,`restaurant_default_time_id`) VALUES (575,'2022-12-09',15,2);
INSERT INTO `restaurant_ava_time` (`restaurant_ava_time_id`,`date`,`table_inventory`,`restaurant_default_time_id`) VALUES (576,'2022-12-10',15,3);
INSERT INTO `restaurant_ava_time` (`restaurant_ava_time_id`,`date`,`table_inventory`,`restaurant_default_time_id`) VALUES (577,'2022-12-11',15,4);
INSERT INTO `restaurant_ava_time` (`restaurant_ava_time_id`,`date`,`table_inventory`,`restaurant_default_time_id`) VALUES (578,'2022-12-12',15,5);
INSERT INTO `restaurant_ava_time` (`restaurant_ava_time_id`,`date`,`table_inventory`,`restaurant_default_time_id`) VALUES (579,'2022-12-13',15,6);
INSERT INTO `restaurant_ava_time` (`restaurant_ava_time_id`,`date`,`table_inventory`,`restaurant_default_time_id`) VALUES (580,'2022-12-14',15,7);
INSERT INTO `restaurant_ava_time` (`restaurant_ava_time_id`,`date`,`table_inventory`,`restaurant_default_time_id`) VALUES (581,'2022-12-15',15,8);
INSERT INTO `restaurant_ava_time` (`restaurant_ava_time_id`,`date`,`table_inventory`,`restaurant_default_time_id`) VALUES (582,'2022-12-16',15,9);
INSERT INTO `restaurant_ava_time` (`restaurant_ava_time_id`,`date`,`table_inventory`,`restaurant_default_time_id`) VALUES (583,'2022-12-17',15,10);
INSERT INTO `restaurant_ava_time` (`restaurant_ava_time_id`,`date`,`table_inventory`,`restaurant_default_time_id`) VALUES (584,'2022-12-18',15,11);
INSERT INTO `restaurant_ava_time` (`restaurant_ava_time_id`,`date`,`table_inventory`,`restaurant_default_time_id`) VALUES (585,'2022-12-19',15,12);
INSERT INTO `restaurant_ava_time` (`restaurant_ava_time_id`,`date`,`table_inventory`,`restaurant_default_time_id`) VALUES (586,'2022-12-20',15,1);
INSERT INTO `restaurant_ava_time` (`restaurant_ava_time_id`,`date`,`table_inventory`,`restaurant_default_time_id`) VALUES (587,'2022-12-21',15,2);
INSERT INTO `restaurant_ava_time` (`restaurant_ava_time_id`,`date`,`table_inventory`,`restaurant_default_time_id`) VALUES (588,'2022-12-22',15,3);
INSERT INTO `restaurant_ava_time` (`restaurant_ava_time_id`,`date`,`table_inventory`,`restaurant_default_time_id`) VALUES (589,'2022-12-23',15,4);
INSERT INTO `restaurant_ava_time` (`restaurant_ava_time_id`,`date`,`table_inventory`,`restaurant_default_time_id`) VALUES (590,'2022-12-24',15,5);
INSERT INTO `restaurant_ava_time` (`restaurant_ava_time_id`,`date`,`table_inventory`,`restaurant_default_time_id`) VALUES (591,'2022-12-25',15,6);
INSERT INTO `restaurant_ava_time` (`restaurant_ava_time_id`,`date`,`table_inventory`,`restaurant_default_time_id`) VALUES (592,'2022-12-26',15,7);
INSERT INTO `restaurant_ava_time` (`restaurant_ava_time_id`,`date`,`table_inventory`,`restaurant_default_time_id`) VALUES (593,'2022-12-27',15,8);
INSERT INTO `restaurant_ava_time` (`restaurant_ava_time_id`,`date`,`table_inventory`,`restaurant_default_time_id`) VALUES (594,'2022-12-28',15,9);
INSERT INTO `restaurant_ava_time` (`restaurant_ava_time_id`,`date`,`table_inventory`,`restaurant_default_time_id`) VALUES (595,'2022-12-29',15,10);
INSERT INTO `restaurant_ava_time` (`restaurant_ava_time_id`,`date`,`table_inventory`,`restaurant_default_time_id`) VALUES (596,'2022-12-30',15,11);
INSERT INTO `restaurant_ava_time` (`restaurant_ava_time_id`,`date`,`table_inventory`,`restaurant_default_time_id`) VALUES (597,'2022-12-31',15,12);
INSERT INTO `restaurant_ava_time` (`restaurant_ava_time_id`,`date`,`table_inventory`,`restaurant_default_time_id`) VALUES (598,'2023-01-01',15,1);
INSERT INTO `restaurant_ava_time` (`restaurant_ava_time_id`,`date`,`table_inventory`,`restaurant_default_time_id`) VALUES (599,'2023-01-02',15,2);
INSERT INTO `restaurant_ava_time` (`restaurant_ava_time_id`,`date`,`table_inventory`,`restaurant_default_time_id`) VALUES (600,'2023-01-03',15,3);
INSERT INTO `restaurant_ava_time` (`restaurant_ava_time_id`,`date`,`table_inventory`,`restaurant_default_time_id`) VALUES (601,'2023-01-04',15,4);
INSERT INTO `restaurant_ava_time` (`restaurant_ava_time_id`,`date`,`table_inventory`,`restaurant_default_time_id`) VALUES (602,'2023-01-05',15,5);
INSERT INTO `restaurant_ava_time` (`restaurant_ava_time_id`,`date`,`table_inventory`,`restaurant_default_time_id`) VALUES (603,'2023-01-06',15,6);
INSERT INTO `restaurant_ava_time` (`restaurant_ava_time_id`,`date`,`table_inventory`,`restaurant_default_time_id`) VALUES (604,'2023-01-07',15,7);
INSERT INTO `restaurant_ava_time` (`restaurant_ava_time_id`,`date`,`table_inventory`,`restaurant_default_time_id`) VALUES (605,'2023-01-08',15,8);
INSERT INTO `restaurant_ava_time` (`restaurant_ava_time_id`,`date`,`table_inventory`,`restaurant_default_time_id`) VALUES (606,'2023-01-09',15,9);
INSERT INTO `restaurant_ava_time` (`restaurant_ava_time_id`,`date`,`table_inventory`,`restaurant_default_time_id`) VALUES (607,'2023-01-10',15,10);
INSERT INTO `restaurant_ava_time` (`restaurant_ava_time_id`,`date`,`table_inventory`,`restaurant_default_time_id`) VALUES (608,'2023-01-11',15,11);
INSERT INTO `restaurant_ava_time` (`restaurant_ava_time_id`,`date`,`table_inventory`,`restaurant_default_time_id`) VALUES (609,'2023-01-12',15,12);
INSERT INTO `restaurant_ava_time` (`restaurant_ava_time_id`,`date`,`table_inventory`,`restaurant_default_time_id`) VALUES (610,'2023-01-13',15,1);
INSERT INTO `restaurant_ava_time` (`restaurant_ava_time_id`,`date`,`table_inventory`,`restaurant_default_time_id`) VALUES (611,'2023-01-14',15,2);
INSERT INTO `restaurant_ava_time` (`restaurant_ava_time_id`,`date`,`table_inventory`,`restaurant_default_time_id`) VALUES (612,'2023-01-15',15,3);
INSERT INTO `restaurant_ava_time` (`restaurant_ava_time_id`,`date`,`table_inventory`,`restaurant_default_time_id`) VALUES (613,'2023-01-16',15,4);
INSERT INTO `restaurant_ava_time` (`restaurant_ava_time_id`,`date`,`table_inventory`,`restaurant_default_time_id`) VALUES (614,'2023-01-17',15,5);
INSERT INTO `restaurant_ava_time` (`restaurant_ava_time_id`,`date`,`table_inventory`,`restaurant_default_time_id`) VALUES (615,'2023-01-18',15,6);
INSERT INTO `restaurant_ava_time` (`restaurant_ava_time_id`,`date`,`table_inventory`,`restaurant_default_time_id`) VALUES (616,'2023-01-19',15,7);
INSERT INTO `restaurant_ava_time` (`restaurant_ava_time_id`,`date`,`table_inventory`,`restaurant_default_time_id`) VALUES (617,'2023-01-20',15,8);
INSERT INTO `restaurant_ava_time` (`restaurant_ava_time_id`,`date`,`table_inventory`,`restaurant_default_time_id`) VALUES (618,'2023-01-21',15,9);
INSERT INTO `restaurant_ava_time` (`restaurant_ava_time_id`,`date`,`table_inventory`,`restaurant_default_time_id`) VALUES (619,'2023-01-22',15,10);
INSERT INTO `restaurant_ava_time` (`restaurant_ava_time_id`,`date`,`table_inventory`,`restaurant_default_time_id`) VALUES (620,'2023-01-23',15,11);
INSERT INTO `restaurant_ava_time` (`restaurant_ava_time_id`,`date`,`table_inventory`,`restaurant_default_time_id`) VALUES (621,'2023-01-24',15,12);
INSERT INTO `restaurant_ava_time` (`restaurant_ava_time_id`,`date`,`table_inventory`,`restaurant_default_time_id`) VALUES (622,'2023-01-25',15,1);
INSERT INTO `restaurant_ava_time` (`restaurant_ava_time_id`,`date`,`table_inventory`,`restaurant_default_time_id`) VALUES (623,'2023-01-26',15,2);
INSERT INTO `restaurant_ava_time` (`restaurant_ava_time_id`,`date`,`table_inventory`,`restaurant_default_time_id`) VALUES (624,'2023-01-27',15,3);
INSERT INTO `restaurant_ava_time` (`restaurant_ava_time_id`,`date`,`table_inventory`,`restaurant_default_time_id`) VALUES (625,'2023-01-28',15,4);
INSERT INTO `restaurant_ava_time` (`restaurant_ava_time_id`,`date`,`table_inventory`,`restaurant_default_time_id`) VALUES (626,'2023-01-29',15,5);
INSERT INTO `restaurant_ava_time` (`restaurant_ava_time_id`,`date`,`table_inventory`,`restaurant_default_time_id`) VALUES (627,'2023-01-30',15,6);
INSERT INTO `restaurant_ava_time` (`restaurant_ava_time_id`,`date`,`table_inventory`,`restaurant_default_time_id`) VALUES (628,'2023-01-31',15,7);
INSERT INTO `restaurant_ava_time` (`restaurant_ava_time_id`,`date`,`table_inventory`,`restaurant_default_time_id`) VALUES (629,'2023-02-01',15,8);
INSERT INTO `restaurant_ava_time` (`restaurant_ava_time_id`,`date`,`table_inventory`,`restaurant_default_time_id`) VALUES (630,'2023-02-02',15,9);
INSERT INTO `restaurant_ava_time` (`restaurant_ava_time_id`,`date`,`table_inventory`,`restaurant_default_time_id`) VALUES (631,'2023-02-03',15,10);
INSERT INTO `restaurant_ava_time` (`restaurant_ava_time_id`,`date`,`table_inventory`,`restaurant_default_time_id`) VALUES (632,'2023-02-04',15,11);
INSERT INTO `restaurant_ava_time` (`restaurant_ava_time_id`,`date`,`table_inventory`,`restaurant_default_time_id`) VALUES (633,'2023-02-05',15,12);
INSERT INTO `restaurant_ava_time` (`restaurant_ava_time_id`,`date`,`table_inventory`,`restaurant_default_time_id`) VALUES (634,'2023-02-06',15,1);
INSERT INTO `restaurant_ava_time` (`restaurant_ava_time_id`,`date`,`table_inventory`,`restaurant_default_time_id`) VALUES (635,'2023-02-07',15,2);
INSERT INTO `restaurant_ava_time` (`restaurant_ava_time_id`,`date`,`table_inventory`,`restaurant_default_time_id`) VALUES (636,'2023-02-08',15,3);
INSERT INTO `restaurant_ava_time` (`restaurant_ava_time_id`,`date`,`table_inventory`,`restaurant_default_time_id`) VALUES (637,'2023-02-09',15,4);
INSERT INTO `restaurant_ava_time` (`restaurant_ava_time_id`,`date`,`table_inventory`,`restaurant_default_time_id`) VALUES (638,'2023-02-10',15,5);
INSERT INTO `restaurant_ava_time` (`restaurant_ava_time_id`,`date`,`table_inventory`,`restaurant_default_time_id`) VALUES (639,'2023-02-11',15,6);
INSERT INTO `restaurant_ava_time` (`restaurant_ava_time_id`,`date`,`table_inventory`,`restaurant_default_time_id`) VALUES (640,'2023-02-12',15,7);
INSERT INTO `restaurant_ava_time` (`restaurant_ava_time_id`,`date`,`table_inventory`,`restaurant_default_time_id`) VALUES (641,'2023-02-13',15,8);
INSERT INTO `restaurant_ava_time` (`restaurant_ava_time_id`,`date`,`table_inventory`,`restaurant_default_time_id`) VALUES (642,'2023-02-14',15,9);
INSERT INTO `restaurant_ava_time` (`restaurant_ava_time_id`,`date`,`table_inventory`,`restaurant_default_time_id`) VALUES (643,'2023-02-15',15,10);
INSERT INTO `restaurant_ava_time` (`restaurant_ava_time_id`,`date`,`table_inventory`,`restaurant_default_time_id`) VALUES (644,'2023-02-16',15,11);
INSERT INTO `restaurant_ava_time` (`restaurant_ava_time_id`,`date`,`table_inventory`,`restaurant_default_time_id`) VALUES (645,'2023-02-17',15,12);
INSERT INTO `restaurant_ava_time` (`restaurant_ava_time_id`,`date`,`table_inventory`,`restaurant_default_time_id`) VALUES (646,'2023-02-18',15,1);
INSERT INTO `restaurant_ava_time` (`restaurant_ava_time_id`,`date`,`table_inventory`,`restaurant_default_time_id`) VALUES (647,'2023-02-19',15,2);
INSERT INTO `restaurant_ava_time` (`restaurant_ava_time_id`,`date`,`table_inventory`,`restaurant_default_time_id`) VALUES (648,'2023-02-20',15,3);
INSERT INTO `restaurant_ava_time` (`restaurant_ava_time_id`,`date`,`table_inventory`,`restaurant_default_time_id`) VALUES (649,'2023-02-21',15,4);
INSERT INTO `restaurant_ava_time` (`restaurant_ava_time_id`,`date`,`table_inventory`,`restaurant_default_time_id`) VALUES (650,'2023-02-22',15,5);
INSERT INTO `restaurant_ava_time` (`restaurant_ava_time_id`,`date`,`table_inventory`,`restaurant_default_time_id`) VALUES (651,'2023-02-23',15,6);
INSERT INTO `restaurant_ava_time` (`restaurant_ava_time_id`,`date`,`table_inventory`,`restaurant_default_time_id`) VALUES (652,'2023-02-24',15,7);
INSERT INTO `restaurant_ava_time` (`restaurant_ava_time_id`,`date`,`table_inventory`,`restaurant_default_time_id`) VALUES (653,'2023-02-25',15,8);
INSERT INTO `restaurant_ava_time` (`restaurant_ava_time_id`,`date`,`table_inventory`,`restaurant_default_time_id`) VALUES (654,'2023-02-26',15,9);
INSERT INTO `restaurant_ava_time` (`restaurant_ava_time_id`,`date`,`table_inventory`,`restaurant_default_time_id`) VALUES (655,'2023-02-27',15,10);
INSERT INTO `restaurant_ava_time` (`restaurant_ava_time_id`,`date`,`table_inventory`,`restaurant_default_time_id`) VALUES (656,'2023-02-28',15,11);
INSERT INTO `restaurant_ava_time` (`restaurant_ava_time_id`,`date`,`table_inventory`,`restaurant_default_time_id`) VALUES (657,'2023-03-01',15,12);
INSERT INTO `restaurant_ava_time` (`restaurant_ava_time_id`,`date`,`table_inventory`,`restaurant_default_time_id`) VALUES (658,'2023-03-02',15,1);
INSERT INTO `restaurant_ava_time` (`restaurant_ava_time_id`,`date`,`table_inventory`,`restaurant_default_time_id`) VALUES (659,'2023-03-03',15,2);
INSERT INTO `restaurant_ava_time` (`restaurant_ava_time_id`,`date`,`table_inventory`,`restaurant_default_time_id`) VALUES (660,'2023-03-04',15,3);
INSERT INTO `restaurant_ava_time` (`restaurant_ava_time_id`,`date`,`table_inventory`,`restaurant_default_time_id`) VALUES (661,'2023-03-05',15,4);
INSERT INTO `restaurant_ava_time` (`restaurant_ava_time_id`,`date`,`table_inventory`,`restaurant_default_time_id`) VALUES (662,'2023-03-06',15,5);
INSERT INTO `restaurant_ava_time` (`restaurant_ava_time_id`,`date`,`table_inventory`,`restaurant_default_time_id`) VALUES (663,'2023-03-07',15,6);
INSERT INTO `restaurant_ava_time` (`restaurant_ava_time_id`,`date`,`table_inventory`,`restaurant_default_time_id`) VALUES (664,'2023-03-08',15,7);
INSERT INTO `restaurant_ava_time` (`restaurant_ava_time_id`,`date`,`table_inventory`,`restaurant_default_time_id`) VALUES (665,'2023-03-09',15,8);
INSERT INTO `restaurant_ava_time` (`restaurant_ava_time_id`,`date`,`table_inventory`,`restaurant_default_time_id`) VALUES (666,'2023-03-10',15,9);
INSERT INTO `restaurant_ava_time` (`restaurant_ava_time_id`,`date`,`table_inventory`,`restaurant_default_time_id`) VALUES (667,'2023-03-11',15,10);
INSERT INTO `restaurant_ava_time` (`restaurant_ava_time_id`,`date`,`table_inventory`,`restaurant_default_time_id`) VALUES (668,'2023-03-12',15,11);
INSERT INTO `restaurant_ava_time` (`restaurant_ava_time_id`,`date`,`table_inventory`,`restaurant_default_time_id`) VALUES (669,'2023-03-13',15,12);
INSERT INTO `restaurant_ava_time` (`restaurant_ava_time_id`,`date`,`table_inventory`,`restaurant_default_time_id`) VALUES (670,'2023-03-14',15,1);
INSERT INTO `restaurant_ava_time` (`restaurant_ava_time_id`,`date`,`table_inventory`,`restaurant_default_time_id`) VALUES (671,'2023-03-15',15,2);
INSERT INTO `restaurant_ava_time` (`restaurant_ava_time_id`,`date`,`table_inventory`,`restaurant_default_time_id`) VALUES (672,'2023-03-16',15,3);
INSERT INTO `restaurant_ava_time` (`restaurant_ava_time_id`,`date`,`table_inventory`,`restaurant_default_time_id`) VALUES (673,'2023-03-17',15,4);
INSERT INTO `restaurant_ava_time` (`restaurant_ava_time_id`,`date`,`table_inventory`,`restaurant_default_time_id`) VALUES (674,'2023-03-18',15,5);
INSERT INTO `restaurant_ava_time` (`restaurant_ava_time_id`,`date`,`table_inventory`,`restaurant_default_time_id`) VALUES (675,'2023-03-19',15,6);
INSERT INTO `restaurant_ava_time` (`restaurant_ava_time_id`,`date`,`table_inventory`,`restaurant_default_time_id`) VALUES (676,'2023-03-20',15,7);
INSERT INTO `restaurant_ava_time` (`restaurant_ava_time_id`,`date`,`table_inventory`,`restaurant_default_time_id`) VALUES (677,'2023-03-21',15,8);
INSERT INTO `restaurant_ava_time` (`restaurant_ava_time_id`,`date`,`table_inventory`,`restaurant_default_time_id`) VALUES (678,'2023-03-22',15,9);
INSERT INTO `restaurant_ava_time` (`restaurant_ava_time_id`,`date`,`table_inventory`,`restaurant_default_time_id`) VALUES (679,'2023-03-23',15,10);
INSERT INTO `restaurant_ava_time` (`restaurant_ava_time_id`,`date`,`table_inventory`,`restaurant_default_time_id`) VALUES (680,'2023-03-24',15,11);
INSERT INTO `restaurant_ava_time` (`restaurant_ava_time_id`,`date`,`table_inventory`,`restaurant_default_time_id`) VALUES (681,'2023-03-25',15,12);
INSERT INTO `restaurant_ava_time` (`restaurant_ava_time_id`,`date`,`table_inventory`,`restaurant_default_time_id`) VALUES (682,'2022-03-25',30,13);
INSERT INTO `restaurant_ava_time` (`restaurant_ava_time_id`,`date`,`table_inventory`,`restaurant_default_time_id`) VALUES (683,'2022-04-25',30,14);
INSERT INTO `restaurant_ava_time` (`restaurant_ava_time_id`,`date`,`table_inventory`,`restaurant_default_time_id`) VALUES (684,'2022-05-25',30,15);
INSERT INTO `restaurant_ava_time` (`restaurant_ava_time_id`,`date`,`table_inventory`,`restaurant_default_time_id`) VALUES (685,'2022-06-25',30,16);
INSERT INTO `restaurant_ava_time` (`restaurant_ava_time_id`,`date`,`table_inventory`,`restaurant_default_time_id`) VALUES (686,'2022-07-25',30,17);
INSERT INTO `restaurant_ava_time` (`restaurant_ava_time_id`,`date`,`table_inventory`,`restaurant_default_time_id`) VALUES (687,'2022-08-25',30,18);
INSERT INTO `restaurant_ava_time` (`restaurant_ava_time_id`,`date`,`table_inventory`,`restaurant_default_time_id`) VALUES (688,'2022-09-25',30,19);
INSERT INTO `restaurant_ava_time` (`restaurant_ava_time_id`,`date`,`table_inventory`,`restaurant_default_time_id`) VALUES (689,'2022-10-25',30,20);
INSERT INTO `restaurant_ava_time` (`restaurant_ava_time_id`,`date`,`table_inventory`,`restaurant_default_time_id`) VALUES (690,'2022-11-25',30,21);
INSERT INTO `restaurant_ava_time` (`restaurant_ava_time_id`,`date`,`table_inventory`,`restaurant_default_time_id`) VALUES (691,'2022-12-25',30,22);
INSERT INTO `restaurant_ava_time` (`restaurant_ava_time_id`,`date`,`table_inventory`,`restaurant_default_time_id`) VALUES (692,'2023-01-25',30,23);
INSERT INTO `restaurant_ava_time` (`restaurant_ava_time_id`,`date`,`table_inventory`,`restaurant_default_time_id`) VALUES (693,'2023-02-25',30,24);
INSERT INTO `restaurant_ava_time` (`restaurant_ava_time_id`,`date`,`table_inventory`,`restaurant_default_time_id`) VALUES (694,'2022-03-25',30,25);
INSERT INTO `restaurant_ava_time` (`restaurant_ava_time_id`,`date`,`table_inventory`,`restaurant_default_time_id`) VALUES (695,'2022-04-25',30,26);
INSERT INTO `restaurant_ava_time` (`restaurant_ava_time_id`,`date`,`table_inventory`,`restaurant_default_time_id`) VALUES (696,'2022-05-25',30,27);
INSERT INTO `restaurant_ava_time` (`restaurant_ava_time_id`,`date`,`table_inventory`,`restaurant_default_time_id`) VALUES (697,'2022-06-25',30,28);
INSERT INTO `restaurant_ava_time` (`restaurant_ava_time_id`,`date`,`table_inventory`,`restaurant_default_time_id`) VALUES (698,'2022-07-25',30,29);
INSERT INTO `restaurant_ava_time` (`restaurant_ava_time_id`,`date`,`table_inventory`,`restaurant_default_time_id`) VALUES (699,'2022-08-25',30,30);
INSERT INTO `restaurant_ava_time` (`restaurant_ava_time_id`,`date`,`table_inventory`,`restaurant_default_time_id`) VALUES (700,'2022-09-25',30,31);
INSERT INTO `restaurant_ava_time` (`restaurant_ava_time_id`,`date`,`table_inventory`,`restaurant_default_time_id`) VALUES (701,'2022-10-25',30,32);
INSERT INTO `restaurant_ava_time` (`restaurant_ava_time_id`,`date`,`table_inventory`,`restaurant_default_time_id`) VALUES (702,'2022-11-25',30,33);
INSERT INTO `restaurant_ava_time` (`restaurant_ava_time_id`,`date`,`table_inventory`,`restaurant_default_time_id`) VALUES (703,'2022-12-25',30,34);
INSERT INTO `restaurant_ava_time` (`restaurant_ava_time_id`,`date`,`table_inventory`,`restaurant_default_time_id`) VALUES (704,'2023-01-25',30,35);
INSERT INTO `restaurant_ava_time` (`restaurant_ava_time_id`,`date`,`table_inventory`,`restaurant_default_time_id`) VALUES (705,'2023-02-25',30,36);
INSERT INTO `restaurant_ava_time` (`restaurant_ava_time_id`,`date`,`table_inventory`,`restaurant_default_time_id`) VALUES (706,'2023-03-01',30,13);
INSERT INTO `restaurant_ava_time` (`restaurant_ava_time_id`,`date`,`table_inventory`,`restaurant_default_time_id`) VALUES (707,'2023-03-02',30,14);
INSERT INTO `restaurant_ava_time` (`restaurant_ava_time_id`,`date`,`table_inventory`,`restaurant_default_time_id`) VALUES (708,'2023-03-03',30,15);
INSERT INTO `restaurant_ava_time` (`restaurant_ava_time_id`,`date`,`table_inventory`,`restaurant_default_time_id`) VALUES (709,'2023-03-04',30,16);
INSERT INTO `restaurant_ava_time` (`restaurant_ava_time_id`,`date`,`table_inventory`,`restaurant_default_time_id`) VALUES (710,'2023-03-05',30,17);
INSERT INTO `restaurant_ava_time` (`restaurant_ava_time_id`,`date`,`table_inventory`,`restaurant_default_time_id`) VALUES (711,'2023-03-06',30,18);
INSERT INTO `restaurant_ava_time` (`restaurant_ava_time_id`,`date`,`table_inventory`,`restaurant_default_time_id`) VALUES (712,'2023-03-07',30,19);
INSERT INTO `restaurant_ava_time` (`restaurant_ava_time_id`,`date`,`table_inventory`,`restaurant_default_time_id`) VALUES (713,'2023-03-08',30,20);
INSERT INTO `restaurant_ava_time` (`restaurant_ava_time_id`,`date`,`table_inventory`,`restaurant_default_time_id`) VALUES (714,'2023-03-09',30,21);
INSERT INTO `restaurant_ava_time` (`restaurant_ava_time_id`,`date`,`table_inventory`,`restaurant_default_time_id`) VALUES (715,'2023-03-20',30,22);
INSERT INTO `restaurant_ava_time` (`restaurant_ava_time_id`,`date`,`table_inventory`,`restaurant_default_time_id`) VALUES (716,'2023-03-21',30,23);
INSERT INTO `restaurant_ava_time` (`restaurant_ava_time_id`,`date`,`table_inventory`,`restaurant_default_time_id`) VALUES (717,'2023-03-28',30,24);
INSERT INTO `restaurant_ava_time` (`restaurant_ava_time_id`,`date`,`table_inventory`,`restaurant_default_time_id`) VALUES (718,'2023-03-28',30,25);
INSERT INTO `restaurant_ava_time` (`restaurant_ava_time_id`,`date`,`table_inventory`,`restaurant_default_time_id`) VALUES (719,'2023-03-27',30,26);
INSERT INTO `restaurant_ava_time` (`restaurant_ava_time_id`,`date`,`table_inventory`,`restaurant_default_time_id`) VALUES (720,'2023-03-26',30,27);
INSERT INTO `restaurant_ava_time` (`restaurant_ava_time_id`,`date`,`table_inventory`,`restaurant_default_time_id`) VALUES (721,'2023-03-25',30,28);
INSERT INTO `restaurant_ava_time` (`restaurant_ava_time_id`,`date`,`table_inventory`,`restaurant_default_time_id`) VALUES (722,'2023-03-24',30,29);
INSERT INTO `restaurant_ava_time` (`restaurant_ava_time_id`,`date`,`table_inventory`,`restaurant_default_time_id`) VALUES (723,'2023-03-23',30,30);
INSERT INTO `restaurant_ava_time` (`restaurant_ava_time_id`,`date`,`table_inventory`,`restaurant_default_time_id`) VALUES (724,'2023-03-22',30,31);
INSERT INTO `restaurant_ava_time` (`restaurant_ava_time_id`,`date`,`table_inventory`,`restaurant_default_time_id`) VALUES (725,'2023-03-21',30,32);
INSERT INTO `restaurant_ava_time` (`restaurant_ava_time_id`,`date`,`table_inventory`,`restaurant_default_time_id`) VALUES (726,'2023-03-20',30,33);
INSERT INTO `restaurant_ava_time` (`restaurant_ava_time_id`,`date`,`table_inventory`,`restaurant_default_time_id`) VALUES (727,'2023-03-19',30,34);
INSERT INTO `restaurant_ava_time` (`restaurant_ava_time_id`,`date`,`table_inventory`,`restaurant_default_time_id`) VALUES (728,'2023-03-18',30,35);
INSERT INTO `restaurant_ava_time` (`restaurant_ava_time_id`,`date`,`table_inventory`,`restaurant_default_time_id`) VALUES (729,'2023-03-17',30,36);
INSERT INTO `restaurant_ava_time` (`restaurant_ava_time_id`,`date`,`table_inventory`,`restaurant_default_time_id`) VALUES (730,'2023-03-05',30,63);
INSERT INTO `restaurant_ava_time` (`restaurant_ava_time_id`,`date`,`table_inventory`,`restaurant_default_time_id`) VALUES (731,'2023-03-28',30,64);
INSERT INTO `restaurant_ava_time` (`restaurant_ava_time_id`,`date`,`table_inventory`,`restaurant_default_time_id`) VALUES (732,'2023-03-27',30,65);
INSERT INTO `restaurant_ava_time` (`restaurant_ava_time_id`,`date`,`table_inventory`,`restaurant_default_time_id`) VALUES (733,'2023-03-26',30,66);
INSERT INTO `restaurant_ava_time` (`restaurant_ava_time_id`,`date`,`table_inventory`,`restaurant_default_time_id`) VALUES (734,'2023-03-25',30,67);
INSERT INTO `restaurant_ava_time` (`restaurant_ava_time_id`,`date`,`table_inventory`,`restaurant_default_time_id`) VALUES (735,'2023-03-24',30,68);
INSERT INTO `restaurant_ava_time` (`restaurant_ava_time_id`,`date`,`table_inventory`,`restaurant_default_time_id`) VALUES (736,'2023-03-23',30,69);
INSERT INTO `restaurant_ava_time` (`restaurant_ava_time_id`,`date`,`table_inventory`,`restaurant_default_time_id`) VALUES (737,'2023-03-22',30,70);
INSERT INTO `restaurant_ava_time` (`restaurant_ava_time_id`,`date`,`table_inventory`,`restaurant_default_time_id`) VALUES (738,'2023-03-21',30,71);
INSERT INTO `restaurant_ava_time` (`restaurant_ava_time_id`,`date`,`table_inventory`,`restaurant_default_time_id`) VALUES (739,'2023-03-20',30,72);
INSERT INTO `restaurant_ava_time` (`restaurant_ava_time_id`,`date`,`table_inventory`,`restaurant_default_time_id`) VALUES (740,'2023-03-19',30,73);
INSERT INTO `restaurant_ava_time` (`restaurant_ava_time_id`,`date`,`table_inventory`,`restaurant_default_time_id`) VALUES (741,'2023-03-18',30,74);
INSERT INTO `restaurant_ava_time` (`restaurant_ava_time_id`,`date`,`table_inventory`,`restaurant_default_time_id`) VALUES (742,'2023-03-17',30,75);
INSERT INTO `restaurant_ava_time` (`restaurant_ava_time_id`,`date`,`table_inventory`,`restaurant_default_time_id`) VALUES (743,'2023-03-28',30,87);
INSERT INTO `restaurant_ava_time` (`restaurant_ava_time_id`,`date`,`table_inventory`,`restaurant_default_time_id`) VALUES (744,'2023-03-27',30,88);
INSERT INTO `restaurant_ava_time` (`restaurant_ava_time_id`,`date`,`table_inventory`,`restaurant_default_time_id`) VALUES (745,'2023-03-26',30,89);
INSERT INTO `restaurant_ava_time` (`restaurant_ava_time_id`,`date`,`table_inventory`,`restaurant_default_time_id`) VALUES (746,'2023-03-25',30,90);
INSERT INTO `restaurant_ava_time` (`restaurant_ava_time_id`,`date`,`table_inventory`,`restaurant_default_time_id`) VALUES (747,'2023-03-24',30,91);
INSERT INTO `restaurant_ava_time` (`restaurant_ava_time_id`,`date`,`table_inventory`,`restaurant_default_time_id`) VALUES (748,'2023-03-23',30,92);
INSERT INTO `restaurant_ava_time` (`restaurant_ava_time_id`,`date`,`table_inventory`,`restaurant_default_time_id`) VALUES (749,'2023-03-22',30,93);
INSERT INTO `restaurant_ava_time` (`restaurant_ava_time_id`,`date`,`table_inventory`,`restaurant_default_time_id`) VALUES (750,'2023-03-21',30,94);
INSERT INTO `restaurant_ava_time` (`restaurant_ava_time_id`,`date`,`table_inventory`,`restaurant_default_time_id`) VALUES (751,'2023-03-20',30,95);

/*
-- Query: SELECT * FROM waeating.member
LIMIT 0, 1000

-- Date: 2023-03-29 21:51
*/
INSERT INTO `member` (`member_id`,`name`,`password`,`phone`,`role`,`user_id`,`restaurant_id`) VALUES (1,'문태식','$2a$10$crdZm6lZsvCP8ikxyNPcve/3NcO01OMF3bOTMe449cV.qV810vDOG','010-4242-2845','ROLE_USER','ansxotlr',NULL);
INSERT INTO `member` (`member_id`,`name`,`password`,`phone`,`role`,`user_id`,`restaurant_id`) VALUES (2,'홍한별','$2a$10$37vIsHzao/arlD1A0rS8/.uP18xAJZ9WrqEozKsxxJA9A062N.47u','010-9231-7615','ROLE_OWNER','ghdgksquf',1);
INSERT INTO `member` (`member_id`,`name`,`password`,`phone`,`role`,`user_id`,`restaurant_id`) VALUES (3,'하지원','$2a$10$0Ga.5iNCUlnztNwXYRjSGuD2djU3gn04KFyiN66f6jnITUBbi5Ety','010-3412-7981','ROLE_OWNER','gkwldnjs',NULL);
INSERT INTO `member` (`member_id`,`name`,`password`,`phone`,`role`,`user_id`,`restaurant_id`) VALUES (4,'오세종','$2a$10$foeYEkXmWdmHvBtucOLRTOCd63gK1rPP0R9/6h09E2cNIxP4wSbV2','010-7600-4745','ROLE_OWNER','dhtpwhd',NULL);
INSERT INTO `member` (`member_id`,`name`,`password`,`phone`,`role`,`user_id`,`restaurant_id`) VALUES (5,'관리자','$2a$10$/1U1ZjVyhLmRAzrNly2FWu9r5KzZnFHdU.8Dh/g8UkBmYkkcPyjfO','010-0000-0000','ROLE_ADMIN','admin',NULL);
/*
-- Query: SELECT * FROM waeating.restaurant_category
LIMIT 0, 1000

-- Date: 2023-03-29 21:54
*/
INSERT INTO `restaurant_category` (`restaurant_category_id`,`category_id`,`restaurant_id`) VALUES (1,1,1);
INSERT INTO `restaurant_category` (`restaurant_category_id`,`category_id`,`restaurant_id`) VALUES (3,2,2);
INSERT INTO `restaurant_category` (`restaurant_category_id`,`category_id`,`restaurant_id`) VALUES (4,1,3);
INSERT INTO `restaurant_category` (`restaurant_category_id`,`category_id`,`restaurant_id`) VALUES (5,4,4);
INSERT INTO `restaurant_category` (`restaurant_category_id`,`category_id`,`restaurant_id`) VALUES (6,4,5);
INSERT INTO `restaurant_category` (`restaurant_category_id`,`category_id`,`restaurant_id`) VALUES (7,1,6);
INSERT INTO `restaurant_category` (`restaurant_category_id`,`category_id`,`restaurant_id`) VALUES (8,1,7);
INSERT INTO `restaurant_category` (`restaurant_category_id`,`category_id`,`restaurant_id`) VALUES (11,4,8);
INSERT INTO `restaurant_category` (`restaurant_category_id`,`category_id`,`restaurant_id`) VALUES (12,3,9);
INSERT INTO `restaurant_category` (`restaurant_category_id`,`category_id`,`restaurant_id`) VALUES (13,1,10);
INSERT INTO `restaurant_category` (`restaurant_category_id`,`category_id`,`restaurant_id`) VALUES (14,1,11);
INSERT INTO `restaurant_category` (`restaurant_category_id`,`category_id`,`restaurant_id`) VALUES (15,1,12);
INSERT INTO `restaurant_category` (`restaurant_category_id`,`category_id`,`restaurant_id`) VALUES (16,1,13);
INSERT INTO `restaurant_category` (`restaurant_category_id`,`category_id`,`restaurant_id`) VALUES (17,1,14);
INSERT INTO `restaurant_category` (`restaurant_category_id`,`category_id`,`restaurant_id`) VALUES (18,1,15);
INSERT INTO `restaurant_category` (`restaurant_category_id`,`category_id`,`restaurant_id`) VALUES (19,1,16);
INSERT INTO `restaurant_category` (`restaurant_category_id`,`category_id`,`restaurant_id`) VALUES (21,1,17);
INSERT INTO `restaurant_category` (`restaurant_category_id`,`category_id`,`restaurant_id`) VALUES (22,1,18);
INSERT INTO `restaurant_category` (`restaurant_category_id`,`category_id`,`restaurant_id`) VALUES (24,3,19);
INSERT INTO `restaurant_category` (`restaurant_category_id`,`category_id`,`restaurant_id`) VALUES (25,3,20);
INSERT INTO `restaurant_category` (`restaurant_category_id`,`category_id`,`restaurant_id`) VALUES (26,1,21);
INSERT INTO `restaurant_category` (`restaurant_category_id`,`category_id`,`restaurant_id`) VALUES (27,2,22);
INSERT INTO `restaurant_category` (`restaurant_category_id`,`category_id`,`restaurant_id`) VALUES (28,4,23);
INSERT INTO `restaurant_category` (`restaurant_category_id`,`category_id`,`restaurant_id`) VALUES (29,3,24);
/*
-- Query: SELECT * FROM waeating.member_interest_area
LIMIT 0, 1000

-- Date: 2023-03-29 21:51
*/
INSERT INTO `member_interest_area` (`member_interest_area_id`,`area_id`,`member_id`) VALUES (10,11,1);
INSERT INTO `member_interest_area` (`member_interest_area_id`,`area_id`,`member_id`) VALUES (11,19,1);
INSERT INTO `member_interest_area` (`member_interest_area_id`,`area_id`,`member_id`) VALUES (12,28,1);
/*
-- Query: SELECT * FROM waeating.member_interest_category
LIMIT 0, 1000

-- Date: 2023-03-29 21:51
*/
INSERT INTO `member_interest_category` (`member_interest_category_id`,`category_id`,`member_id`) VALUES (7,1,1);
INSERT INTO `member_interest_category` (`member_interest_category_id`,`category_id`,`member_id`) VALUES (8,2,1);

/*
-- Query: SELECT * FROM waeating.menu_category
LIMIT 0, 1000

-- Date: 2023-03-29 21:52
*/
INSERT INTO `menu_category` (`menu_category_id`,`name`,`order_number`,`restaurant_id`) VALUES (1,'밥류',1,1);
INSERT INTO `menu_category` (`menu_category_id`,`name`,`order_number`,`restaurant_id`) VALUES (2,'분식류',2,1);
INSERT INTO `menu_category` (`menu_category_id`,`name`,`order_number`,`restaurant_id`) VALUES (3,'면류',3,1);
INSERT INTO `menu_category` (`menu_category_id`,`name`,`order_number`,`restaurant_id`) VALUES (4,'주류',4,1);
INSERT INTO `menu_category` (`menu_category_id`,`name`,`order_number`,`restaurant_id`) VALUES (5,'면류',1,2);
INSERT INTO `menu_category` (`menu_category_id`,`name`,`order_number`,`restaurant_id`) VALUES (6,'밥류',1,3);

/*
-- Query: SELECT * FROM waeating.menu
LIMIT 0, 1000

-- Date: 2023-03-29 21:52
*/
INSERT INTO `menu` (`menu_id`,`explanation`,`image_path`,`name`,`price`,`representative`,`category_id`,`menu_category_id`,`restaurant_id`) VALUES (1,NULL,'/restaurant-photos/1/Menu-Img/1.jpg','김치덮밥',6000,0,1,1,1);
INSERT INTO `menu` (`menu_id`,`explanation`,`image_path`,`name`,`price`,`representative`,`category_id`,`menu_category_id`,`restaurant_id`) VALUES (2,NULL,'/restaurant-photos/1/Menu-Img/2.jpeg','콩나물덮밥',6000,0,1,1,1);
INSERT INTO `menu` (`menu_id`,`explanation`,`image_path`,`name`,`price`,`representative`,`category_id`,`menu_category_id`,`restaurant_id`) VALUES (3,NULL,'/restaurant-photos/1/Menu-Img/3.jpg','제육덮밥',7000,0,1,1,1);
INSERT INTO `menu` (`menu_id`,`explanation`,`image_path`,`name`,`price`,`representative`,`category_id`,`menu_category_id`,`restaurant_id`) VALUES (4,NULL,'/restaurant-photos/1/Menu-Img/4.jpeg','오징어덮밥',7000,0,1,1,1);
INSERT INTO `menu` (`menu_id`,`explanation`,`image_path`,`name`,`price`,`representative`,`category_id`,`menu_category_id`,`restaurant_id`) VALUES (5,NULL,'/restaurant-photos/1/Menu-Img/5.jpg','스팸마요덮밥',6500,0,1,1,1);
INSERT INTO `menu` (`menu_id`,`explanation`,`image_path`,`name`,`price`,`representative`,`category_id`,`menu_category_id`,`restaurant_id`) VALUES (6,NULL,'/restaurant-photos/1/Menu-Img/6.jpg','떡볶이',3000,0,1,2,1);
INSERT INTO `menu` (`menu_id`,`explanation`,`image_path`,`name`,`price`,`representative`,`category_id`,`menu_category_id`,`restaurant_id`) VALUES (7,NULL,'/restaurant-photos/1/Menu-Img/7.jpeg','오뎅',500,0,1,2,1);
INSERT INTO `menu` (`menu_id`,`explanation`,`image_path`,`name`,`price`,`representative`,`category_id`,`menu_category_id`,`restaurant_id`) VALUES (8,NULL,'/restaurant-photos/1/Menu-Img/8.jpeg','라면',4000,0,1,3,1);
INSERT INTO `menu` (`menu_id`,`explanation`,`image_path`,`name`,`price`,`representative`,`category_id`,`menu_category_id`,`restaurant_id`) VALUES (9,NULL,'/restaurant-photos/1/Menu-Img/9.png','우동',6000,0,1,3,1);
INSERT INTO `menu` (`menu_id`,`explanation`,`image_path`,`name`,`price`,`representative`,`category_id`,`menu_category_id`,`restaurant_id`) VALUES (10,NULL,'/restaurant-photos/1/Menu-Img/10.jpeg','콜라500ml',2000,0,1,4,1);
INSERT INTO `menu` (`menu_id`,`explanation`,`image_path`,`name`,`price`,`representative`,`category_id`,`menu_category_id`,`restaurant_id`) VALUES (11,NULL,'/restaurant-photos/1/Menu-Img/11.jpeg','사이다500ml',2000,0,1,4,1);
INSERT INTO `menu` (`menu_id`,`explanation`,`image_path`,`name`,`price`,`representative`,`category_id`,`menu_category_id`,`restaurant_id`) VALUES (12,NULL,'/restaurant-photos/2/Menu-Img/1.jpg','짜짱면',8000,0,2,5,2);
INSERT INTO `menu` (`menu_id`,`explanation`,`image_path`,`name`,`price`,`representative`,`category_id`,`menu_category_id`,`restaurant_id`) VALUES (13,NULL,'/restaurant-photos/2/Menu-Img/2.jpg','짬뽕',8000,0,2,5,2);
INSERT INTO `menu` (`menu_id`,`explanation`,`image_path`,`name`,`price`,`representative`,`category_id`,`menu_category_id`,`restaurant_id`) VALUES (14,NULL,'/restaurant-photos/3/Menu-Img/1.jpg','순대국밥',8000,0,1,6,3);
INSERT INTO `menu` (`menu_id`,`explanation`,`image_path`,`name`,`price`,`representative`,`category_id`,`menu_category_id`,`restaurant_id`) VALUES (15,NULL,'/restaurant-photos/3/Menu-Img/2.jpg','수육국밥',8000,0,1,6,3);

/*
-- Query: SELECT * FROM waeating.one_to_one_inquiry
LIMIT 0, 1000

-- Date: 2023-03-29 21:53
*/
INSERT INTO `one_to_one_inquiry` (`one_to_one_id`,`content`,`file_path`,`state`,`title`,`faq_category_id`,`member_id`) VALUES (1,'포인트 적립은 언제 되는 건가요? 아직 포인트가 안 들어왔어요.',NULL,'COMPLETED','포인트 적립',1,1);
INSERT INTO `one_to_one_inquiry` (`one_to_one_id`,`content`,`file_path`,`state`,`title`,`faq_category_id`,`member_id`) VALUES (2,'회원 탈퇴를 하고 싶은데 회원 탈퇴가 없어서 문의합니다.',NULL,'COMPLETED','회원 탈퇴는 어떻게 해요?',4,1);
INSERT INTO `one_to_one_inquiry` (`one_to_one_id`,`content`,`file_path`,`state`,`title`,`faq_category_id`,`member_id`) VALUES (3,'예약을 취소 했는데 아직 환불이 안됐어요. 언제 되나요?','라밥.jpg','WAITING','예약을 취소 했는데 아직 환불이 안됐어요.',2,1);
INSERT INTO `one_to_one_inquiry` (`one_to_one_id`,`content`,`file_path`,`state`,`title`,`faq_category_id`,`member_id`) VALUES (4,'예약 눌렀는데 오류 페이지가 나왔는데 예약이 됐는지 확인해주세요.','에러.png','COMPLETED','예약 눌렀는데 오류 페이지가 나왔는데 예약이 됐는지 확인해주세요.',3,1);

/*
-- Query: SELECT * FROM waeating.one_to_one_inquiry_comment
LIMIT 0, 1000

-- Date: 2023-03-29 21:53
*/
INSERT INTO `one_to_one_inquiry_comment` (`one_to_one_comment_id`,`content`,`one_to_one_id`) VALUES (1,'죄송합니다. 확인해봤는데 예약이 돼있는 걸로 확인 했습니다.',4);
INSERT INTO `one_to_one_inquiry_comment` (`one_to_one_comment_id`,`content`,`one_to_one_id`) VALUES (2,'예약날 기준 2일 후에 포인트가 들어갑니다.',1);
INSERT INTO `one_to_one_inquiry_comment` (`one_to_one_comment_id`,`content`,`one_to_one_id`) VALUES (3,'문의 해주셔서 감사합니다.',2);

/*
-- Query: SELECT * FROM waeating.reservation_info
LIMIT 0, 1000

-- Date: 2023-03-29 21:53
*/
INSERT INTO `reservation_info` (`reservation_info_id`,`extra_requirement`,`people`,`reservation_name`,`reservation_phone`,`total_amount`,`member_id`,`restaurant_id`,`restaurant_ava_time_id`,`imp_uid`,`merchant_uid`) VALUES (1,'',5,'문태식','010-4242-2845',73500,1,1,153,NULL,NULL);
INSERT INTO `reservation_info` (`reservation_info_id`,`extra_requirement`,`people`,`reservation_name`,`reservation_phone`,`total_amount`,`member_id`,`restaurant_id`,`restaurant_ava_time_id`,`imp_uid`,`merchant_uid`) VALUES (2,'오이 빼주세요',4,'문태식','010-4242-2845',30000,1,1,153,'NULL','NULL');
INSERT INTO `reservation_info` (`reservation_info_id`,`extra_requirement`,`people`,`reservation_name`,`reservation_phone`,`total_amount`,`member_id`,`restaurant_id`,`restaurant_ava_time_id`,`imp_uid`,`merchant_uid`) VALUES (3,'',5,'문태식','010-4242-2845',73500,1,1,154,'NULL','NULL');
INSERT INTO `reservation_info` (`reservation_info_id`,`extra_requirement`,`people`,`reservation_name`,`reservation_phone`,`total_amount`,`member_id`,`restaurant_id`,`restaurant_ava_time_id`,`imp_uid`,`merchant_uid`) VALUES (4,'오이 빼주세요',4,'문태식','010-4242-2845',30000,1,1,155,NULL,NULL);
INSERT INTO `reservation_info` (`reservation_info_id`,`extra_requirement`,`people`,`reservation_name`,`reservation_phone`,`total_amount`,`member_id`,`restaurant_id`,`restaurant_ava_time_id`,`imp_uid`,`merchant_uid`) VALUES (6,'',5,'문태식','010-4242-2845',73500,1,1,156,NULL,NULL);
INSERT INTO `reservation_info` (`reservation_info_id`,`extra_requirement`,`people`,`reservation_name`,`reservation_phone`,`total_amount`,`member_id`,`restaurant_id`,`restaurant_ava_time_id`,`imp_uid`,`merchant_uid`) VALUES (7,'오이 빼주세요',4,'문태식','010-4242-2845',30000,1,1,157,NULL,NULL);
INSERT INTO `reservation_info` (`reservation_info_id`,`extra_requirement`,`people`,`reservation_name`,`reservation_phone`,`total_amount`,`member_id`,`restaurant_id`,`restaurant_ava_time_id`,`imp_uid`,`merchant_uid`) VALUES (8,'',5,'문태식','010-4242-2845',73500,1,1,158,NULL,NULL);
INSERT INTO `reservation_info` (`reservation_info_id`,`extra_requirement`,`people`,`reservation_name`,`reservation_phone`,`total_amount`,`member_id`,`restaurant_id`,`restaurant_ava_time_id`,`imp_uid`,`merchant_uid`) VALUES (9,'오이 빼주세요',4,'문태식','010-4242-2845',30000,1,1,159,NULL,NULL);
INSERT INTO `reservation_info` (`reservation_info_id`,`extra_requirement`,`people`,`reservation_name`,`reservation_phone`,`total_amount`,`member_id`,`restaurant_id`,`restaurant_ava_time_id`,`imp_uid`,`merchant_uid`) VALUES (13,'',5,'문태식','010-4242-2845',73500,1,1,160,NULL,NULL);
INSERT INTO `reservation_info` (`reservation_info_id`,`extra_requirement`,`people`,`reservation_name`,`reservation_phone`,`total_amount`,`member_id`,`restaurant_id`,`restaurant_ava_time_id`,`imp_uid`,`merchant_uid`) VALUES (14,'오이 빼주세요',4,'문태식','010-4242-2845',30000,1,1,161,NULL,NULL);
INSERT INTO `reservation_info` (`reservation_info_id`,`extra_requirement`,`people`,`reservation_name`,`reservation_phone`,`total_amount`,`member_id`,`restaurant_id`,`restaurant_ava_time_id`,`imp_uid`,`merchant_uid`) VALUES (15,'',5,'문태식','010-4242-2845',73500,1,1,162,NULL,NULL);
INSERT INTO `reservation_info` (`reservation_info_id`,`extra_requirement`,`people`,`reservation_name`,`reservation_phone`,`total_amount`,`member_id`,`restaurant_id`,`restaurant_ava_time_id`,`imp_uid`,`merchant_uid`) VALUES (16,'오이 빼주세요',4,'문태식','010-4242-2845',30000,1,1,163,NULL,NULL);
INSERT INTO `reservation_info` (`reservation_info_id`,`extra_requirement`,`people`,`reservation_name`,`reservation_phone`,`total_amount`,`member_id`,`restaurant_id`,`restaurant_ava_time_id`,`imp_uid`,`merchant_uid`) VALUES (17,'',5,'문태식','010-4242-2845',73500,1,1,164,NULL,NULL);
INSERT INTO `reservation_info` (`reservation_info_id`,`extra_requirement`,`people`,`reservation_name`,`reservation_phone`,`total_amount`,`member_id`,`restaurant_id`,`restaurant_ava_time_id`,`imp_uid`,`merchant_uid`) VALUES (18,'오이 빼주세요',4,'문태식','010-4242-2845',30000,1,1,165,NULL,NULL);
INSERT INTO `reservation_info` (`reservation_info_id`,`extra_requirement`,`people`,`reservation_name`,`reservation_phone`,`total_amount`,`member_id`,`restaurant_id`,`restaurant_ava_time_id`,`imp_uid`,`merchant_uid`) VALUES (19,'',5,'문태식','010-4242-2845',73500,1,1,166,NULL,NULL);
INSERT INTO `reservation_info` (`reservation_info_id`,`extra_requirement`,`people`,`reservation_name`,`reservation_phone`,`total_amount`,`member_id`,`restaurant_id`,`restaurant_ava_time_id`,`imp_uid`,`merchant_uid`) VALUES (20,'오이 빼주세요',4,'문태식','010-4242-2845',30000,1,1,167,NULL,NULL);
INSERT INTO `reservation_info` (`reservation_info_id`,`extra_requirement`,`people`,`reservation_name`,`reservation_phone`,`total_amount`,`member_id`,`restaurant_id`,`restaurant_ava_time_id`,`imp_uid`,`merchant_uid`) VALUES (28,'',5,'문태식','010-4242-2845',73500,1,1,168,NULL,NULL);
INSERT INTO `reservation_info` (`reservation_info_id`,`extra_requirement`,`people`,`reservation_name`,`reservation_phone`,`total_amount`,`member_id`,`restaurant_id`,`restaurant_ava_time_id`,`imp_uid`,`merchant_uid`) VALUES (29,'오이 빼주세요',4,'문태식','010-4242-2845',30000,1,1,169,NULL,NULL);
INSERT INTO `reservation_info` (`reservation_info_id`,`extra_requirement`,`people`,`reservation_name`,`reservation_phone`,`total_amount`,`member_id`,`restaurant_id`,`restaurant_ava_time_id`,`imp_uid`,`merchant_uid`) VALUES (30,'',5,'문태식','010-4242-2845',73500,1,1,170,NULL,NULL);
INSERT INTO `reservation_info` (`reservation_info_id`,`extra_requirement`,`people`,`reservation_name`,`reservation_phone`,`total_amount`,`member_id`,`restaurant_id`,`restaurant_ava_time_id`,`imp_uid`,`merchant_uid`) VALUES (31,'오이 빼주세요',4,'문태식','010-4242-2845',30000,1,1,171,NULL,NULL);
INSERT INTO `reservation_info` (`reservation_info_id`,`extra_requirement`,`people`,`reservation_name`,`reservation_phone`,`total_amount`,`member_id`,`restaurant_id`,`restaurant_ava_time_id`,`imp_uid`,`merchant_uid`) VALUES (32,'',5,'문태식','010-4242-2845',73500,1,1,172,NULL,NULL);
INSERT INTO `reservation_info` (`reservation_info_id`,`extra_requirement`,`people`,`reservation_name`,`reservation_phone`,`total_amount`,`member_id`,`restaurant_id`,`restaurant_ava_time_id`,`imp_uid`,`merchant_uid`) VALUES (33,'오이 빼주세요',4,'문태식','010-4242-2845',30000,1,1,173,NULL,NULL);
INSERT INTO `reservation_info` (`reservation_info_id`,`extra_requirement`,`people`,`reservation_name`,`reservation_phone`,`total_amount`,`member_id`,`restaurant_id`,`restaurant_ava_time_id`,`imp_uid`,`merchant_uid`) VALUES (34,'',5,'문태식','010-4242-2845',73500,1,1,174,NULL,NULL);
INSERT INTO `reservation_info` (`reservation_info_id`,`extra_requirement`,`people`,`reservation_name`,`reservation_phone`,`total_amount`,`member_id`,`restaurant_id`,`restaurant_ava_time_id`,`imp_uid`,`merchant_uid`) VALUES (35,'오이 빼주세요',4,'문태식','010-4242-2845',30000,1,1,175,NULL,NULL);
INSERT INTO `reservation_info` (`reservation_info_id`,`extra_requirement`,`people`,`reservation_name`,`reservation_phone`,`total_amount`,`member_id`,`restaurant_id`,`restaurant_ava_time_id`,`imp_uid`,`merchant_uid`) VALUES (36,'',5,'문태식','010-4242-2845',73500,1,1,176,NULL,NULL);
INSERT INTO `reservation_info` (`reservation_info_id`,`extra_requirement`,`people`,`reservation_name`,`reservation_phone`,`total_amount`,`member_id`,`restaurant_id`,`restaurant_ava_time_id`,`imp_uid`,`merchant_uid`) VALUES (37,'오이 빼주세요',4,'문태식','010-4242-2845',30000,1,1,177,NULL,NULL);
INSERT INTO `reservation_info` (`reservation_info_id`,`extra_requirement`,`people`,`reservation_name`,`reservation_phone`,`total_amount`,`member_id`,`restaurant_id`,`restaurant_ava_time_id`,`imp_uid`,`merchant_uid`) VALUES (38,'',5,'문태식','010-4242-2845',73500,1,1,178,NULL,NULL);
INSERT INTO `reservation_info` (`reservation_info_id`,`extra_requirement`,`people`,`reservation_name`,`reservation_phone`,`total_amount`,`member_id`,`restaurant_id`,`restaurant_ava_time_id`,`imp_uid`,`merchant_uid`) VALUES (39,'오이 빼주세요',4,'문태식','010-4242-2845',30000,1,1,179,NULL,NULL);
INSERT INTO `reservation_info` (`reservation_info_id`,`extra_requirement`,`people`,`reservation_name`,`reservation_phone`,`total_amount`,`member_id`,`restaurant_id`,`restaurant_ava_time_id`,`imp_uid`,`merchant_uid`) VALUES (40,'',5,'문태식','010-4242-2845',73500,1,1,180,NULL,NULL);
INSERT INTO `reservation_info` (`reservation_info_id`,`extra_requirement`,`people`,`reservation_name`,`reservation_phone`,`total_amount`,`member_id`,`restaurant_id`,`restaurant_ava_time_id`,`imp_uid`,`merchant_uid`) VALUES (41,'오이 빼주세요',4,'문태식','010-4242-2845',30000,1,1,181,NULL,NULL);
INSERT INTO `reservation_info` (`reservation_info_id`,`extra_requirement`,`people`,`reservation_name`,`reservation_phone`,`total_amount`,`member_id`,`restaurant_id`,`restaurant_ava_time_id`,`imp_uid`,`merchant_uid`) VALUES (42,'',5,'문태식','010-4242-2845',73500,1,1,182,NULL,NULL);
INSERT INTO `reservation_info` (`reservation_info_id`,`extra_requirement`,`people`,`reservation_name`,`reservation_phone`,`total_amount`,`member_id`,`restaurant_id`,`restaurant_ava_time_id`,`imp_uid`,`merchant_uid`) VALUES (43,'오이 빼주세요',4,'문태식','010-4242-2845',30000,1,1,183,NULL,NULL);
INSERT INTO `reservation_info` (`reservation_info_id`,`extra_requirement`,`people`,`reservation_name`,`reservation_phone`,`total_amount`,`member_id`,`restaurant_id`,`restaurant_ava_time_id`,`imp_uid`,`merchant_uid`) VALUES (59,'',5,'문태식','010-4242-2845',73500,1,1,184,NULL,NULL);
INSERT INTO `reservation_info` (`reservation_info_id`,`extra_requirement`,`people`,`reservation_name`,`reservation_phone`,`total_amount`,`member_id`,`restaurant_id`,`restaurant_ava_time_id`,`imp_uid`,`merchant_uid`) VALUES (60,'오이 빼주세요',4,'문태식','010-4242-2845',30000,1,1,185,NULL,NULL);
INSERT INTO `reservation_info` (`reservation_info_id`,`extra_requirement`,`people`,`reservation_name`,`reservation_phone`,`total_amount`,`member_id`,`restaurant_id`,`restaurant_ava_time_id`,`imp_uid`,`merchant_uid`) VALUES (61,'',5,'문태식','010-4242-2845',73500,1,1,186,NULL,NULL);
INSERT INTO `reservation_info` (`reservation_info_id`,`extra_requirement`,`people`,`reservation_name`,`reservation_phone`,`total_amount`,`member_id`,`restaurant_id`,`restaurant_ava_time_id`,`imp_uid`,`merchant_uid`) VALUES (62,'오이 빼주세요',4,'문태식','010-4242-2845',30000,1,1,187,NULL,NULL);
INSERT INTO `reservation_info` (`reservation_info_id`,`extra_requirement`,`people`,`reservation_name`,`reservation_phone`,`total_amount`,`member_id`,`restaurant_id`,`restaurant_ava_time_id`,`imp_uid`,`merchant_uid`) VALUES (63,'',5,'문태식','010-4242-2845',73500,1,1,188,NULL,NULL);
INSERT INTO `reservation_info` (`reservation_info_id`,`extra_requirement`,`people`,`reservation_name`,`reservation_phone`,`total_amount`,`member_id`,`restaurant_id`,`restaurant_ava_time_id`,`imp_uid`,`merchant_uid`) VALUES (64,'오이 빼주세요',4,'문태식','010-4242-2845',30000,1,1,189,NULL,NULL);
INSERT INTO `reservation_info` (`reservation_info_id`,`extra_requirement`,`people`,`reservation_name`,`reservation_phone`,`total_amount`,`member_id`,`restaurant_id`,`restaurant_ava_time_id`,`imp_uid`,`merchant_uid`) VALUES (65,'',5,'문태식','010-4242-2845',73500,1,1,190,NULL,NULL);
INSERT INTO `reservation_info` (`reservation_info_id`,`extra_requirement`,`people`,`reservation_name`,`reservation_phone`,`total_amount`,`member_id`,`restaurant_id`,`restaurant_ava_time_id`,`imp_uid`,`merchant_uid`) VALUES (66,'오이 빼주세요',4,'문태식','010-4242-2845',30000,1,1,191,NULL,NULL);
INSERT INTO `reservation_info` (`reservation_info_id`,`extra_requirement`,`people`,`reservation_name`,`reservation_phone`,`total_amount`,`member_id`,`restaurant_id`,`restaurant_ava_time_id`,`imp_uid`,`merchant_uid`) VALUES (67,'',5,'문태식','010-4242-2845',73500,1,1,192,NULL,NULL);
INSERT INTO `reservation_info` (`reservation_info_id`,`extra_requirement`,`people`,`reservation_name`,`reservation_phone`,`total_amount`,`member_id`,`restaurant_id`,`restaurant_ava_time_id`,`imp_uid`,`merchant_uid`) VALUES (68,'오이 빼주세요',4,'문태식','010-4242-2845',30000,1,1,193,NULL,NULL);
INSERT INTO `reservation_info` (`reservation_info_id`,`extra_requirement`,`people`,`reservation_name`,`reservation_phone`,`total_amount`,`member_id`,`restaurant_id`,`restaurant_ava_time_id`,`imp_uid`,`merchant_uid`) VALUES (69,'',5,'문태식','010-4242-2845',73500,1,1,194,NULL,NULL);
INSERT INTO `reservation_info` (`reservation_info_id`,`extra_requirement`,`people`,`reservation_name`,`reservation_phone`,`total_amount`,`member_id`,`restaurant_id`,`restaurant_ava_time_id`,`imp_uid`,`merchant_uid`) VALUES (70,'오이 빼주세요',4,'문태식','010-4242-2845',30000,1,1,195,NULL,NULL);
INSERT INTO `reservation_info` (`reservation_info_id`,`extra_requirement`,`people`,`reservation_name`,`reservation_phone`,`total_amount`,`member_id`,`restaurant_id`,`restaurant_ava_time_id`,`imp_uid`,`merchant_uid`) VALUES (71,'',5,'문태식','010-4242-2845',73500,1,1,196,NULL,NULL);
INSERT INTO `reservation_info` (`reservation_info_id`,`extra_requirement`,`people`,`reservation_name`,`reservation_phone`,`total_amount`,`member_id`,`restaurant_id`,`restaurant_ava_time_id`,`imp_uid`,`merchant_uid`) VALUES (72,'오이 빼주세요',4,'문태식','010-4242-2845',30000,1,1,197,NULL,NULL);
INSERT INTO `reservation_info` (`reservation_info_id`,`extra_requirement`,`people`,`reservation_name`,`reservation_phone`,`total_amount`,`member_id`,`restaurant_id`,`restaurant_ava_time_id`,`imp_uid`,`merchant_uid`) VALUES (73,'',5,'문태식','010-4242-2845',73500,1,1,198,NULL,NULL);
INSERT INTO `reservation_info` (`reservation_info_id`,`extra_requirement`,`people`,`reservation_name`,`reservation_phone`,`total_amount`,`member_id`,`restaurant_id`,`restaurant_ava_time_id`,`imp_uid`,`merchant_uid`) VALUES (74,'오이 빼주세요',4,'문태식','010-4242-2845',30000,1,1,199,NULL,NULL);
INSERT INTO `reservation_info` (`reservation_info_id`,`extra_requirement`,`people`,`reservation_name`,`reservation_phone`,`total_amount`,`member_id`,`restaurant_id`,`restaurant_ava_time_id`,`imp_uid`,`merchant_uid`) VALUES (75,'',5,'문태식','010-4242-2845',73500,1,1,200,NULL,NULL);
INSERT INTO `reservation_info` (`reservation_info_id`,`extra_requirement`,`people`,`reservation_name`,`reservation_phone`,`total_amount`,`member_id`,`restaurant_id`,`restaurant_ava_time_id`,`imp_uid`,`merchant_uid`) VALUES (76,'오이 빼주세요',4,'문태식','010-4242-2845',30000,1,1,201,NULL,NULL);
INSERT INTO `reservation_info` (`reservation_info_id`,`extra_requirement`,`people`,`reservation_name`,`reservation_phone`,`total_amount`,`member_id`,`restaurant_id`,`restaurant_ava_time_id`,`imp_uid`,`merchant_uid`) VALUES (77,'',5,'문태식','010-4242-2845',73500,1,1,202,NULL,NULL);
INSERT INTO `reservation_info` (`reservation_info_id`,`extra_requirement`,`people`,`reservation_name`,`reservation_phone`,`total_amount`,`member_id`,`restaurant_id`,`restaurant_ava_time_id`,`imp_uid`,`merchant_uid`) VALUES (78,'오이 빼주세요',4,'문태식','010-4242-2845',30000,1,1,203,NULL,NULL);
INSERT INTO `reservation_info` (`reservation_info_id`,`extra_requirement`,`people`,`reservation_name`,`reservation_phone`,`total_amount`,`member_id`,`restaurant_id`,`restaurant_ava_time_id`,`imp_uid`,`merchant_uid`) VALUES (79,'',5,'문태식','010-4242-2845',73500,1,1,204,NULL,NULL);
INSERT INTO `reservation_info` (`reservation_info_id`,`extra_requirement`,`people`,`reservation_name`,`reservation_phone`,`total_amount`,`member_id`,`restaurant_id`,`restaurant_ava_time_id`,`imp_uid`,`merchant_uid`) VALUES (80,'오이 빼주세요',4,'문태식','010-4242-2845',30000,1,1,205,NULL,NULL);
INSERT INTO `reservation_info` (`reservation_info_id`,`extra_requirement`,`people`,`reservation_name`,`reservation_phone`,`total_amount`,`member_id`,`restaurant_id`,`restaurant_ava_time_id`,`imp_uid`,`merchant_uid`) VALUES (81,'',5,'문태식','010-4242-2845',73500,1,1,206,NULL,NULL);
INSERT INTO `reservation_info` (`reservation_info_id`,`extra_requirement`,`people`,`reservation_name`,`reservation_phone`,`total_amount`,`member_id`,`restaurant_id`,`restaurant_ava_time_id`,`imp_uid`,`merchant_uid`) VALUES (82,'오이 빼주세요',4,'문태식','010-4242-2845',30000,1,1,207,NULL,NULL);
INSERT INTO `reservation_info` (`reservation_info_id`,`extra_requirement`,`people`,`reservation_name`,`reservation_phone`,`total_amount`,`member_id`,`restaurant_id`,`restaurant_ava_time_id`,`imp_uid`,`merchant_uid`) VALUES (83,'',5,'문태식','010-4242-2845',73500,1,1,208,NULL,NULL);
INSERT INTO `reservation_info` (`reservation_info_id`,`extra_requirement`,`people`,`reservation_name`,`reservation_phone`,`total_amount`,`member_id`,`restaurant_id`,`restaurant_ava_time_id`,`imp_uid`,`merchant_uid`) VALUES (84,'오이 빼주세요',4,'문태식','010-4242-2845',30000,1,1,209,NULL,NULL);
INSERT INTO `reservation_info` (`reservation_info_id`,`extra_requirement`,`people`,`reservation_name`,`reservation_phone`,`total_amount`,`member_id`,`restaurant_id`,`restaurant_ava_time_id`,`imp_uid`,`merchant_uid`) VALUES (85,'',5,'문태식','010-4242-2845',73500,1,1,210,NULL,NULL);
INSERT INTO `reservation_info` (`reservation_info_id`,`extra_requirement`,`people`,`reservation_name`,`reservation_phone`,`total_amount`,`member_id`,`restaurant_id`,`restaurant_ava_time_id`,`imp_uid`,`merchant_uid`) VALUES (86,'오이 빼주세요',4,'문태식','010-4242-2845',30000,1,1,211,NULL,NULL);
INSERT INTO `reservation_info` (`reservation_info_id`,`extra_requirement`,`people`,`reservation_name`,`reservation_phone`,`total_amount`,`member_id`,`restaurant_id`,`restaurant_ava_time_id`,`imp_uid`,`merchant_uid`) VALUES (87,'',5,'문태식','010-4242-2845',73500,1,1,212,NULL,NULL);
INSERT INTO `reservation_info` (`reservation_info_id`,`extra_requirement`,`people`,`reservation_name`,`reservation_phone`,`total_amount`,`member_id`,`restaurant_id`,`restaurant_ava_time_id`,`imp_uid`,`merchant_uid`) VALUES (88,'오이 빼주세요',4,'문태식','010-4242-2845',30000,1,1,213,NULL,NULL);
INSERT INTO `reservation_info` (`reservation_info_id`,`extra_requirement`,`people`,`reservation_name`,`reservation_phone`,`total_amount`,`member_id`,`restaurant_id`,`restaurant_ava_time_id`,`imp_uid`,`merchant_uid`) VALUES (89,'',5,'문태식','010-4242-2845',73500,1,1,214,NULL,NULL);
INSERT INTO `reservation_info` (`reservation_info_id`,`extra_requirement`,`people`,`reservation_name`,`reservation_phone`,`total_amount`,`member_id`,`restaurant_id`,`restaurant_ava_time_id`,`imp_uid`,`merchant_uid`) VALUES (90,'오이 빼주세요',4,'문태식','010-4242-2845',30000,1,1,215,NULL,NULL);
INSERT INTO `reservation_info` (`reservation_info_id`,`extra_requirement`,`people`,`reservation_name`,`reservation_phone`,`total_amount`,`member_id`,`restaurant_id`,`restaurant_ava_time_id`,`imp_uid`,`merchant_uid`) VALUES (122,'',5,'문태식','010-4242-2845',73500,1,1,216,NULL,NULL);
INSERT INTO `reservation_info` (`reservation_info_id`,`extra_requirement`,`people`,`reservation_name`,`reservation_phone`,`total_amount`,`member_id`,`restaurant_id`,`restaurant_ava_time_id`,`imp_uid`,`merchant_uid`) VALUES (123,'오이 빼주세요',4,'문태식','010-4242-2845',30000,1,1,217,NULL,NULL);
INSERT INTO `reservation_info` (`reservation_info_id`,`extra_requirement`,`people`,`reservation_name`,`reservation_phone`,`total_amount`,`member_id`,`restaurant_id`,`restaurant_ava_time_id`,`imp_uid`,`merchant_uid`) VALUES (124,'',5,'문태식','010-4242-2845',73500,1,1,218,NULL,NULL);
INSERT INTO `reservation_info` (`reservation_info_id`,`extra_requirement`,`people`,`reservation_name`,`reservation_phone`,`total_amount`,`member_id`,`restaurant_id`,`restaurant_ava_time_id`,`imp_uid`,`merchant_uid`) VALUES (125,'오이 빼주세요',4,'문태식','010-4242-2845',30000,1,1,219,NULL,NULL);
INSERT INTO `reservation_info` (`reservation_info_id`,`extra_requirement`,`people`,`reservation_name`,`reservation_phone`,`total_amount`,`member_id`,`restaurant_id`,`restaurant_ava_time_id`,`imp_uid`,`merchant_uid`) VALUES (126,'',5,'문태식','010-4242-2845',73500,1,1,220,NULL,NULL);
INSERT INTO `reservation_info` (`reservation_info_id`,`extra_requirement`,`people`,`reservation_name`,`reservation_phone`,`total_amount`,`member_id`,`restaurant_id`,`restaurant_ava_time_id`,`imp_uid`,`merchant_uid`) VALUES (127,'오이 빼주세요',4,'문태식','010-4242-2845',30000,1,1,221,NULL,NULL);
INSERT INTO `reservation_info` (`reservation_info_id`,`extra_requirement`,`people`,`reservation_name`,`reservation_phone`,`total_amount`,`member_id`,`restaurant_id`,`restaurant_ava_time_id`,`imp_uid`,`merchant_uid`) VALUES (128,'',5,'문태식','010-4242-2845',73500,1,1,222,NULL,NULL);
INSERT INTO `reservation_info` (`reservation_info_id`,`extra_requirement`,`people`,`reservation_name`,`reservation_phone`,`total_amount`,`member_id`,`restaurant_id`,`restaurant_ava_time_id`,`imp_uid`,`merchant_uid`) VALUES (129,'오이 빼주세요',4,'문태식','010-4242-2845',30000,1,1,223,NULL,NULL);
INSERT INTO `reservation_info` (`reservation_info_id`,`extra_requirement`,`people`,`reservation_name`,`reservation_phone`,`total_amount`,`member_id`,`restaurant_id`,`restaurant_ava_time_id`,`imp_uid`,`merchant_uid`) VALUES (130,'',5,'문태식','010-4242-2845',73500,1,1,224,NULL,NULL);
INSERT INTO `reservation_info` (`reservation_info_id`,`extra_requirement`,`people`,`reservation_name`,`reservation_phone`,`total_amount`,`member_id`,`restaurant_id`,`restaurant_ava_time_id`,`imp_uid`,`merchant_uid`) VALUES (131,'오이 빼주세요',4,'문태식','010-4242-2845',30000,1,1,225,NULL,NULL);
INSERT INTO `reservation_info` (`reservation_info_id`,`extra_requirement`,`people`,`reservation_name`,`reservation_phone`,`total_amount`,`member_id`,`restaurant_id`,`restaurant_ava_time_id`,`imp_uid`,`merchant_uid`) VALUES (132,'',5,'문태식','010-4242-2845',73500,1,1,226,NULL,NULL);
INSERT INTO `reservation_info` (`reservation_info_id`,`extra_requirement`,`people`,`reservation_name`,`reservation_phone`,`total_amount`,`member_id`,`restaurant_id`,`restaurant_ava_time_id`,`imp_uid`,`merchant_uid`) VALUES (133,'오이 빼주세요',4,'문태식','010-4242-2845',30000,1,1,227,NULL,NULL);
INSERT INTO `reservation_info` (`reservation_info_id`,`extra_requirement`,`people`,`reservation_name`,`reservation_phone`,`total_amount`,`member_id`,`restaurant_id`,`restaurant_ava_time_id`,`imp_uid`,`merchant_uid`) VALUES (134,'',5,'문태식','010-4242-2845',73500,1,1,228,NULL,NULL);
INSERT INTO `reservation_info` (`reservation_info_id`,`extra_requirement`,`people`,`reservation_name`,`reservation_phone`,`total_amount`,`member_id`,`restaurant_id`,`restaurant_ava_time_id`,`imp_uid`,`merchant_uid`) VALUES (135,'오이 빼주세요',4,'문태식','010-4242-2845',30000,1,1,229,NULL,NULL);
INSERT INTO `reservation_info` (`reservation_info_id`,`extra_requirement`,`people`,`reservation_name`,`reservation_phone`,`total_amount`,`member_id`,`restaurant_id`,`restaurant_ava_time_id`,`imp_uid`,`merchant_uid`) VALUES (136,'',5,'문태식','010-4242-2845',73500,1,1,230,NULL,NULL);
INSERT INTO `reservation_info` (`reservation_info_id`,`extra_requirement`,`people`,`reservation_name`,`reservation_phone`,`total_amount`,`member_id`,`restaurant_id`,`restaurant_ava_time_id`,`imp_uid`,`merchant_uid`) VALUES (137,'오이 빼주세요',4,'문태식','010-4242-2845',30000,1,1,231,NULL,NULL);
INSERT INTO `reservation_info` (`reservation_info_id`,`extra_requirement`,`people`,`reservation_name`,`reservation_phone`,`total_amount`,`member_id`,`restaurant_id`,`restaurant_ava_time_id`,`imp_uid`,`merchant_uid`) VALUES (138,'',5,'문태식','010-4242-2845',73500,1,1,232,NULL,NULL);
INSERT INTO `reservation_info` (`reservation_info_id`,`extra_requirement`,`people`,`reservation_name`,`reservation_phone`,`total_amount`,`member_id`,`restaurant_id`,`restaurant_ava_time_id`,`imp_uid`,`merchant_uid`) VALUES (139,'오이 빼주세요',4,'문태식','010-4242-2845',30000,1,1,233,NULL,NULL);
INSERT INTO `reservation_info` (`reservation_info_id`,`extra_requirement`,`people`,`reservation_name`,`reservation_phone`,`total_amount`,`member_id`,`restaurant_id`,`restaurant_ava_time_id`,`imp_uid`,`merchant_uid`) VALUES (140,'',5,'문태식','010-4242-2845',73500,1,1,234,NULL,NULL);
INSERT INTO `reservation_info` (`reservation_info_id`,`extra_requirement`,`people`,`reservation_name`,`reservation_phone`,`total_amount`,`member_id`,`restaurant_id`,`restaurant_ava_time_id`,`imp_uid`,`merchant_uid`) VALUES (141,'오이 빼주세요',4,'문태식','010-4242-2845',30000,1,1,235,NULL,NULL);
INSERT INTO `reservation_info` (`reservation_info_id`,`extra_requirement`,`people`,`reservation_name`,`reservation_phone`,`total_amount`,`member_id`,`restaurant_id`,`restaurant_ava_time_id`,`imp_uid`,`merchant_uid`) VALUES (142,'',5,'문태식','010-4242-2845',73500,1,1,236,NULL,NULL);
INSERT INTO `reservation_info` (`reservation_info_id`,`extra_requirement`,`people`,`reservation_name`,`reservation_phone`,`total_amount`,`member_id`,`restaurant_id`,`restaurant_ava_time_id`,`imp_uid`,`merchant_uid`) VALUES (143,'오이 빼주세요',4,'문태식','010-4242-2845',30000,1,1,237,NULL,NULL);
INSERT INTO `reservation_info` (`reservation_info_id`,`extra_requirement`,`people`,`reservation_name`,`reservation_phone`,`total_amount`,`member_id`,`restaurant_id`,`restaurant_ava_time_id`,`imp_uid`,`merchant_uid`) VALUES (144,'',5,'문태식','010-4242-2845',73500,1,1,238,NULL,NULL);
INSERT INTO `reservation_info` (`reservation_info_id`,`extra_requirement`,`people`,`reservation_name`,`reservation_phone`,`total_amount`,`member_id`,`restaurant_id`,`restaurant_ava_time_id`,`imp_uid`,`merchant_uid`) VALUES (145,'오이 빼주세요',4,'문태식','010-4242-2845',30000,1,1,239,NULL,NULL);
INSERT INTO `reservation_info` (`reservation_info_id`,`extra_requirement`,`people`,`reservation_name`,`reservation_phone`,`total_amount`,`member_id`,`restaurant_id`,`restaurant_ava_time_id`,`imp_uid`,`merchant_uid`) VALUES (146,'',5,'문태식','010-4242-2845',73500,1,1,240,NULL,NULL);
INSERT INTO `reservation_info` (`reservation_info_id`,`extra_requirement`,`people`,`reservation_name`,`reservation_phone`,`total_amount`,`member_id`,`restaurant_id`,`restaurant_ava_time_id`,`imp_uid`,`merchant_uid`) VALUES (147,'오이 빼주세요',4,'문태식','010-4242-2845',30000,1,1,241,NULL,NULL);
INSERT INTO `reservation_info` (`reservation_info_id`,`extra_requirement`,`people`,`reservation_name`,`reservation_phone`,`total_amount`,`member_id`,`restaurant_id`,`restaurant_ava_time_id`,`imp_uid`,`merchant_uid`) VALUES (148,'',5,'문태식','010-4242-2845',73500,1,1,242,NULL,NULL);
INSERT INTO `reservation_info` (`reservation_info_id`,`extra_requirement`,`people`,`reservation_name`,`reservation_phone`,`total_amount`,`member_id`,`restaurant_id`,`restaurant_ava_time_id`,`imp_uid`,`merchant_uid`) VALUES (149,'오이 빼주세요',4,'문태식','010-4242-2845',30000,1,1,243,NULL,NULL);
INSERT INTO `reservation_info` (`reservation_info_id`,`extra_requirement`,`people`,`reservation_name`,`reservation_phone`,`total_amount`,`member_id`,`restaurant_id`,`restaurant_ava_time_id`,`imp_uid`,`merchant_uid`) VALUES (150,'',5,'문태식','010-4242-2845',73500,1,1,244,NULL,NULL);
INSERT INTO `reservation_info` (`reservation_info_id`,`extra_requirement`,`people`,`reservation_name`,`reservation_phone`,`total_amount`,`member_id`,`restaurant_id`,`restaurant_ava_time_id`,`imp_uid`,`merchant_uid`) VALUES (151,'오이 빼주세요',4,'문태식','010-4242-2845',30000,1,1,245,NULL,NULL);
INSERT INTO `reservation_info` (`reservation_info_id`,`extra_requirement`,`people`,`reservation_name`,`reservation_phone`,`total_amount`,`member_id`,`restaurant_id`,`restaurant_ava_time_id`,`imp_uid`,`merchant_uid`) VALUES (152,'',5,'문태식','010-4242-2845',73500,1,1,246,NULL,NULL);
INSERT INTO `reservation_info` (`reservation_info_id`,`extra_requirement`,`people`,`reservation_name`,`reservation_phone`,`total_amount`,`member_id`,`restaurant_id`,`restaurant_ava_time_id`,`imp_uid`,`merchant_uid`) VALUES (153,'오이 빼주세요',4,'문태식','010-4242-2845',30000,1,1,247,NULL,NULL);
INSERT INTO `reservation_info` (`reservation_info_id`,`extra_requirement`,`people`,`reservation_name`,`reservation_phone`,`total_amount`,`member_id`,`restaurant_id`,`restaurant_ava_time_id`,`imp_uid`,`merchant_uid`) VALUES (154,'',5,'문태식','010-4242-2845',73500,1,1,248,NULL,NULL);
INSERT INTO `reservation_info` (`reservation_info_id`,`extra_requirement`,`people`,`reservation_name`,`reservation_phone`,`total_amount`,`member_id`,`restaurant_id`,`restaurant_ava_time_id`,`imp_uid`,`merchant_uid`) VALUES (155,'오이 빼주세요',4,'문태식','010-4242-2845',30000,1,1,249,NULL,NULL);
INSERT INTO `reservation_info` (`reservation_info_id`,`extra_requirement`,`people`,`reservation_name`,`reservation_phone`,`total_amount`,`member_id`,`restaurant_id`,`restaurant_ava_time_id`,`imp_uid`,`merchant_uid`) VALUES (156,'',5,'문태식','010-4242-2845',73500,1,1,250,NULL,NULL);
INSERT INTO `reservation_info` (`reservation_info_id`,`extra_requirement`,`people`,`reservation_name`,`reservation_phone`,`total_amount`,`member_id`,`restaurant_id`,`restaurant_ava_time_id`,`imp_uid`,`merchant_uid`) VALUES (157,'오이 빼주세요',4,'문태식','010-4242-2845',30000,1,1,256,NULL,NULL);
INSERT INTO `reservation_info` (`reservation_info_id`,`extra_requirement`,`people`,`reservation_name`,`reservation_phone`,`total_amount`,`member_id`,`restaurant_id`,`restaurant_ava_time_id`,`imp_uid`,`merchant_uid`) VALUES (158,'',5,'문태식','010-4242-2845',73500,1,1,257,NULL,NULL);
INSERT INTO `reservation_info` (`reservation_info_id`,`extra_requirement`,`people`,`reservation_name`,`reservation_phone`,`total_amount`,`member_id`,`restaurant_id`,`restaurant_ava_time_id`,`imp_uid`,`merchant_uid`) VALUES (159,'오이 빼주세요',4,'문태식','010-4242-2845',30000,1,1,258,NULL,NULL);
INSERT INTO `reservation_info` (`reservation_info_id`,`extra_requirement`,`people`,`reservation_name`,`reservation_phone`,`total_amount`,`member_id`,`restaurant_id`,`restaurant_ava_time_id`,`imp_uid`,`merchant_uid`) VALUES (160,'',5,'문태식','010-4242-2845',73500,1,1,259,NULL,NULL);
INSERT INTO `reservation_info` (`reservation_info_id`,`extra_requirement`,`people`,`reservation_name`,`reservation_phone`,`total_amount`,`member_id`,`restaurant_id`,`restaurant_ava_time_id`,`imp_uid`,`merchant_uid`) VALUES (161,'오이 빼주세요',4,'문태식','010-4242-2845',30000,1,1,260,NULL,NULL);
INSERT INTO `reservation_info` (`reservation_info_id`,`extra_requirement`,`people`,`reservation_name`,`reservation_phone`,`total_amount`,`member_id`,`restaurant_id`,`restaurant_ava_time_id`,`imp_uid`,`merchant_uid`) VALUES (162,'',5,'문태식','010-4242-2845',73500,1,1,261,NULL,NULL);
INSERT INTO `reservation_info` (`reservation_info_id`,`extra_requirement`,`people`,`reservation_name`,`reservation_phone`,`total_amount`,`member_id`,`restaurant_id`,`restaurant_ava_time_id`,`imp_uid`,`merchant_uid`) VALUES (163,'오이 빼주세요',4,'문태식','010-4242-2845',30000,1,1,262,NULL,NULL);
INSERT INTO `reservation_info` (`reservation_info_id`,`extra_requirement`,`people`,`reservation_name`,`reservation_phone`,`total_amount`,`member_id`,`restaurant_id`,`restaurant_ava_time_id`,`imp_uid`,`merchant_uid`) VALUES (164,'',5,'문태식','010-4242-2845',73500,1,1,263,NULL,NULL);
INSERT INTO `reservation_info` (`reservation_info_id`,`extra_requirement`,`people`,`reservation_name`,`reservation_phone`,`total_amount`,`member_id`,`restaurant_id`,`restaurant_ava_time_id`,`imp_uid`,`merchant_uid`) VALUES (165,'오이 빼주세요',4,'문태식','010-4242-2845',30000,1,1,264,NULL,NULL);
INSERT INTO `reservation_info` (`reservation_info_id`,`extra_requirement`,`people`,`reservation_name`,`reservation_phone`,`total_amount`,`member_id`,`restaurant_id`,`restaurant_ava_time_id`,`imp_uid`,`merchant_uid`) VALUES (166,'',5,'문태식','010-4242-2845',73500,1,1,265,NULL,NULL);
INSERT INTO `reservation_info` (`reservation_info_id`,`extra_requirement`,`people`,`reservation_name`,`reservation_phone`,`total_amount`,`member_id`,`restaurant_id`,`restaurant_ava_time_id`,`imp_uid`,`merchant_uid`) VALUES (167,'오이 빼주세요',4,'문태식','010-4242-2845',30000,1,1,266,NULL,NULL);
INSERT INTO `reservation_info` (`reservation_info_id`,`extra_requirement`,`people`,`reservation_name`,`reservation_phone`,`total_amount`,`member_id`,`restaurant_id`,`restaurant_ava_time_id`,`imp_uid`,`merchant_uid`) VALUES (168,'',5,'문태식','010-4242-2845',73500,1,1,267,NULL,NULL);
INSERT INTO `reservation_info` (`reservation_info_id`,`extra_requirement`,`people`,`reservation_name`,`reservation_phone`,`total_amount`,`member_id`,`restaurant_id`,`restaurant_ava_time_id`,`imp_uid`,`merchant_uid`) VALUES (169,'오이 빼주세요',4,'문태식','010-4242-2845',30000,1,1,268,NULL,NULL);
INSERT INTO `reservation_info` (`reservation_info_id`,`extra_requirement`,`people`,`reservation_name`,`reservation_phone`,`total_amount`,`member_id`,`restaurant_id`,`restaurant_ava_time_id`,`imp_uid`,`merchant_uid`) VALUES (170,'',5,'문태식','010-4242-2845',73500,1,1,269,NULL,NULL);
INSERT INTO `reservation_info` (`reservation_info_id`,`extra_requirement`,`people`,`reservation_name`,`reservation_phone`,`total_amount`,`member_id`,`restaurant_id`,`restaurant_ava_time_id`,`imp_uid`,`merchant_uid`) VALUES (171,'오이 빼주세요',4,'문태식','010-4242-2845',30000,1,1,270,NULL,NULL);
INSERT INTO `reservation_info` (`reservation_info_id`,`extra_requirement`,`people`,`reservation_name`,`reservation_phone`,`total_amount`,`member_id`,`restaurant_id`,`restaurant_ava_time_id`,`imp_uid`,`merchant_uid`) VALUES (172,'',5,'문태식','010-4242-2845',73500,1,1,271,NULL,NULL);
INSERT INTO `reservation_info` (`reservation_info_id`,`extra_requirement`,`people`,`reservation_name`,`reservation_phone`,`total_amount`,`member_id`,`restaurant_id`,`restaurant_ava_time_id`,`imp_uid`,`merchant_uid`) VALUES (173,'오이 빼주세요',4,'문태식','010-4242-2845',30000,1,1,153,NULL,NULL);
INSERT INTO `reservation_info` (`reservation_info_id`,`extra_requirement`,`people`,`reservation_name`,`reservation_phone`,`total_amount`,`member_id`,`restaurant_id`,`restaurant_ava_time_id`,`imp_uid`,`merchant_uid`) VALUES (174,'',5,'문태식','010-4242-2845',73500,1,1,272,NULL,NULL);
INSERT INTO `reservation_info` (`reservation_info_id`,`extra_requirement`,`people`,`reservation_name`,`reservation_phone`,`total_amount`,`member_id`,`restaurant_id`,`restaurant_ava_time_id`,`imp_uid`,`merchant_uid`) VALUES (175,'오이 빼주세요',4,'문태식','010-4242-2845',30000,1,1,273,NULL,NULL);
INSERT INTO `reservation_info` (`reservation_info_id`,`extra_requirement`,`people`,`reservation_name`,`reservation_phone`,`total_amount`,`member_id`,`restaurant_id`,`restaurant_ava_time_id`,`imp_uid`,`merchant_uid`) VALUES (176,'',5,'문태식','010-4242-2845',73500,1,1,274,NULL,NULL);
INSERT INTO `reservation_info` (`reservation_info_id`,`extra_requirement`,`people`,`reservation_name`,`reservation_phone`,`total_amount`,`member_id`,`restaurant_id`,`restaurant_ava_time_id`,`imp_uid`,`merchant_uid`) VALUES (177,'오이 빼주세요',4,'문태식','010-4242-2845',30000,1,1,275,NULL,NULL);
INSERT INTO `reservation_info` (`reservation_info_id`,`extra_requirement`,`people`,`reservation_name`,`reservation_phone`,`total_amount`,`member_id`,`restaurant_id`,`restaurant_ava_time_id`,`imp_uid`,`merchant_uid`) VALUES (178,'',5,'문태식','010-4242-2845',73500,1,1,276,NULL,NULL);
INSERT INTO `reservation_info` (`reservation_info_id`,`extra_requirement`,`people`,`reservation_name`,`reservation_phone`,`total_amount`,`member_id`,`restaurant_id`,`restaurant_ava_time_id`,`imp_uid`,`merchant_uid`) VALUES (179,'오이 빼주세요',4,'문태식','010-4242-2845',30000,1,1,277,NULL,NULL);
INSERT INTO `reservation_info` (`reservation_info_id`,`extra_requirement`,`people`,`reservation_name`,`reservation_phone`,`total_amount`,`member_id`,`restaurant_id`,`restaurant_ava_time_id`,`imp_uid`,`merchant_uid`) VALUES (180,'',5,'문태식','010-4242-2845',73500,1,1,278,NULL,NULL);
INSERT INTO `reservation_info` (`reservation_info_id`,`extra_requirement`,`people`,`reservation_name`,`reservation_phone`,`total_amount`,`member_id`,`restaurant_id`,`restaurant_ava_time_id`,`imp_uid`,`merchant_uid`) VALUES (181,'오이 빼주세요',4,'문태식','010-4242-2845',30000,1,1,279,NULL,NULL);
INSERT INTO `reservation_info` (`reservation_info_id`,`extra_requirement`,`people`,`reservation_name`,`reservation_phone`,`total_amount`,`member_id`,`restaurant_id`,`restaurant_ava_time_id`,`imp_uid`,`merchant_uid`) VALUES (182,'',5,'문태식','010-4242-2845',73500,1,1,280,NULL,NULL);
INSERT INTO `reservation_info` (`reservation_info_id`,`extra_requirement`,`people`,`reservation_name`,`reservation_phone`,`total_amount`,`member_id`,`restaurant_id`,`restaurant_ava_time_id`,`imp_uid`,`merchant_uid`) VALUES (183,'오이 빼주세요',4,'문태식','010-4242-2845',30000,1,1,281,NULL,NULL);
INSERT INTO `reservation_info` (`reservation_info_id`,`extra_requirement`,`people`,`reservation_name`,`reservation_phone`,`total_amount`,`member_id`,`restaurant_id`,`restaurant_ava_time_id`,`imp_uid`,`merchant_uid`) VALUES (184,'',5,'문태식','010-4242-2845',73500,1,1,282,NULL,NULL);
INSERT INTO `reservation_info` (`reservation_info_id`,`extra_requirement`,`people`,`reservation_name`,`reservation_phone`,`total_amount`,`member_id`,`restaurant_id`,`restaurant_ava_time_id`,`imp_uid`,`merchant_uid`) VALUES (185,'오이 빼주세요',4,'문태식','010-4242-2845',30000,1,1,283,NULL,NULL);
INSERT INTO `reservation_info` (`reservation_info_id`,`extra_requirement`,`people`,`reservation_name`,`reservation_phone`,`total_amount`,`member_id`,`restaurant_id`,`restaurant_ava_time_id`,`imp_uid`,`merchant_uid`) VALUES (186,'오이 빼주세요',4,'문태식','010-4242-2845',30000,1,1,284,NULL,NULL);
INSERT INTO `reservation_info` (`reservation_info_id`,`extra_requirement`,`people`,`reservation_name`,`reservation_phone`,`total_amount`,`member_id`,`restaurant_id`,`restaurant_ava_time_id`,`imp_uid`,`merchant_uid`) VALUES (187,'오이 빼주세요',5,'문태식','010-4242-2845',73500,1,1,285,NULL,NULL);
INSERT INTO `reservation_info` (`reservation_info_id`,`extra_requirement`,`people`,`reservation_name`,`reservation_phone`,`total_amount`,`member_id`,`restaurant_id`,`restaurant_ava_time_id`,`imp_uid`,`merchant_uid`) VALUES (188,'오이 빼주세요',4,'문태식','010-4242-2845',73500,1,1,286,NULL,NULL);
INSERT INTO `reservation_info` (`reservation_info_id`,`extra_requirement`,`people`,`reservation_name`,`reservation_phone`,`total_amount`,`member_id`,`restaurant_id`,`restaurant_ava_time_id`,`imp_uid`,`merchant_uid`) VALUES (189,'오이 빼주세요',4,'문태식','010-4242-2845',73500,1,1,287,NULL,NULL);
INSERT INTO `reservation_info` (`reservation_info_id`,`extra_requirement`,`people`,`reservation_name`,`reservation_phone`,`total_amount`,`member_id`,`restaurant_id`,`restaurant_ava_time_id`,`imp_uid`,`merchant_uid`) VALUES (190,'오이 빼주세요',4,'문태식','010-4242-2845',73500,1,1,288,NULL,NULL);
INSERT INTO `reservation_info` (`reservation_info_id`,`extra_requirement`,`people`,`reservation_name`,`reservation_phone`,`total_amount`,`member_id`,`restaurant_id`,`restaurant_ava_time_id`,`imp_uid`,`merchant_uid`) VALUES (191,'오이 빼주세요',4,'문태식','010-4242-2845',73500,1,1,289,NULL,NULL);
INSERT INTO `reservation_info` (`reservation_info_id`,`extra_requirement`,`people`,`reservation_name`,`reservation_phone`,`total_amount`,`member_id`,`restaurant_id`,`restaurant_ava_time_id`,`imp_uid`,`merchant_uid`) VALUES (192,'오이 빼주세요',4,'문태식','010-4242-2845',73500,1,1,290,NULL,NULL);
INSERT INTO `reservation_info` (`reservation_info_id`,`extra_requirement`,`people`,`reservation_name`,`reservation_phone`,`total_amount`,`member_id`,`restaurant_id`,`restaurant_ava_time_id`,`imp_uid`,`merchant_uid`) VALUES (193,'오이 빼주세요',4,'문태식','010-4242-2845',73500,1,1,291,NULL,NULL);
INSERT INTO `reservation_info` (`reservation_info_id`,`extra_requirement`,`people`,`reservation_name`,`reservation_phone`,`total_amount`,`member_id`,`restaurant_id`,`restaurant_ava_time_id`,`imp_uid`,`merchant_uid`) VALUES (194,'오이 빼주세요',4,'문태식','010-4242-2845',73500,1,1,292,NULL,NULL);
INSERT INTO `reservation_info` (`reservation_info_id`,`extra_requirement`,`people`,`reservation_name`,`reservation_phone`,`total_amount`,`member_id`,`restaurant_id`,`restaurant_ava_time_id`,`imp_uid`,`merchant_uid`) VALUES (195,'오이 빼주세요',4,'문태식','010-4242-2845',73500,1,1,293,NULL,NULL);
INSERT INTO `reservation_info` (`reservation_info_id`,`extra_requirement`,`people`,`reservation_name`,`reservation_phone`,`total_amount`,`member_id`,`restaurant_id`,`restaurant_ava_time_id`,`imp_uid`,`merchant_uid`) VALUES (196,'오이 빼주세요',4,'문태식','010-4242-2845',73500,1,1,294,NULL,NULL);
INSERT INTO `reservation_info` (`reservation_info_id`,`extra_requirement`,`people`,`reservation_name`,`reservation_phone`,`total_amount`,`member_id`,`restaurant_id`,`restaurant_ava_time_id`,`imp_uid`,`merchant_uid`) VALUES (197,'오이 빼주세요',4,'문태식','010-4242-2845',30000,1,1,295,NULL,NULL);
INSERT INTO `reservation_info` (`reservation_info_id`,`extra_requirement`,`people`,`reservation_name`,`reservation_phone`,`total_amount`,`member_id`,`restaurant_id`,`restaurant_ava_time_id`,`imp_uid`,`merchant_uid`) VALUES (198,'오이 빼주세요',4,'문태식','010-4242-2845',30000,1,1,296,NULL,NULL);
INSERT INTO `reservation_info` (`reservation_info_id`,`extra_requirement`,`people`,`reservation_name`,`reservation_phone`,`total_amount`,`member_id`,`restaurant_id`,`restaurant_ava_time_id`,`imp_uid`,`merchant_uid`) VALUES (199,'오이 빼주세요',4,'문태식','010-4242-2845',30000,1,1,297,NULL,NULL);
INSERT INTO `reservation_info` (`reservation_info_id`,`extra_requirement`,`people`,`reservation_name`,`reservation_phone`,`total_amount`,`member_id`,`restaurant_id`,`restaurant_ava_time_id`,`imp_uid`,`merchant_uid`) VALUES (200,'오이 빼주세요',4,'문태식','010-4242-2845',30000,1,1,298,NULL,NULL);
INSERT INTO `reservation_info` (`reservation_info_id`,`extra_requirement`,`people`,`reservation_name`,`reservation_phone`,`total_amount`,`member_id`,`restaurant_id`,`restaurant_ava_time_id`,`imp_uid`,`merchant_uid`) VALUES (201,'오이 빼주세요',4,'문태식','010-4242-2845',30000,1,1,299,NULL,NULL);
INSERT INTO `reservation_info` (`reservation_info_id`,`extra_requirement`,`people`,`reservation_name`,`reservation_phone`,`total_amount`,`member_id`,`restaurant_id`,`restaurant_ava_time_id`,`imp_uid`,`merchant_uid`) VALUES (202,'오이 빼주세요',4,'문태식','010-4242-2845',30000,1,1,300,NULL,NULL);
INSERT INTO `reservation_info` (`reservation_info_id`,`extra_requirement`,`people`,`reservation_name`,`reservation_phone`,`total_amount`,`member_id`,`restaurant_id`,`restaurant_ava_time_id`,`imp_uid`,`merchant_uid`) VALUES (203,'오이 빼주세요',5,'문태식','010-4242-2845',30000,1,1,301,NULL,NULL);
INSERT INTO `reservation_info` (`reservation_info_id`,`extra_requirement`,`people`,`reservation_name`,`reservation_phone`,`total_amount`,`member_id`,`restaurant_id`,`restaurant_ava_time_id`,`imp_uid`,`merchant_uid`) VALUES (204,'오이 빼주세요',5,'문태식','010-4242-2845',30000,1,1,302,NULL,NULL);
INSERT INTO `reservation_info` (`reservation_info_id`,`extra_requirement`,`people`,`reservation_name`,`reservation_phone`,`total_amount`,`member_id`,`restaurant_id`,`restaurant_ava_time_id`,`imp_uid`,`merchant_uid`) VALUES (205,'오이 빼주세요',5,'문태식','010-4242-2845',73500,1,1,303,NULL,NULL);
INSERT INTO `reservation_info` (`reservation_info_id`,`extra_requirement`,`people`,`reservation_name`,`reservation_phone`,`total_amount`,`member_id`,`restaurant_id`,`restaurant_ava_time_id`,`imp_uid`,`merchant_uid`) VALUES (206,'오이 빼주세요',4,'문태식','010-4242-2845',73500,1,1,304,NULL,NULL);
INSERT INTO `reservation_info` (`reservation_info_id`,`extra_requirement`,`people`,`reservation_name`,`reservation_phone`,`total_amount`,`member_id`,`restaurant_id`,`restaurant_ava_time_id`,`imp_uid`,`merchant_uid`) VALUES (207,'오이 빼주세요',4,'문태식','010-4242-2845',73500,1,1,305,NULL,NULL);
INSERT INTO `reservation_info` (`reservation_info_id`,`extra_requirement`,`people`,`reservation_name`,`reservation_phone`,`total_amount`,`member_id`,`restaurant_id`,`restaurant_ava_time_id`,`imp_uid`,`merchant_uid`) VALUES (208,'오이 빼주세요',4,'문태식','010-4242-2845',73500,1,1,306,NULL,NULL);
INSERT INTO `reservation_info` (`reservation_info_id`,`extra_requirement`,`people`,`reservation_name`,`reservation_phone`,`total_amount`,`member_id`,`restaurant_id`,`restaurant_ava_time_id`,`imp_uid`,`merchant_uid`) VALUES (209,'오이 빼주세요',4,'문태식','010-4242-2845',73500,1,1,307,NULL,NULL);
INSERT INTO `reservation_info` (`reservation_info_id`,`extra_requirement`,`people`,`reservation_name`,`reservation_phone`,`total_amount`,`member_id`,`restaurant_id`,`restaurant_ava_time_id`,`imp_uid`,`merchant_uid`) VALUES (210,'오이 빼주세요',4,'문태식','010-4242-2845',73500,1,1,308,NULL,NULL);
INSERT INTO `reservation_info` (`reservation_info_id`,`extra_requirement`,`people`,`reservation_name`,`reservation_phone`,`total_amount`,`member_id`,`restaurant_id`,`restaurant_ava_time_id`,`imp_uid`,`merchant_uid`) VALUES (211,'오이 빼주세요',4,'문태식','010-4242-2845',73500,1,1,309,NULL,NULL);
INSERT INTO `reservation_info` (`reservation_info_id`,`extra_requirement`,`people`,`reservation_name`,`reservation_phone`,`total_amount`,`member_id`,`restaurant_id`,`restaurant_ava_time_id`,`imp_uid`,`merchant_uid`) VALUES (212,'오이 빼주세요',4,'문태식','010-4242-2845',73500,1,1,310,NULL,NULL);
INSERT INTO `reservation_info` (`reservation_info_id`,`extra_requirement`,`people`,`reservation_name`,`reservation_phone`,`total_amount`,`member_id`,`restaurant_id`,`restaurant_ava_time_id`,`imp_uid`,`merchant_uid`) VALUES (213,'오이 빼주세요',4,'문태식','010-4242-2845',73500,1,1,311,NULL,NULL);
INSERT INTO `reservation_info` (`reservation_info_id`,`extra_requirement`,`people`,`reservation_name`,`reservation_phone`,`total_amount`,`member_id`,`restaurant_id`,`restaurant_ava_time_id`,`imp_uid`,`merchant_uid`) VALUES (214,'오이 빼주세요',4,'문태식','010-4242-2845',73500,1,1,312,NULL,NULL);
INSERT INTO `reservation_info` (`reservation_info_id`,`extra_requirement`,`people`,`reservation_name`,`reservation_phone`,`total_amount`,`member_id`,`restaurant_id`,`restaurant_ava_time_id`,`imp_uid`,`merchant_uid`) VALUES (215,'오이 빼주세요',4,'문태식','010-4242-2845',30000,1,1,313,NULL,NULL);
INSERT INTO `reservation_info` (`reservation_info_id`,`extra_requirement`,`people`,`reservation_name`,`reservation_phone`,`total_amount`,`member_id`,`restaurant_id`,`restaurant_ava_time_id`,`imp_uid`,`merchant_uid`) VALUES (216,'오이 빼주세요',4,'문태식','010-4242-2845',30000,1,1,314,NULL,NULL);
INSERT INTO `reservation_info` (`reservation_info_id`,`extra_requirement`,`people`,`reservation_name`,`reservation_phone`,`total_amount`,`member_id`,`restaurant_id`,`restaurant_ava_time_id`,`imp_uid`,`merchant_uid`) VALUES (217,'오이 빼주세요',4,'문태식','010-4242-2845',30000,1,1,315,NULL,NULL);
INSERT INTO `reservation_info` (`reservation_info_id`,`extra_requirement`,`people`,`reservation_name`,`reservation_phone`,`total_amount`,`member_id`,`restaurant_id`,`restaurant_ava_time_id`,`imp_uid`,`merchant_uid`) VALUES (218,'오이 빼주세요',4,'문태식','010-4242-2845',30000,1,1,316,NULL,NULL);
INSERT INTO `reservation_info` (`reservation_info_id`,`extra_requirement`,`people`,`reservation_name`,`reservation_phone`,`total_amount`,`member_id`,`restaurant_id`,`restaurant_ava_time_id`,`imp_uid`,`merchant_uid`) VALUES (219,'오이 빼주세요',4,'문태식','010-4242-2845',30000,1,1,317,NULL,NULL);
INSERT INTO `reservation_info` (`reservation_info_id`,`extra_requirement`,`people`,`reservation_name`,`reservation_phone`,`total_amount`,`member_id`,`restaurant_id`,`restaurant_ava_time_id`,`imp_uid`,`merchant_uid`) VALUES (220,'오이 빼주세요',4,'문태식','010-4242-2845',30000,1,1,318,NULL,NULL);
INSERT INTO `reservation_info` (`reservation_info_id`,`extra_requirement`,`people`,`reservation_name`,`reservation_phone`,`total_amount`,`member_id`,`restaurant_id`,`restaurant_ava_time_id`,`imp_uid`,`merchant_uid`) VALUES (221,'오이 빼주세요',5,'문태식','010-4242-2845',30000,1,1,319,NULL,NULL);
INSERT INTO `reservation_info` (`reservation_info_id`,`extra_requirement`,`people`,`reservation_name`,`reservation_phone`,`total_amount`,`member_id`,`restaurant_id`,`restaurant_ava_time_id`,`imp_uid`,`merchant_uid`) VALUES (222,'오이 빼주세요',5,'문태식','010-4242-2845',30000,1,1,320,NULL,NULL);
INSERT INTO `reservation_info` (`reservation_info_id`,`extra_requirement`,`people`,`reservation_name`,`reservation_phone`,`total_amount`,`member_id`,`restaurant_id`,`restaurant_ava_time_id`,`imp_uid`,`merchant_uid`) VALUES (223,'오이 빼주세요',5,'문태식','010-4242-2845',73500,1,1,321,NULL,NULL);
INSERT INTO `reservation_info` (`reservation_info_id`,`extra_requirement`,`people`,`reservation_name`,`reservation_phone`,`total_amount`,`member_id`,`restaurant_id`,`restaurant_ava_time_id`,`imp_uid`,`merchant_uid`) VALUES (224,'오이 빼주세요',4,'문태식','010-4242-2845',73500,1,1,322,NULL,NULL);
INSERT INTO `reservation_info` (`reservation_info_id`,`extra_requirement`,`people`,`reservation_name`,`reservation_phone`,`total_amount`,`member_id`,`restaurant_id`,`restaurant_ava_time_id`,`imp_uid`,`merchant_uid`) VALUES (225,'오이 빼주세요',4,'문태식','010-4242-2845',73500,1,1,323,NULL,NULL);
INSERT INTO `reservation_info` (`reservation_info_id`,`extra_requirement`,`people`,`reservation_name`,`reservation_phone`,`total_amount`,`member_id`,`restaurant_id`,`restaurant_ava_time_id`,`imp_uid`,`merchant_uid`) VALUES (226,'오이 빼주세요',4,'문태식','010-4242-2845',73500,1,1,324,NULL,NULL);
INSERT INTO `reservation_info` (`reservation_info_id`,`extra_requirement`,`people`,`reservation_name`,`reservation_phone`,`total_amount`,`member_id`,`restaurant_id`,`restaurant_ava_time_id`,`imp_uid`,`merchant_uid`) VALUES (227,'오이 빼주세요',4,'문태식','010-4242-2845',73500,1,1,325,NULL,NULL);
INSERT INTO `reservation_info` (`reservation_info_id`,`extra_requirement`,`people`,`reservation_name`,`reservation_phone`,`total_amount`,`member_id`,`restaurant_id`,`restaurant_ava_time_id`,`imp_uid`,`merchant_uid`) VALUES (228,'오이 빼주세요',4,'문태식','010-4242-2845',73500,1,1,326,NULL,NULL);
INSERT INTO `reservation_info` (`reservation_info_id`,`extra_requirement`,`people`,`reservation_name`,`reservation_phone`,`total_amount`,`member_id`,`restaurant_id`,`restaurant_ava_time_id`,`imp_uid`,`merchant_uid`) VALUES (229,'오이 빼주세요',4,'문태식','010-4242-2845',73500,1,1,327,NULL,NULL);
INSERT INTO `reservation_info` (`reservation_info_id`,`extra_requirement`,`people`,`reservation_name`,`reservation_phone`,`total_amount`,`member_id`,`restaurant_id`,`restaurant_ava_time_id`,`imp_uid`,`merchant_uid`) VALUES (230,'오이 빼주세요',4,'문태식','010-4242-2845',73500,1,1,328,NULL,NULL);
INSERT INTO `reservation_info` (`reservation_info_id`,`extra_requirement`,`people`,`reservation_name`,`reservation_phone`,`total_amount`,`member_id`,`restaurant_id`,`restaurant_ava_time_id`,`imp_uid`,`merchant_uid`) VALUES (231,'오이 빼주세요',4,'문태식','010-4242-2845',73500,1,1,329,NULL,NULL);
INSERT INTO `reservation_info` (`reservation_info_id`,`extra_requirement`,`people`,`reservation_name`,`reservation_phone`,`total_amount`,`member_id`,`restaurant_id`,`restaurant_ava_time_id`,`imp_uid`,`merchant_uid`) VALUES (232,'오이 빼주세요',4,'문태식','010-4242-2845',73500,1,1,330,NULL,NULL);
INSERT INTO `reservation_info` (`reservation_info_id`,`extra_requirement`,`people`,`reservation_name`,`reservation_phone`,`total_amount`,`member_id`,`restaurant_id`,`restaurant_ava_time_id`,`imp_uid`,`merchant_uid`) VALUES (233,'오이 빼주세요',4,'문태식','010-4242-2845',30000,1,1,331,NULL,NULL);
INSERT INTO `reservation_info` (`reservation_info_id`,`extra_requirement`,`people`,`reservation_name`,`reservation_phone`,`total_amount`,`member_id`,`restaurant_id`,`restaurant_ava_time_id`,`imp_uid`,`merchant_uid`) VALUES (234,'오이 빼주세요',4,'문태식','010-4242-2845',30000,1,1,332,NULL,NULL);
INSERT INTO `reservation_info` (`reservation_info_id`,`extra_requirement`,`people`,`reservation_name`,`reservation_phone`,`total_amount`,`member_id`,`restaurant_id`,`restaurant_ava_time_id`,`imp_uid`,`merchant_uid`) VALUES (235,'오이 빼주세요',4,'문태식','010-4242-2845',30000,1,1,333,NULL,NULL);
INSERT INTO `reservation_info` (`reservation_info_id`,`extra_requirement`,`people`,`reservation_name`,`reservation_phone`,`total_amount`,`member_id`,`restaurant_id`,`restaurant_ava_time_id`,`imp_uid`,`merchant_uid`) VALUES (236,'오이 빼주세요',4,'문태식','010-4242-2845',30000,1,1,334,NULL,NULL);
INSERT INTO `reservation_info` (`reservation_info_id`,`extra_requirement`,`people`,`reservation_name`,`reservation_phone`,`total_amount`,`member_id`,`restaurant_id`,`restaurant_ava_time_id`,`imp_uid`,`merchant_uid`) VALUES (237,'오이 빼주세요',4,'문태식','010-4242-2845',30000,1,1,335,NULL,NULL);
INSERT INTO `reservation_info` (`reservation_info_id`,`extra_requirement`,`people`,`reservation_name`,`reservation_phone`,`total_amount`,`member_id`,`restaurant_id`,`restaurant_ava_time_id`,`imp_uid`,`merchant_uid`) VALUES (238,'오이 빼주세요',4,'문태식','010-4242-2845',30000,1,1,336,NULL,NULL);
INSERT INTO `reservation_info` (`reservation_info_id`,`extra_requirement`,`people`,`reservation_name`,`reservation_phone`,`total_amount`,`member_id`,`restaurant_id`,`restaurant_ava_time_id`,`imp_uid`,`merchant_uid`) VALUES (239,'오이 빼주세요',5,'문태식','010-4242-2845',30000,1,1,337,NULL,NULL);
INSERT INTO `reservation_info` (`reservation_info_id`,`extra_requirement`,`people`,`reservation_name`,`reservation_phone`,`total_amount`,`member_id`,`restaurant_id`,`restaurant_ava_time_id`,`imp_uid`,`merchant_uid`) VALUES (240,'오이 빼주세요',5,'문태식','010-4242-2845',30000,1,1,338,NULL,NULL);
INSERT INTO `reservation_info` (`reservation_info_id`,`extra_requirement`,`people`,`reservation_name`,`reservation_phone`,`total_amount`,`member_id`,`restaurant_id`,`restaurant_ava_time_id`,`imp_uid`,`merchant_uid`) VALUES (241,'오이 빼주세요',5,'문태식','010-4242-2845',73500,1,1,339,NULL,NULL);
INSERT INTO `reservation_info` (`reservation_info_id`,`extra_requirement`,`people`,`reservation_name`,`reservation_phone`,`total_amount`,`member_id`,`restaurant_id`,`restaurant_ava_time_id`,`imp_uid`,`merchant_uid`) VALUES (242,'오이 빼주세요',4,'문태식','010-4242-2845',73500,1,1,340,NULL,NULL);
INSERT INTO `reservation_info` (`reservation_info_id`,`extra_requirement`,`people`,`reservation_name`,`reservation_phone`,`total_amount`,`member_id`,`restaurant_id`,`restaurant_ava_time_id`,`imp_uid`,`merchant_uid`) VALUES (243,'오이 빼주세요',4,'문태식','010-4242-2845',73500,1,1,341,NULL,NULL);
INSERT INTO `reservation_info` (`reservation_info_id`,`extra_requirement`,`people`,`reservation_name`,`reservation_phone`,`total_amount`,`member_id`,`restaurant_id`,`restaurant_ava_time_id`,`imp_uid`,`merchant_uid`) VALUES (244,'오이 빼주세요',4,'문태식','010-4242-2845',73500,1,1,342,NULL,NULL);
INSERT INTO `reservation_info` (`reservation_info_id`,`extra_requirement`,`people`,`reservation_name`,`reservation_phone`,`total_amount`,`member_id`,`restaurant_id`,`restaurant_ava_time_id`,`imp_uid`,`merchant_uid`) VALUES (245,'오이 빼주세요',4,'문태식','010-4242-2845',73500,1,1,343,NULL,NULL);
INSERT INTO `reservation_info` (`reservation_info_id`,`extra_requirement`,`people`,`reservation_name`,`reservation_phone`,`total_amount`,`member_id`,`restaurant_id`,`restaurant_ava_time_id`,`imp_uid`,`merchant_uid`) VALUES (246,'오이 빼주세요',4,'문태식','010-4242-2845',73500,1,1,344,NULL,NULL);
INSERT INTO `reservation_info` (`reservation_info_id`,`extra_requirement`,`people`,`reservation_name`,`reservation_phone`,`total_amount`,`member_id`,`restaurant_id`,`restaurant_ava_time_id`,`imp_uid`,`merchant_uid`) VALUES (247,'오이 빼주세요',4,'문태식','010-4242-2845',73500,1,1,345,NULL,NULL);
INSERT INTO `reservation_info` (`reservation_info_id`,`extra_requirement`,`people`,`reservation_name`,`reservation_phone`,`total_amount`,`member_id`,`restaurant_id`,`restaurant_ava_time_id`,`imp_uid`,`merchant_uid`) VALUES (248,'오이 빼주세요',4,'문태식','010-4242-2845',73500,1,1,346,NULL,NULL);
INSERT INTO `reservation_info` (`reservation_info_id`,`extra_requirement`,`people`,`reservation_name`,`reservation_phone`,`total_amount`,`member_id`,`restaurant_id`,`restaurant_ava_time_id`,`imp_uid`,`merchant_uid`) VALUES (249,'오이 빼주세요',4,'문태식','010-4242-2845',73500,1,1,347,NULL,NULL);
INSERT INTO `reservation_info` (`reservation_info_id`,`extra_requirement`,`people`,`reservation_name`,`reservation_phone`,`total_amount`,`member_id`,`restaurant_id`,`restaurant_ava_time_id`,`imp_uid`,`merchant_uid`) VALUES (250,'오이 빼주세요',4,'문태식','010-4242-2845',73500,1,1,348,NULL,NULL);
INSERT INTO `reservation_info` (`reservation_info_id`,`extra_requirement`,`people`,`reservation_name`,`reservation_phone`,`total_amount`,`member_id`,`restaurant_id`,`restaurant_ava_time_id`,`imp_uid`,`merchant_uid`) VALUES (251,'오이 빼주세요',4,'문태식','010-4242-2845',30000,1,1,349,NULL,NULL);
INSERT INTO `reservation_info` (`reservation_info_id`,`extra_requirement`,`people`,`reservation_name`,`reservation_phone`,`total_amount`,`member_id`,`restaurant_id`,`restaurant_ava_time_id`,`imp_uid`,`merchant_uid`) VALUES (252,'오이 빼주세요',4,'문태식','010-4242-2845',30000,1,1,350,NULL,NULL);
INSERT INTO `reservation_info` (`reservation_info_id`,`extra_requirement`,`people`,`reservation_name`,`reservation_phone`,`total_amount`,`member_id`,`restaurant_id`,`restaurant_ava_time_id`,`imp_uid`,`merchant_uid`) VALUES (253,'오이 빼주세요',4,'문태식','010-4242-2845',30000,1,1,351,NULL,NULL);
INSERT INTO `reservation_info` (`reservation_info_id`,`extra_requirement`,`people`,`reservation_name`,`reservation_phone`,`total_amount`,`member_id`,`restaurant_id`,`restaurant_ava_time_id`,`imp_uid`,`merchant_uid`) VALUES (254,'오이 빼주세요',4,'문태식','010-4242-2845',30000,1,1,352,NULL,NULL);
INSERT INTO `reservation_info` (`reservation_info_id`,`extra_requirement`,`people`,`reservation_name`,`reservation_phone`,`total_amount`,`member_id`,`restaurant_id`,`restaurant_ava_time_id`,`imp_uid`,`merchant_uid`) VALUES (255,'오이 빼주세요',4,'문태식','010-4242-2845',30000,1,1,353,NULL,NULL);
INSERT INTO `reservation_info` (`reservation_info_id`,`extra_requirement`,`people`,`reservation_name`,`reservation_phone`,`total_amount`,`member_id`,`restaurant_id`,`restaurant_ava_time_id`,`imp_uid`,`merchant_uid`) VALUES (256,'오이 빼주세요',4,'문태식','010-4242-2845',30000,1,1,354,NULL,NULL);
INSERT INTO `reservation_info` (`reservation_info_id`,`extra_requirement`,`people`,`reservation_name`,`reservation_phone`,`total_amount`,`member_id`,`restaurant_id`,`restaurant_ava_time_id`,`imp_uid`,`merchant_uid`) VALUES (257,'오이 빼주세요',5,'문태식','010-4242-2845',30000,1,1,355,NULL,NULL);
INSERT INTO `reservation_info` (`reservation_info_id`,`extra_requirement`,`people`,`reservation_name`,`reservation_phone`,`total_amount`,`member_id`,`restaurant_id`,`restaurant_ava_time_id`,`imp_uid`,`merchant_uid`) VALUES (258,'오이 빼주세요',5,'문태식','010-4242-2845',30000,1,1,356,NULL,NULL);
INSERT INTO `reservation_info` (`reservation_info_id`,`extra_requirement`,`people`,`reservation_name`,`reservation_phone`,`total_amount`,`member_id`,`restaurant_id`,`restaurant_ava_time_id`,`imp_uid`,`merchant_uid`) VALUES (259,'오이 빼주세요',5,'문태식','010-4242-2845',73500,1,1,357,NULL,NULL);
INSERT INTO `reservation_info` (`reservation_info_id`,`extra_requirement`,`people`,`reservation_name`,`reservation_phone`,`total_amount`,`member_id`,`restaurant_id`,`restaurant_ava_time_id`,`imp_uid`,`merchant_uid`) VALUES (260,'오이 빼주세요',4,'문태식','010-4242-2845',73500,1,1,358,NULL,NULL);
INSERT INTO `reservation_info` (`reservation_info_id`,`extra_requirement`,`people`,`reservation_name`,`reservation_phone`,`total_amount`,`member_id`,`restaurant_id`,`restaurant_ava_time_id`,`imp_uid`,`merchant_uid`) VALUES (261,'오이 빼주세요',4,'문태식','010-4242-2845',73500,1,1,359,NULL,NULL);
INSERT INTO `reservation_info` (`reservation_info_id`,`extra_requirement`,`people`,`reservation_name`,`reservation_phone`,`total_amount`,`member_id`,`restaurant_id`,`restaurant_ava_time_id`,`imp_uid`,`merchant_uid`) VALUES (262,'오이 빼주세요',4,'문태식','010-4242-2845',73500,1,1,360,NULL,NULL);
INSERT INTO `reservation_info` (`reservation_info_id`,`extra_requirement`,`people`,`reservation_name`,`reservation_phone`,`total_amount`,`member_id`,`restaurant_id`,`restaurant_ava_time_id`,`imp_uid`,`merchant_uid`) VALUES (263,'오이 빼주세요',4,'문태식','010-4242-2845',73500,1,1,361,NULL,NULL);
INSERT INTO `reservation_info` (`reservation_info_id`,`extra_requirement`,`people`,`reservation_name`,`reservation_phone`,`total_amount`,`member_id`,`restaurant_id`,`restaurant_ava_time_id`,`imp_uid`,`merchant_uid`) VALUES (264,'오이 빼주세요',4,'문태식','010-4242-2845',73500,1,1,362,NULL,NULL);
INSERT INTO `reservation_info` (`reservation_info_id`,`extra_requirement`,`people`,`reservation_name`,`reservation_phone`,`total_amount`,`member_id`,`restaurant_id`,`restaurant_ava_time_id`,`imp_uid`,`merchant_uid`) VALUES (265,'오이 빼주세요',4,'문태식','010-4242-2845',73500,1,1,363,NULL,NULL);
INSERT INTO `reservation_info` (`reservation_info_id`,`extra_requirement`,`people`,`reservation_name`,`reservation_phone`,`total_amount`,`member_id`,`restaurant_id`,`restaurant_ava_time_id`,`imp_uid`,`merchant_uid`) VALUES (266,'오이 빼주세요',4,'문태식','010-4242-2845',73500,1,1,364,NULL,NULL);
INSERT INTO `reservation_info` (`reservation_info_id`,`extra_requirement`,`people`,`reservation_name`,`reservation_phone`,`total_amount`,`member_id`,`restaurant_id`,`restaurant_ava_time_id`,`imp_uid`,`merchant_uid`) VALUES (267,'오이 빼주세요',4,'문태식','010-4242-2845',73500,1,1,365,NULL,NULL);
INSERT INTO `reservation_info` (`reservation_info_id`,`extra_requirement`,`people`,`reservation_name`,`reservation_phone`,`total_amount`,`member_id`,`restaurant_id`,`restaurant_ava_time_id`,`imp_uid`,`merchant_uid`) VALUES (268,'오이 빼주세요',4,'문태식','010-4242-2845',73500,1,1,366,NULL,NULL);
INSERT INTO `reservation_info` (`reservation_info_id`,`extra_requirement`,`people`,`reservation_name`,`reservation_phone`,`total_amount`,`member_id`,`restaurant_id`,`restaurant_ava_time_id`,`imp_uid`,`merchant_uid`) VALUES (269,'오이 빼주세요',4,'문태식','010-4242-2845',30000,1,1,367,NULL,NULL);
INSERT INTO `reservation_info` (`reservation_info_id`,`extra_requirement`,`people`,`reservation_name`,`reservation_phone`,`total_amount`,`member_id`,`restaurant_id`,`restaurant_ava_time_id`,`imp_uid`,`merchant_uid`) VALUES (270,'오이 빼주세요',4,'문태식','010-4242-2845',30000,1,1,368,NULL,NULL);
INSERT INTO `reservation_info` (`reservation_info_id`,`extra_requirement`,`people`,`reservation_name`,`reservation_phone`,`total_amount`,`member_id`,`restaurant_id`,`restaurant_ava_time_id`,`imp_uid`,`merchant_uid`) VALUES (271,'오이 빼주세요',4,'문태식','010-4242-2845',30000,1,1,369,NULL,NULL);
INSERT INTO `reservation_info` (`reservation_info_id`,`extra_requirement`,`people`,`reservation_name`,`reservation_phone`,`total_amount`,`member_id`,`restaurant_id`,`restaurant_ava_time_id`,`imp_uid`,`merchant_uid`) VALUES (272,'오이 빼주세요',4,'문태식','010-4242-2845',30000,1,1,370,NULL,NULL);
INSERT INTO `reservation_info` (`reservation_info_id`,`extra_requirement`,`people`,`reservation_name`,`reservation_phone`,`total_amount`,`member_id`,`restaurant_id`,`restaurant_ava_time_id`,`imp_uid`,`merchant_uid`) VALUES (273,'오이 빼주세요',4,'문태식','010-4242-2845',30000,1,1,371,NULL,NULL);
INSERT INTO `reservation_info` (`reservation_info_id`,`extra_requirement`,`people`,`reservation_name`,`reservation_phone`,`total_amount`,`member_id`,`restaurant_id`,`restaurant_ava_time_id`,`imp_uid`,`merchant_uid`) VALUES (274,'오이 빼주세요',4,'문태식','010-4242-2845',30000,1,1,372,NULL,NULL);
INSERT INTO `reservation_info` (`reservation_info_id`,`extra_requirement`,`people`,`reservation_name`,`reservation_phone`,`total_amount`,`member_id`,`restaurant_id`,`restaurant_ava_time_id`,`imp_uid`,`merchant_uid`) VALUES (275,'오이 빼주세요',5,'문태식','010-4242-2845',30000,1,1,373,NULL,NULL);
INSERT INTO `reservation_info` (`reservation_info_id`,`extra_requirement`,`people`,`reservation_name`,`reservation_phone`,`total_amount`,`member_id`,`restaurant_id`,`restaurant_ava_time_id`,`imp_uid`,`merchant_uid`) VALUES (276,'오이 빼주세요',5,'문태식','010-4242-2845',30000,1,1,374,NULL,NULL);
INSERT INTO `reservation_info` (`reservation_info_id`,`extra_requirement`,`people`,`reservation_name`,`reservation_phone`,`total_amount`,`member_id`,`restaurant_id`,`restaurant_ava_time_id`,`imp_uid`,`merchant_uid`) VALUES (277,'오이 빼주세요',5,'문태식','010-4242-2845',73500,1,1,375,NULL,NULL);
INSERT INTO `reservation_info` (`reservation_info_id`,`extra_requirement`,`people`,`reservation_name`,`reservation_phone`,`total_amount`,`member_id`,`restaurant_id`,`restaurant_ava_time_id`,`imp_uid`,`merchant_uid`) VALUES (278,'오이 빼주세요',4,'문태식','010-4242-2845',73500,1,1,376,NULL,NULL);
INSERT INTO `reservation_info` (`reservation_info_id`,`extra_requirement`,`people`,`reservation_name`,`reservation_phone`,`total_amount`,`member_id`,`restaurant_id`,`restaurant_ava_time_id`,`imp_uid`,`merchant_uid`) VALUES (279,'오이 빼주세요',4,'문태식','010-4242-2845',73500,1,1,377,NULL,NULL);
INSERT INTO `reservation_info` (`reservation_info_id`,`extra_requirement`,`people`,`reservation_name`,`reservation_phone`,`total_amount`,`member_id`,`restaurant_id`,`restaurant_ava_time_id`,`imp_uid`,`merchant_uid`) VALUES (280,'오이 빼주세요',4,'문태식','010-4242-2845',73500,1,1,378,NULL,NULL);
INSERT INTO `reservation_info` (`reservation_info_id`,`extra_requirement`,`people`,`reservation_name`,`reservation_phone`,`total_amount`,`member_id`,`restaurant_id`,`restaurant_ava_time_id`,`imp_uid`,`merchant_uid`) VALUES (281,'오이 빼주세요',4,'문태식','010-4242-2845',73500,1,1,379,NULL,NULL);
INSERT INTO `reservation_info` (`reservation_info_id`,`extra_requirement`,`people`,`reservation_name`,`reservation_phone`,`total_amount`,`member_id`,`restaurant_id`,`restaurant_ava_time_id`,`imp_uid`,`merchant_uid`) VALUES (282,'오이 빼주세요',4,'문태식','010-4242-2845',73500,1,1,380,NULL,NULL);
INSERT INTO `reservation_info` (`reservation_info_id`,`extra_requirement`,`people`,`reservation_name`,`reservation_phone`,`total_amount`,`member_id`,`restaurant_id`,`restaurant_ava_time_id`,`imp_uid`,`merchant_uid`) VALUES (283,'오이 빼주세요',4,'문태식','010-4242-2845',73500,1,1,381,NULL,NULL);
INSERT INTO `reservation_info` (`reservation_info_id`,`extra_requirement`,`people`,`reservation_name`,`reservation_phone`,`total_amount`,`member_id`,`restaurant_id`,`restaurant_ava_time_id`,`imp_uid`,`merchant_uid`) VALUES (284,'오이 빼주세요',4,'문태식','010-4242-2845',73500,1,1,382,NULL,NULL);
INSERT INTO `reservation_info` (`reservation_info_id`,`extra_requirement`,`people`,`reservation_name`,`reservation_phone`,`total_amount`,`member_id`,`restaurant_id`,`restaurant_ava_time_id`,`imp_uid`,`merchant_uid`) VALUES (285,'오이 빼주세요',4,'문태식','010-4242-2845',73500,1,1,383,NULL,NULL);
INSERT INTO `reservation_info` (`reservation_info_id`,`extra_requirement`,`people`,`reservation_name`,`reservation_phone`,`total_amount`,`member_id`,`restaurant_id`,`restaurant_ava_time_id`,`imp_uid`,`merchant_uid`) VALUES (286,'오이 빼주세요',4,'문태식','010-4242-2845',73500,1,1,384,NULL,NULL);
INSERT INTO `reservation_info` (`reservation_info_id`,`extra_requirement`,`people`,`reservation_name`,`reservation_phone`,`total_amount`,`member_id`,`restaurant_id`,`restaurant_ava_time_id`,`imp_uid`,`merchant_uid`) VALUES (287,'오이 빼주세요',4,'문태식','010-4242-2845',30000,1,1,385,NULL,NULL);
INSERT INTO `reservation_info` (`reservation_info_id`,`extra_requirement`,`people`,`reservation_name`,`reservation_phone`,`total_amount`,`member_id`,`restaurant_id`,`restaurant_ava_time_id`,`imp_uid`,`merchant_uid`) VALUES (288,'오이 빼주세요',4,'문태식','010-4242-2845',30000,1,1,386,NULL,NULL);
INSERT INTO `reservation_info` (`reservation_info_id`,`extra_requirement`,`people`,`reservation_name`,`reservation_phone`,`total_amount`,`member_id`,`restaurant_id`,`restaurant_ava_time_id`,`imp_uid`,`merchant_uid`) VALUES (289,'오이 빼주세요',4,'문태식','010-4242-2845',30000,1,1,387,NULL,NULL);
INSERT INTO `reservation_info` (`reservation_info_id`,`extra_requirement`,`people`,`reservation_name`,`reservation_phone`,`total_amount`,`member_id`,`restaurant_id`,`restaurant_ava_time_id`,`imp_uid`,`merchant_uid`) VALUES (290,'오이 빼주세요',4,'문태식','010-4242-2845',30000,1,1,388,NULL,NULL);
INSERT INTO `reservation_info` (`reservation_info_id`,`extra_requirement`,`people`,`reservation_name`,`reservation_phone`,`total_amount`,`member_id`,`restaurant_id`,`restaurant_ava_time_id`,`imp_uid`,`merchant_uid`) VALUES (291,'오이 빼주세요',4,'문태식','010-4242-2845',30000,1,1,389,NULL,NULL);
INSERT INTO `reservation_info` (`reservation_info_id`,`extra_requirement`,`people`,`reservation_name`,`reservation_phone`,`total_amount`,`member_id`,`restaurant_id`,`restaurant_ava_time_id`,`imp_uid`,`merchant_uid`) VALUES (292,'오이 빼주세요',4,'문태식','010-4242-2845',30000,1,1,390,NULL,NULL);
INSERT INTO `reservation_info` (`reservation_info_id`,`extra_requirement`,`people`,`reservation_name`,`reservation_phone`,`total_amount`,`member_id`,`restaurant_id`,`restaurant_ava_time_id`,`imp_uid`,`merchant_uid`) VALUES (293,'오이 빼주세요',5,'문태식','010-4242-2845',30000,1,1,391,NULL,NULL);
INSERT INTO `reservation_info` (`reservation_info_id`,`extra_requirement`,`people`,`reservation_name`,`reservation_phone`,`total_amount`,`member_id`,`restaurant_id`,`restaurant_ava_time_id`,`imp_uid`,`merchant_uid`) VALUES (294,'오이 빼주세요',5,'문태식','010-4242-2845',30000,1,1,392,NULL,NULL);
INSERT INTO `reservation_info` (`reservation_info_id`,`extra_requirement`,`people`,`reservation_name`,`reservation_phone`,`total_amount`,`member_id`,`restaurant_id`,`restaurant_ava_time_id`,`imp_uid`,`merchant_uid`) VALUES (295,'오이 빼주세요',5,'문태식','010-4242-2845',73500,1,1,393,NULL,NULL);
INSERT INTO `reservation_info` (`reservation_info_id`,`extra_requirement`,`people`,`reservation_name`,`reservation_phone`,`total_amount`,`member_id`,`restaurant_id`,`restaurant_ava_time_id`,`imp_uid`,`merchant_uid`) VALUES (296,'오이 빼주세요',4,'문태식','010-4242-2845',73500,1,1,394,NULL,NULL);
INSERT INTO `reservation_info` (`reservation_info_id`,`extra_requirement`,`people`,`reservation_name`,`reservation_phone`,`total_amount`,`member_id`,`restaurant_id`,`restaurant_ava_time_id`,`imp_uid`,`merchant_uid`) VALUES (297,'오이 빼주세요',4,'문태식','010-4242-2845',73500,1,1,395,NULL,NULL);
INSERT INTO `reservation_info` (`reservation_info_id`,`extra_requirement`,`people`,`reservation_name`,`reservation_phone`,`total_amount`,`member_id`,`restaurant_id`,`restaurant_ava_time_id`,`imp_uid`,`merchant_uid`) VALUES (298,'오이 빼주세요',4,'문태식','010-4242-2845',73500,1,1,396,NULL,NULL);
INSERT INTO `reservation_info` (`reservation_info_id`,`extra_requirement`,`people`,`reservation_name`,`reservation_phone`,`total_amount`,`member_id`,`restaurant_id`,`restaurant_ava_time_id`,`imp_uid`,`merchant_uid`) VALUES (299,'오이 빼주세요',4,'문태식','010-4242-2845',73500,1,1,397,NULL,NULL);
INSERT INTO `reservation_info` (`reservation_info_id`,`extra_requirement`,`people`,`reservation_name`,`reservation_phone`,`total_amount`,`member_id`,`restaurant_id`,`restaurant_ava_time_id`,`imp_uid`,`merchant_uid`) VALUES (300,'오이 빼주세요',4,'문태식','010-4242-2845',73500,1,1,398,NULL,NULL);
INSERT INTO `reservation_info` (`reservation_info_id`,`extra_requirement`,`people`,`reservation_name`,`reservation_phone`,`total_amount`,`member_id`,`restaurant_id`,`restaurant_ava_time_id`,`imp_uid`,`merchant_uid`) VALUES (301,'오이 빼주세요',4,'문태식','010-4242-2845',73500,1,1,399,NULL,NULL);
INSERT INTO `reservation_info` (`reservation_info_id`,`extra_requirement`,`people`,`reservation_name`,`reservation_phone`,`total_amount`,`member_id`,`restaurant_id`,`restaurant_ava_time_id`,`imp_uid`,`merchant_uid`) VALUES (302,'오이 빼주세요',4,'문태식','010-4242-2845',73500,1,1,400,NULL,NULL);
INSERT INTO `reservation_info` (`reservation_info_id`,`extra_requirement`,`people`,`reservation_name`,`reservation_phone`,`total_amount`,`member_id`,`restaurant_id`,`restaurant_ava_time_id`,`imp_uid`,`merchant_uid`) VALUES (303,'오이 빼주세요',4,'문태식','010-4242-2845',73500,1,1,401,NULL,NULL);
INSERT INTO `reservation_info` (`reservation_info_id`,`extra_requirement`,`people`,`reservation_name`,`reservation_phone`,`total_amount`,`member_id`,`restaurant_id`,`restaurant_ava_time_id`,`imp_uid`,`merchant_uid`) VALUES (304,'오이 빼주세요',4,'문태식','010-4242-2845',73500,1,1,402,NULL,NULL);
INSERT INTO `reservation_info` (`reservation_info_id`,`extra_requirement`,`people`,`reservation_name`,`reservation_phone`,`total_amount`,`member_id`,`restaurant_id`,`restaurant_ava_time_id`,`imp_uid`,`merchant_uid`) VALUES (305,'오이 빼주세요',4,'문태식','010-4242-2845',30000,1,1,403,NULL,NULL);
INSERT INTO `reservation_info` (`reservation_info_id`,`extra_requirement`,`people`,`reservation_name`,`reservation_phone`,`total_amount`,`member_id`,`restaurant_id`,`restaurant_ava_time_id`,`imp_uid`,`merchant_uid`) VALUES (306,'오이 빼주세요',4,'문태식','010-4242-2845',30000,1,1,404,NULL,NULL);
INSERT INTO `reservation_info` (`reservation_info_id`,`extra_requirement`,`people`,`reservation_name`,`reservation_phone`,`total_amount`,`member_id`,`restaurant_id`,`restaurant_ava_time_id`,`imp_uid`,`merchant_uid`) VALUES (307,'오이 빼주세요',4,'문태식','010-4242-2845',30000,1,1,405,NULL,NULL);
INSERT INTO `reservation_info` (`reservation_info_id`,`extra_requirement`,`people`,`reservation_name`,`reservation_phone`,`total_amount`,`member_id`,`restaurant_id`,`restaurant_ava_time_id`,`imp_uid`,`merchant_uid`) VALUES (308,'오이 빼주세요',4,'문태식','010-4242-2845',30000,1,1,406,NULL,NULL);
INSERT INTO `reservation_info` (`reservation_info_id`,`extra_requirement`,`people`,`reservation_name`,`reservation_phone`,`total_amount`,`member_id`,`restaurant_id`,`restaurant_ava_time_id`,`imp_uid`,`merchant_uid`) VALUES (309,'오이 빼주세요',4,'문태식','010-4242-2845',30000,1,1,407,NULL,NULL);
INSERT INTO `reservation_info` (`reservation_info_id`,`extra_requirement`,`people`,`reservation_name`,`reservation_phone`,`total_amount`,`member_id`,`restaurant_id`,`restaurant_ava_time_id`,`imp_uid`,`merchant_uid`) VALUES (310,'오이 빼주세요',4,'문태식','010-4242-2845',30000,1,1,408,NULL,NULL);
INSERT INTO `reservation_info` (`reservation_info_id`,`extra_requirement`,`people`,`reservation_name`,`reservation_phone`,`total_amount`,`member_id`,`restaurant_id`,`restaurant_ava_time_id`,`imp_uid`,`merchant_uid`) VALUES (311,'오이 빼주세요',5,'문태식','010-4242-2845',30000,1,1,409,NULL,NULL);
INSERT INTO `reservation_info` (`reservation_info_id`,`extra_requirement`,`people`,`reservation_name`,`reservation_phone`,`total_amount`,`member_id`,`restaurant_id`,`restaurant_ava_time_id`,`imp_uid`,`merchant_uid`) VALUES (312,'오이 빼주세요',5,'문태식','010-4242-2845',30000,1,1,410,NULL,NULL);
INSERT INTO `reservation_info` (`reservation_info_id`,`extra_requirement`,`people`,`reservation_name`,`reservation_phone`,`total_amount`,`member_id`,`restaurant_id`,`restaurant_ava_time_id`,`imp_uid`,`merchant_uid`) VALUES (313,'오이 빼주세요',5,'문태식','010-4242-2845',73500,1,1,411,NULL,NULL);
INSERT INTO `reservation_info` (`reservation_info_id`,`extra_requirement`,`people`,`reservation_name`,`reservation_phone`,`total_amount`,`member_id`,`restaurant_id`,`restaurant_ava_time_id`,`imp_uid`,`merchant_uid`) VALUES (314,'오이 빼주세요',4,'문태식','010-4242-2845',73500,1,1,412,NULL,NULL);
INSERT INTO `reservation_info` (`reservation_info_id`,`extra_requirement`,`people`,`reservation_name`,`reservation_phone`,`total_amount`,`member_id`,`restaurant_id`,`restaurant_ava_time_id`,`imp_uid`,`merchant_uid`) VALUES (315,'오이 빼주세요',4,'문태식','010-4242-2845',73500,1,1,413,NULL,NULL);
INSERT INTO `reservation_info` (`reservation_info_id`,`extra_requirement`,`people`,`reservation_name`,`reservation_phone`,`total_amount`,`member_id`,`restaurant_id`,`restaurant_ava_time_id`,`imp_uid`,`merchant_uid`) VALUES (316,'오이 빼주세요',4,'문태식','010-4242-2845',73500,1,1,414,NULL,NULL);
INSERT INTO `reservation_info` (`reservation_info_id`,`extra_requirement`,`people`,`reservation_name`,`reservation_phone`,`total_amount`,`member_id`,`restaurant_id`,`restaurant_ava_time_id`,`imp_uid`,`merchant_uid`) VALUES (317,'오이 빼주세요',4,'문태식','010-4242-2845',73500,1,1,415,NULL,NULL);
INSERT INTO `reservation_info` (`reservation_info_id`,`extra_requirement`,`people`,`reservation_name`,`reservation_phone`,`total_amount`,`member_id`,`restaurant_id`,`restaurant_ava_time_id`,`imp_uid`,`merchant_uid`) VALUES (318,'오이 빼주세요',4,'문태식','010-4242-2845',73500,1,1,416,NULL,NULL);
INSERT INTO `reservation_info` (`reservation_info_id`,`extra_requirement`,`people`,`reservation_name`,`reservation_phone`,`total_amount`,`member_id`,`restaurant_id`,`restaurant_ava_time_id`,`imp_uid`,`merchant_uid`) VALUES (319,'오이 빼주세요',4,'문태식','010-4242-2845',73500,1,1,417,NULL,NULL);
INSERT INTO `reservation_info` (`reservation_info_id`,`extra_requirement`,`people`,`reservation_name`,`reservation_phone`,`total_amount`,`member_id`,`restaurant_id`,`restaurant_ava_time_id`,`imp_uid`,`merchant_uid`) VALUES (320,'오이 빼주세요',4,'문태식','010-4242-2845',73500,1,1,418,NULL,NULL);
INSERT INTO `reservation_info` (`reservation_info_id`,`extra_requirement`,`people`,`reservation_name`,`reservation_phone`,`total_amount`,`member_id`,`restaurant_id`,`restaurant_ava_time_id`,`imp_uid`,`merchant_uid`) VALUES (321,'오이 빼주세요',4,'문태식','010-4242-2845',73500,1,1,419,NULL,NULL);
INSERT INTO `reservation_info` (`reservation_info_id`,`extra_requirement`,`people`,`reservation_name`,`reservation_phone`,`total_amount`,`member_id`,`restaurant_id`,`restaurant_ava_time_id`,`imp_uid`,`merchant_uid`) VALUES (322,'오이 빼주세요',4,'문태식','010-4242-2845',73500,1,1,420,NULL,NULL);
INSERT INTO `reservation_info` (`reservation_info_id`,`extra_requirement`,`people`,`reservation_name`,`reservation_phone`,`total_amount`,`member_id`,`restaurant_id`,`restaurant_ava_time_id`,`imp_uid`,`merchant_uid`) VALUES (323,'오이 빼주세요',5,'문태식','010-4242-2845',30000,1,1,421,NULL,NULL);
INSERT INTO `reservation_info` (`reservation_info_id`,`extra_requirement`,`people`,`reservation_name`,`reservation_phone`,`total_amount`,`member_id`,`restaurant_id`,`restaurant_ava_time_id`,`imp_uid`,`merchant_uid`) VALUES (324,'오이 빼주세요',5,'문태식','010-4242-2845',30000,1,1,422,NULL,NULL);
INSERT INTO `reservation_info` (`reservation_info_id`,`extra_requirement`,`people`,`reservation_name`,`reservation_phone`,`total_amount`,`member_id`,`restaurant_id`,`restaurant_ava_time_id`,`imp_uid`,`merchant_uid`) VALUES (325,'오이 빼주세요',5,'문태식','010-4242-2845',30000,1,1,423,NULL,NULL);
INSERT INTO `reservation_info` (`reservation_info_id`,`extra_requirement`,`people`,`reservation_name`,`reservation_phone`,`total_amount`,`member_id`,`restaurant_id`,`restaurant_ava_time_id`,`imp_uid`,`merchant_uid`) VALUES (326,'오이 빼주세요',5,'문태식','010-4242-2845',30000,1,1,424,NULL,NULL);
INSERT INTO `reservation_info` (`reservation_info_id`,`extra_requirement`,`people`,`reservation_name`,`reservation_phone`,`total_amount`,`member_id`,`restaurant_id`,`restaurant_ava_time_id`,`imp_uid`,`merchant_uid`) VALUES (327,'오이 빼주세요',5,'문태식','010-4242-2845',30000,1,1,425,NULL,NULL);
INSERT INTO `reservation_info` (`reservation_info_id`,`extra_requirement`,`people`,`reservation_name`,`reservation_phone`,`total_amount`,`member_id`,`restaurant_id`,`restaurant_ava_time_id`,`imp_uid`,`merchant_uid`) VALUES (328,'오이 빼주세요',5,'문태식','010-4242-2845',30000,1,1,426,NULL,NULL);
INSERT INTO `reservation_info` (`reservation_info_id`,`extra_requirement`,`people`,`reservation_name`,`reservation_phone`,`total_amount`,`member_id`,`restaurant_id`,`restaurant_ava_time_id`,`imp_uid`,`merchant_uid`) VALUES (329,'오이 빼주세요',5,'문태식','010-4242-2845',30000,1,1,427,NULL,NULL);
INSERT INTO `reservation_info` (`reservation_info_id`,`extra_requirement`,`people`,`reservation_name`,`reservation_phone`,`total_amount`,`member_id`,`restaurant_id`,`restaurant_ava_time_id`,`imp_uid`,`merchant_uid`) VALUES (330,'오이 빼주세요',5,'문태식','010-4242-2845',30000,1,1,428,NULL,NULL);
INSERT INTO `reservation_info` (`reservation_info_id`,`extra_requirement`,`people`,`reservation_name`,`reservation_phone`,`total_amount`,`member_id`,`restaurant_id`,`restaurant_ava_time_id`,`imp_uid`,`merchant_uid`) VALUES (331,'오이 빼주세요',5,'문태식','010-4242-2845',30000,1,1,429,NULL,NULL);
INSERT INTO `reservation_info` (`reservation_info_id`,`extra_requirement`,`people`,`reservation_name`,`reservation_phone`,`total_amount`,`member_id`,`restaurant_id`,`restaurant_ava_time_id`,`imp_uid`,`merchant_uid`) VALUES (332,'오이 빼주세요',5,'문태식','010-4242-2845',30000,1,1,430,NULL,NULL);
INSERT INTO `reservation_info` (`reservation_info_id`,`extra_requirement`,`people`,`reservation_name`,`reservation_phone`,`total_amount`,`member_id`,`restaurant_id`,`restaurant_ava_time_id`,`imp_uid`,`merchant_uid`) VALUES (333,'오이 빼주세요',5,'문태식','010-4242-2845',30000,1,1,431,NULL,NULL);
INSERT INTO `reservation_info` (`reservation_info_id`,`extra_requirement`,`people`,`reservation_name`,`reservation_phone`,`total_amount`,`member_id`,`restaurant_id`,`restaurant_ava_time_id`,`imp_uid`,`merchant_uid`) VALUES (334,'오이 빼주세요',5,'문태식','010-4242-2845',30000,1,1,432,NULL,NULL);
INSERT INTO `reservation_info` (`reservation_info_id`,`extra_requirement`,`people`,`reservation_name`,`reservation_phone`,`total_amount`,`member_id`,`restaurant_id`,`restaurant_ava_time_id`,`imp_uid`,`merchant_uid`) VALUES (335,'오이 빼주세요',5,'문태식','010-4242-2845',30000,1,1,433,NULL,NULL);
INSERT INTO `reservation_info` (`reservation_info_id`,`extra_requirement`,`people`,`reservation_name`,`reservation_phone`,`total_amount`,`member_id`,`restaurant_id`,`restaurant_ava_time_id`,`imp_uid`,`merchant_uid`) VALUES (336,'오이 빼주세요',5,'문태식','010-4242-2845',30000,1,1,434,NULL,NULL);
INSERT INTO `reservation_info` (`reservation_info_id`,`extra_requirement`,`people`,`reservation_name`,`reservation_phone`,`total_amount`,`member_id`,`restaurant_id`,`restaurant_ava_time_id`,`imp_uid`,`merchant_uid`) VALUES (337,'오이 빼주세요',5,'문태식','010-4242-2845',30000,1,1,435,NULL,NULL);
INSERT INTO `reservation_info` (`reservation_info_id`,`extra_requirement`,`people`,`reservation_name`,`reservation_phone`,`total_amount`,`member_id`,`restaurant_id`,`restaurant_ava_time_id`,`imp_uid`,`merchant_uid`) VALUES (338,'오이 빼주세요',5,'문태식','010-4242-2845',73500,1,1,436,NULL,NULL);
INSERT INTO `reservation_info` (`reservation_info_id`,`extra_requirement`,`people`,`reservation_name`,`reservation_phone`,`total_amount`,`member_id`,`restaurant_id`,`restaurant_ava_time_id`,`imp_uid`,`merchant_uid`) VALUES (339,'오이 빼주세요',4,'문태식','010-4242-2845',30000,1,1,437,NULL,NULL);
INSERT INTO `reservation_info` (`reservation_info_id`,`extra_requirement`,`people`,`reservation_name`,`reservation_phone`,`total_amount`,`member_id`,`restaurant_id`,`restaurant_ava_time_id`,`imp_uid`,`merchant_uid`) VALUES (340,'오이 빼주세요',5,'문태식','010-4242-2845',73500,1,1,438,NULL,NULL);
INSERT INTO `reservation_info` (`reservation_info_id`,`extra_requirement`,`people`,`reservation_name`,`reservation_phone`,`total_amount`,`member_id`,`restaurant_id`,`restaurant_ava_time_id`,`imp_uid`,`merchant_uid`) VALUES (341,'오이 빼주세요',4,'문태식','010-4242-2845',30000,1,1,439,NULL,NULL);
INSERT INTO `reservation_info` (`reservation_info_id`,`extra_requirement`,`people`,`reservation_name`,`reservation_phone`,`total_amount`,`member_id`,`restaurant_id`,`restaurant_ava_time_id`,`imp_uid`,`merchant_uid`) VALUES (342,'오이 빼주세요',5,'문태식','010-4242-2845',73500,1,1,440,NULL,NULL);
INSERT INTO `reservation_info` (`reservation_info_id`,`extra_requirement`,`people`,`reservation_name`,`reservation_phone`,`total_amount`,`member_id`,`restaurant_id`,`restaurant_ava_time_id`,`imp_uid`,`merchant_uid`) VALUES (343,'오이 빼주세요',4,'문태식','010-4242-2845',30000,1,1,441,NULL,NULL);
INSERT INTO `reservation_info` (`reservation_info_id`,`extra_requirement`,`people`,`reservation_name`,`reservation_phone`,`total_amount`,`member_id`,`restaurant_id`,`restaurant_ava_time_id`,`imp_uid`,`merchant_uid`) VALUES (344,'오이 빼주세요',5,'문태식','010-4242-2845',73500,1,1,442,NULL,NULL);
INSERT INTO `reservation_info` (`reservation_info_id`,`extra_requirement`,`people`,`reservation_name`,`reservation_phone`,`total_amount`,`member_id`,`restaurant_id`,`restaurant_ava_time_id`,`imp_uid`,`merchant_uid`) VALUES (345,'오이 빼주세요',4,'문태식','010-4242-2845',30000,1,1,443,NULL,NULL);
INSERT INTO `reservation_info` (`reservation_info_id`,`extra_requirement`,`people`,`reservation_name`,`reservation_phone`,`total_amount`,`member_id`,`restaurant_id`,`restaurant_ava_time_id`,`imp_uid`,`merchant_uid`) VALUES (346,'오이 빼주세요',5,'문태식','010-4242-2845',73500,1,1,444,NULL,NULL);
INSERT INTO `reservation_info` (`reservation_info_id`,`extra_requirement`,`people`,`reservation_name`,`reservation_phone`,`total_amount`,`member_id`,`restaurant_id`,`restaurant_ava_time_id`,`imp_uid`,`merchant_uid`) VALUES (347,'오이 빼주세요',4,'문태식','010-4242-2845',30000,1,1,445,NULL,NULL);
INSERT INTO `reservation_info` (`reservation_info_id`,`extra_requirement`,`people`,`reservation_name`,`reservation_phone`,`total_amount`,`member_id`,`restaurant_id`,`restaurant_ava_time_id`,`imp_uid`,`merchant_uid`) VALUES (348,'오이 빼주세요',5,'문태식','010-4242-2845',73500,1,1,446,NULL,NULL);
INSERT INTO `reservation_info` (`reservation_info_id`,`extra_requirement`,`people`,`reservation_name`,`reservation_phone`,`total_amount`,`member_id`,`restaurant_id`,`restaurant_ava_time_id`,`imp_uid`,`merchant_uid`) VALUES (349,'오이 빼주세요',4,'문태식','010-4242-2845',30000,1,1,447,NULL,NULL);
INSERT INTO `reservation_info` (`reservation_info_id`,`extra_requirement`,`people`,`reservation_name`,`reservation_phone`,`total_amount`,`member_id`,`restaurant_id`,`restaurant_ava_time_id`,`imp_uid`,`merchant_uid`) VALUES (350,'오이 빼주세요',5,'문태식','010-4242-2845',73500,1,1,448,NULL,NULL);
INSERT INTO `reservation_info` (`reservation_info_id`,`extra_requirement`,`people`,`reservation_name`,`reservation_phone`,`total_amount`,`member_id`,`restaurant_id`,`restaurant_ava_time_id`,`imp_uid`,`merchant_uid`) VALUES (351,'오이 빼주세요',4,'문태식','010-4242-2845',30000,1,1,449,NULL,NULL);
INSERT INTO `reservation_info` (`reservation_info_id`,`extra_requirement`,`people`,`reservation_name`,`reservation_phone`,`total_amount`,`member_id`,`restaurant_id`,`restaurant_ava_time_id`,`imp_uid`,`merchant_uid`) VALUES (352,'오이 빼주세요',5,'문태식','010-4242-2845',73500,1,1,450,NULL,NULL);
INSERT INTO `reservation_info` (`reservation_info_id`,`extra_requirement`,`people`,`reservation_name`,`reservation_phone`,`total_amount`,`member_id`,`restaurant_id`,`restaurant_ava_time_id`,`imp_uid`,`merchant_uid`) VALUES (353,'오이 빼주세요',4,'문태식','010-4242-2845',30000,1,1,451,NULL,NULL);
INSERT INTO `reservation_info` (`reservation_info_id`,`extra_requirement`,`people`,`reservation_name`,`reservation_phone`,`total_amount`,`member_id`,`restaurant_id`,`restaurant_ava_time_id`,`imp_uid`,`merchant_uid`) VALUES (354,'오이 빼주세요',5,'문태식','010-4242-2845',73500,1,1,452,NULL,NULL);
INSERT INTO `reservation_info` (`reservation_info_id`,`extra_requirement`,`people`,`reservation_name`,`reservation_phone`,`total_amount`,`member_id`,`restaurant_id`,`restaurant_ava_time_id`,`imp_uid`,`merchant_uid`) VALUES (355,'오이 빼주세요',4,'문태식','010-4242-2845',30000,1,1,453,NULL,NULL);
INSERT INTO `reservation_info` (`reservation_info_id`,`extra_requirement`,`people`,`reservation_name`,`reservation_phone`,`total_amount`,`member_id`,`restaurant_id`,`restaurant_ava_time_id`,`imp_uid`,`merchant_uid`) VALUES (356,'오이 빼주세요',5,'문태식','010-4242-2845',73500,1,1,454,NULL,NULL);
INSERT INTO `reservation_info` (`reservation_info_id`,`extra_requirement`,`people`,`reservation_name`,`reservation_phone`,`total_amount`,`member_id`,`restaurant_id`,`restaurant_ava_time_id`,`imp_uid`,`merchant_uid`) VALUES (357,'오이 빼주세요',4,'문태식','010-4242-2845',30000,1,1,455,NULL,NULL);
INSERT INTO `reservation_info` (`reservation_info_id`,`extra_requirement`,`people`,`reservation_name`,`reservation_phone`,`total_amount`,`member_id`,`restaurant_id`,`restaurant_ava_time_id`,`imp_uid`,`merchant_uid`) VALUES (358,'오이 빼주세요',5,'문태식','010-4242-2845',73500,1,1,456,NULL,NULL);
INSERT INTO `reservation_info` (`reservation_info_id`,`extra_requirement`,`people`,`reservation_name`,`reservation_phone`,`total_amount`,`member_id`,`restaurant_id`,`restaurant_ava_time_id`,`imp_uid`,`merchant_uid`) VALUES (359,'오이 빼주세요',4,'문태식','010-4242-2845',30000,1,1,457,NULL,NULL);
INSERT INTO `reservation_info` (`reservation_info_id`,`extra_requirement`,`people`,`reservation_name`,`reservation_phone`,`total_amount`,`member_id`,`restaurant_id`,`restaurant_ava_time_id`,`imp_uid`,`merchant_uid`) VALUES (360,'오이 빼주세요',5,'문태식','010-4242-2845',73500,1,1,458,NULL,NULL);
INSERT INTO `reservation_info` (`reservation_info_id`,`extra_requirement`,`people`,`reservation_name`,`reservation_phone`,`total_amount`,`member_id`,`restaurant_id`,`restaurant_ava_time_id`,`imp_uid`,`merchant_uid`) VALUES (361,'오이 빼주세요',4,'문태식','010-4242-2845',30000,1,1,459,NULL,NULL);
INSERT INTO `reservation_info` (`reservation_info_id`,`extra_requirement`,`people`,`reservation_name`,`reservation_phone`,`total_amount`,`member_id`,`restaurant_id`,`restaurant_ava_time_id`,`imp_uid`,`merchant_uid`) VALUES (362,'오이 빼주세요',5,'문태식','010-4242-2845',73500,1,1,460,NULL,NULL);
INSERT INTO `reservation_info` (`reservation_info_id`,`extra_requirement`,`people`,`reservation_name`,`reservation_phone`,`total_amount`,`member_id`,`restaurant_id`,`restaurant_ava_time_id`,`imp_uid`,`merchant_uid`) VALUES (363,'오이 빼주세요',4,'문태식','010-4242-2845',30000,1,1,461,NULL,NULL);
INSERT INTO `reservation_info` (`reservation_info_id`,`extra_requirement`,`people`,`reservation_name`,`reservation_phone`,`total_amount`,`member_id`,`restaurant_id`,`restaurant_ava_time_id`,`imp_uid`,`merchant_uid`) VALUES (364,'오이 빼주세요',5,'문태식','010-4242-2845',73500,1,1,462,NULL,NULL);
INSERT INTO `reservation_info` (`reservation_info_id`,`extra_requirement`,`people`,`reservation_name`,`reservation_phone`,`total_amount`,`member_id`,`restaurant_id`,`restaurant_ava_time_id`,`imp_uid`,`merchant_uid`) VALUES (365,'오이 빼주세요',4,'문태식','010-4242-2845',30000,1,1,463,NULL,NULL);
INSERT INTO `reservation_info` (`reservation_info_id`,`extra_requirement`,`people`,`reservation_name`,`reservation_phone`,`total_amount`,`member_id`,`restaurant_id`,`restaurant_ava_time_id`,`imp_uid`,`merchant_uid`) VALUES (366,'오이 빼주세요',5,'문태식','010-4242-2845',73500,1,1,464,NULL,NULL);
INSERT INTO `reservation_info` (`reservation_info_id`,`extra_requirement`,`people`,`reservation_name`,`reservation_phone`,`total_amount`,`member_id`,`restaurant_id`,`restaurant_ava_time_id`,`imp_uid`,`merchant_uid`) VALUES (367,'오이 빼주세요',4,'문태식','010-4242-2845',30000,1,1,465,NULL,NULL);
INSERT INTO `reservation_info` (`reservation_info_id`,`extra_requirement`,`people`,`reservation_name`,`reservation_phone`,`total_amount`,`member_id`,`restaurant_id`,`restaurant_ava_time_id`,`imp_uid`,`merchant_uid`) VALUES (368,'오이 빼주세요',5,'문태식','010-4242-2845',73500,1,1,466,NULL,NULL);
INSERT INTO `reservation_info` (`reservation_info_id`,`extra_requirement`,`people`,`reservation_name`,`reservation_phone`,`total_amount`,`member_id`,`restaurant_id`,`restaurant_ava_time_id`,`imp_uid`,`merchant_uid`) VALUES (369,'오이 빼주세요',4,'문태식','010-4242-2845',30000,1,1,467,NULL,NULL);
INSERT INTO `reservation_info` (`reservation_info_id`,`extra_requirement`,`people`,`reservation_name`,`reservation_phone`,`total_amount`,`member_id`,`restaurant_id`,`restaurant_ava_time_id`,`imp_uid`,`merchant_uid`) VALUES (370,'오이 빼주세요',5,'문태식','010-4242-2845',73500,1,1,468,NULL,NULL);
INSERT INTO `reservation_info` (`reservation_info_id`,`extra_requirement`,`people`,`reservation_name`,`reservation_phone`,`total_amount`,`member_id`,`restaurant_id`,`restaurant_ava_time_id`,`imp_uid`,`merchant_uid`) VALUES (371,'오이 빼주세요',4,'문태식','010-4242-2845',30000,1,1,469,NULL,NULL);
INSERT INTO `reservation_info` (`reservation_info_id`,`extra_requirement`,`people`,`reservation_name`,`reservation_phone`,`total_amount`,`member_id`,`restaurant_id`,`restaurant_ava_time_id`,`imp_uid`,`merchant_uid`) VALUES (372,'오이 빼주세요',5,'문태식','010-4242-2845',73500,1,1,470,NULL,NULL);
INSERT INTO `reservation_info` (`reservation_info_id`,`extra_requirement`,`people`,`reservation_name`,`reservation_phone`,`total_amount`,`member_id`,`restaurant_id`,`restaurant_ava_time_id`,`imp_uid`,`merchant_uid`) VALUES (373,'오이 빼주세요',4,'문태식','010-4242-2845',30000,1,1,471,NULL,NULL);
INSERT INTO `reservation_info` (`reservation_info_id`,`extra_requirement`,`people`,`reservation_name`,`reservation_phone`,`total_amount`,`member_id`,`restaurant_id`,`restaurant_ava_time_id`,`imp_uid`,`merchant_uid`) VALUES (374,'오이 빼주세요',5,'문태식','010-4242-2845',73500,1,1,472,NULL,NULL);
INSERT INTO `reservation_info` (`reservation_info_id`,`extra_requirement`,`people`,`reservation_name`,`reservation_phone`,`total_amount`,`member_id`,`restaurant_id`,`restaurant_ava_time_id`,`imp_uid`,`merchant_uid`) VALUES (375,'오이 빼주세요',4,'문태식','010-4242-2845',30000,1,1,473,NULL,NULL);
INSERT INTO `reservation_info` (`reservation_info_id`,`extra_requirement`,`people`,`reservation_name`,`reservation_phone`,`total_amount`,`member_id`,`restaurant_id`,`restaurant_ava_time_id`,`imp_uid`,`merchant_uid`) VALUES (376,'오이 빼주세요',5,'문태식','010-4242-2845',73500,1,1,474,NULL,NULL);
INSERT INTO `reservation_info` (`reservation_info_id`,`extra_requirement`,`people`,`reservation_name`,`reservation_phone`,`total_amount`,`member_id`,`restaurant_id`,`restaurant_ava_time_id`,`imp_uid`,`merchant_uid`) VALUES (377,'오이 빼주세요',4,'문태식','010-4242-2845',30000,1,1,475,NULL,NULL);
INSERT INTO `reservation_info` (`reservation_info_id`,`extra_requirement`,`people`,`reservation_name`,`reservation_phone`,`total_amount`,`member_id`,`restaurant_id`,`restaurant_ava_time_id`,`imp_uid`,`merchant_uid`) VALUES (378,'오이 빼주세요',5,'문태식','010-4242-2845',73500,1,1,476,NULL,NULL);
INSERT INTO `reservation_info` (`reservation_info_id`,`extra_requirement`,`people`,`reservation_name`,`reservation_phone`,`total_amount`,`member_id`,`restaurant_id`,`restaurant_ava_time_id`,`imp_uid`,`merchant_uid`) VALUES (379,'오이 빼주세요',4,'문태식','010-4242-2845',30000,1,1,477,NULL,NULL);
INSERT INTO `reservation_info` (`reservation_info_id`,`extra_requirement`,`people`,`reservation_name`,`reservation_phone`,`total_amount`,`member_id`,`restaurant_id`,`restaurant_ava_time_id`,`imp_uid`,`merchant_uid`) VALUES (380,'오이 빼주세요',5,'문태식','010-4242-2845',73500,1,1,478,NULL,NULL);
INSERT INTO `reservation_info` (`reservation_info_id`,`extra_requirement`,`people`,`reservation_name`,`reservation_phone`,`total_amount`,`member_id`,`restaurant_id`,`restaurant_ava_time_id`,`imp_uid`,`merchant_uid`) VALUES (381,'오이 빼주세요',4,'문태식','010-4242-2845',30000,1,1,479,NULL,NULL);
INSERT INTO `reservation_info` (`reservation_info_id`,`extra_requirement`,`people`,`reservation_name`,`reservation_phone`,`total_amount`,`member_id`,`restaurant_id`,`restaurant_ava_time_id`,`imp_uid`,`merchant_uid`) VALUES (382,'오이 빼주세요',5,'문태식','010-4242-2845',73500,1,1,480,NULL,NULL);
INSERT INTO `reservation_info` (`reservation_info_id`,`extra_requirement`,`people`,`reservation_name`,`reservation_phone`,`total_amount`,`member_id`,`restaurant_id`,`restaurant_ava_time_id`,`imp_uid`,`merchant_uid`) VALUES (383,'오이 빼주세요',4,'문태식','010-4242-2845',30000,1,1,481,NULL,NULL);
INSERT INTO `reservation_info` (`reservation_info_id`,`extra_requirement`,`people`,`reservation_name`,`reservation_phone`,`total_amount`,`member_id`,`restaurant_id`,`restaurant_ava_time_id`,`imp_uid`,`merchant_uid`) VALUES (384,'오이 빼주세요',5,'문태식','010-4242-2845',73500,1,1,482,NULL,NULL);
INSERT INTO `reservation_info` (`reservation_info_id`,`extra_requirement`,`people`,`reservation_name`,`reservation_phone`,`total_amount`,`member_id`,`restaurant_id`,`restaurant_ava_time_id`,`imp_uid`,`merchant_uid`) VALUES (385,'오이 빼주세요',4,'문태식','010-4242-2845',30000,1,1,483,NULL,NULL);
INSERT INTO `reservation_info` (`reservation_info_id`,`extra_requirement`,`people`,`reservation_name`,`reservation_phone`,`total_amount`,`member_id`,`restaurant_id`,`restaurant_ava_time_id`,`imp_uid`,`merchant_uid`) VALUES (386,'오이 빼주세요',5,'문태식','010-4242-2845',73500,1,1,484,NULL,NULL);
INSERT INTO `reservation_info` (`reservation_info_id`,`extra_requirement`,`people`,`reservation_name`,`reservation_phone`,`total_amount`,`member_id`,`restaurant_id`,`restaurant_ava_time_id`,`imp_uid`,`merchant_uid`) VALUES (387,'오이 빼주세요',4,'문태식','010-4242-2845',30000,1,1,485,NULL,NULL);
INSERT INTO `reservation_info` (`reservation_info_id`,`extra_requirement`,`people`,`reservation_name`,`reservation_phone`,`total_amount`,`member_id`,`restaurant_id`,`restaurant_ava_time_id`,`imp_uid`,`merchant_uid`) VALUES (388,'오이 빼주세요',5,'문태식','010-4242-2845',73500,1,1,486,NULL,NULL);
INSERT INTO `reservation_info` (`reservation_info_id`,`extra_requirement`,`people`,`reservation_name`,`reservation_phone`,`total_amount`,`member_id`,`restaurant_id`,`restaurant_ava_time_id`,`imp_uid`,`merchant_uid`) VALUES (389,'오이 빼주세요',4,'문태식','010-4242-2845',30000,1,1,487,NULL,NULL);
INSERT INTO `reservation_info` (`reservation_info_id`,`extra_requirement`,`people`,`reservation_name`,`reservation_phone`,`total_amount`,`member_id`,`restaurant_id`,`restaurant_ava_time_id`,`imp_uid`,`merchant_uid`) VALUES (390,'오이 빼주세요',5,'문태식','010-4242-2845',73500,1,1,488,NULL,NULL);
INSERT INTO `reservation_info` (`reservation_info_id`,`extra_requirement`,`people`,`reservation_name`,`reservation_phone`,`total_amount`,`member_id`,`restaurant_id`,`restaurant_ava_time_id`,`imp_uid`,`merchant_uid`) VALUES (391,'오이 빼주세요',4,'문태식','010-4242-2845',30000,1,1,489,NULL,NULL);
INSERT INTO `reservation_info` (`reservation_info_id`,`extra_requirement`,`people`,`reservation_name`,`reservation_phone`,`total_amount`,`member_id`,`restaurant_id`,`restaurant_ava_time_id`,`imp_uid`,`merchant_uid`) VALUES (392,'오이 빼주세요',5,'문태식','010-4242-2845',73500,1,1,490,NULL,NULL);
INSERT INTO `reservation_info` (`reservation_info_id`,`extra_requirement`,`people`,`reservation_name`,`reservation_phone`,`total_amount`,`member_id`,`restaurant_id`,`restaurant_ava_time_id`,`imp_uid`,`merchant_uid`) VALUES (393,'오이 빼주세요',4,'문태식','010-4242-2845',30000,1,1,491,NULL,NULL);
INSERT INTO `reservation_info` (`reservation_info_id`,`extra_requirement`,`people`,`reservation_name`,`reservation_phone`,`total_amount`,`member_id`,`restaurant_id`,`restaurant_ava_time_id`,`imp_uid`,`merchant_uid`) VALUES (394,'오이 빼주세요',5,'문태식','010-4242-2845',73500,1,1,492,NULL,NULL);
INSERT INTO `reservation_info` (`reservation_info_id`,`extra_requirement`,`people`,`reservation_name`,`reservation_phone`,`total_amount`,`member_id`,`restaurant_id`,`restaurant_ava_time_id`,`imp_uid`,`merchant_uid`) VALUES (395,'오이 빼주세요',4,'문태식','010-4242-2845',30000,1,1,493,NULL,NULL);
INSERT INTO `reservation_info` (`reservation_info_id`,`extra_requirement`,`people`,`reservation_name`,`reservation_phone`,`total_amount`,`member_id`,`restaurant_id`,`restaurant_ava_time_id`,`imp_uid`,`merchant_uid`) VALUES (396,'오이 빼주세요',5,'문태식','010-4242-2845',73500,1,1,494,NULL,NULL);
INSERT INTO `reservation_info` (`reservation_info_id`,`extra_requirement`,`people`,`reservation_name`,`reservation_phone`,`total_amount`,`member_id`,`restaurant_id`,`restaurant_ava_time_id`,`imp_uid`,`merchant_uid`) VALUES (397,'오이 빼주세요',4,'문태식','010-4242-2845',30000,1,1,495,NULL,NULL);
INSERT INTO `reservation_info` (`reservation_info_id`,`extra_requirement`,`people`,`reservation_name`,`reservation_phone`,`total_amount`,`member_id`,`restaurant_id`,`restaurant_ava_time_id`,`imp_uid`,`merchant_uid`) VALUES (398,'오이 빼주세요',5,'문태식','010-4242-2845',73500,1,1,496,NULL,NULL);
INSERT INTO `reservation_info` (`reservation_info_id`,`extra_requirement`,`people`,`reservation_name`,`reservation_phone`,`total_amount`,`member_id`,`restaurant_id`,`restaurant_ava_time_id`,`imp_uid`,`merchant_uid`) VALUES (399,'오이 빼주세요',4,'문태식','010-4242-2845',30000,1,1,497,NULL,NULL);
INSERT INTO `reservation_info` (`reservation_info_id`,`extra_requirement`,`people`,`reservation_name`,`reservation_phone`,`total_amount`,`member_id`,`restaurant_id`,`restaurant_ava_time_id`,`imp_uid`,`merchant_uid`) VALUES (400,'오이 빼주세요',5,'문태식','010-4242-2845',73500,1,1,498,NULL,NULL);
INSERT INTO `reservation_info` (`reservation_info_id`,`extra_requirement`,`people`,`reservation_name`,`reservation_phone`,`total_amount`,`member_id`,`restaurant_id`,`restaurant_ava_time_id`,`imp_uid`,`merchant_uid`) VALUES (401,'오이 빼주세요',4,'문태식','010-4242-2845',30000,1,1,499,NULL,NULL);
INSERT INTO `reservation_info` (`reservation_info_id`,`extra_requirement`,`people`,`reservation_name`,`reservation_phone`,`total_amount`,`member_id`,`restaurant_id`,`restaurant_ava_time_id`,`imp_uid`,`merchant_uid`) VALUES (402,'오이 빼주세요',5,'문태식','010-4242-2845',73500,1,1,500,NULL,NULL);
INSERT INTO `reservation_info` (`reservation_info_id`,`extra_requirement`,`people`,`reservation_name`,`reservation_phone`,`total_amount`,`member_id`,`restaurant_id`,`restaurant_ava_time_id`,`imp_uid`,`merchant_uid`) VALUES (403,'오이 빼주세요',4,'문태식','010-4242-2845',30000,1,1,501,NULL,NULL);
INSERT INTO `reservation_info` (`reservation_info_id`,`extra_requirement`,`people`,`reservation_name`,`reservation_phone`,`total_amount`,`member_id`,`restaurant_id`,`restaurant_ava_time_id`,`imp_uid`,`merchant_uid`) VALUES (404,'오이 빼주세요',5,'문태식','010-4242-2845',73500,1,1,502,NULL,NULL);
INSERT INTO `reservation_info` (`reservation_info_id`,`extra_requirement`,`people`,`reservation_name`,`reservation_phone`,`total_amount`,`member_id`,`restaurant_id`,`restaurant_ava_time_id`,`imp_uid`,`merchant_uid`) VALUES (405,'오이 빼주세요',4,'문태식','010-4242-2845',30000,1,1,503,NULL,NULL);
INSERT INTO `reservation_info` (`reservation_info_id`,`extra_requirement`,`people`,`reservation_name`,`reservation_phone`,`total_amount`,`member_id`,`restaurant_id`,`restaurant_ava_time_id`,`imp_uid`,`merchant_uid`) VALUES (406,'오이 빼주세요',5,'문태식','010-4242-2845',73500,1,1,504,NULL,NULL);
INSERT INTO `reservation_info` (`reservation_info_id`,`extra_requirement`,`people`,`reservation_name`,`reservation_phone`,`total_amount`,`member_id`,`restaurant_id`,`restaurant_ava_time_id`,`imp_uid`,`merchant_uid`) VALUES (407,'오이 빼주세요',4,'문태식','010-4242-2845',30000,1,1,505,NULL,NULL);
INSERT INTO `reservation_info` (`reservation_info_id`,`extra_requirement`,`people`,`reservation_name`,`reservation_phone`,`total_amount`,`member_id`,`restaurant_id`,`restaurant_ava_time_id`,`imp_uid`,`merchant_uid`) VALUES (408,'오이 빼주세요',5,'문태식','010-4242-2845',73500,1,1,506,NULL,NULL);
INSERT INTO `reservation_info` (`reservation_info_id`,`extra_requirement`,`people`,`reservation_name`,`reservation_phone`,`total_amount`,`member_id`,`restaurant_id`,`restaurant_ava_time_id`,`imp_uid`,`merchant_uid`) VALUES (409,'오이 빼주세요',4,'문태식','010-4242-2845',30000,1,1,507,NULL,NULL);
INSERT INTO `reservation_info` (`reservation_info_id`,`extra_requirement`,`people`,`reservation_name`,`reservation_phone`,`total_amount`,`member_id`,`restaurant_id`,`restaurant_ava_time_id`,`imp_uid`,`merchant_uid`) VALUES (410,'오이 빼주세요',5,'문태식','010-4242-2845',73500,1,1,508,NULL,NULL);
INSERT INTO `reservation_info` (`reservation_info_id`,`extra_requirement`,`people`,`reservation_name`,`reservation_phone`,`total_amount`,`member_id`,`restaurant_id`,`restaurant_ava_time_id`,`imp_uid`,`merchant_uid`) VALUES (411,'오이 빼주세요',4,'문태식','010-4242-2845',30000,1,1,509,NULL,NULL);
INSERT INTO `reservation_info` (`reservation_info_id`,`extra_requirement`,`people`,`reservation_name`,`reservation_phone`,`total_amount`,`member_id`,`restaurant_id`,`restaurant_ava_time_id`,`imp_uid`,`merchant_uid`) VALUES (412,'오이 빼주세요',5,'문태식','010-4242-2845',73500,1,1,510,NULL,NULL);
INSERT INTO `reservation_info` (`reservation_info_id`,`extra_requirement`,`people`,`reservation_name`,`reservation_phone`,`total_amount`,`member_id`,`restaurant_id`,`restaurant_ava_time_id`,`imp_uid`,`merchant_uid`) VALUES (413,'오이 빼주세요',4,'문태식','010-4242-2845',30000,1,1,511,NULL,NULL);
INSERT INTO `reservation_info` (`reservation_info_id`,`extra_requirement`,`people`,`reservation_name`,`reservation_phone`,`total_amount`,`member_id`,`restaurant_id`,`restaurant_ava_time_id`,`imp_uid`,`merchant_uid`) VALUES (414,'오이 빼주세요',5,'문태식','010-4242-2845',73500,1,1,512,NULL,NULL);
INSERT INTO `reservation_info` (`reservation_info_id`,`extra_requirement`,`people`,`reservation_name`,`reservation_phone`,`total_amount`,`member_id`,`restaurant_id`,`restaurant_ava_time_id`,`imp_uid`,`merchant_uid`) VALUES (415,'오이 빼주세요',4,'문태식','010-4242-2845',30000,1,1,513,NULL,NULL);
INSERT INTO `reservation_info` (`reservation_info_id`,`extra_requirement`,`people`,`reservation_name`,`reservation_phone`,`total_amount`,`member_id`,`restaurant_id`,`restaurant_ava_time_id`,`imp_uid`,`merchant_uid`) VALUES (416,'오이 빼주세요',5,'문태식','010-4242-2845',73500,1,1,514,NULL,NULL);
INSERT INTO `reservation_info` (`reservation_info_id`,`extra_requirement`,`people`,`reservation_name`,`reservation_phone`,`total_amount`,`member_id`,`restaurant_id`,`restaurant_ava_time_id`,`imp_uid`,`merchant_uid`) VALUES (417,'오이 빼주세요',4,'문태식','010-4242-2845',30000,1,1,515,NULL,NULL);
INSERT INTO `reservation_info` (`reservation_info_id`,`extra_requirement`,`people`,`reservation_name`,`reservation_phone`,`total_amount`,`member_id`,`restaurant_id`,`restaurant_ava_time_id`,`imp_uid`,`merchant_uid`) VALUES (418,'오이 빼주세요',5,'문태식','010-4242-2845',73500,1,1,516,NULL,NULL);
INSERT INTO `reservation_info` (`reservation_info_id`,`extra_requirement`,`people`,`reservation_name`,`reservation_phone`,`total_amount`,`member_id`,`restaurant_id`,`restaurant_ava_time_id`,`imp_uid`,`merchant_uid`) VALUES (419,'오이 빼주세요',4,'문태식','010-4242-2845',30000,1,1,517,NULL,NULL);
INSERT INTO `reservation_info` (`reservation_info_id`,`extra_requirement`,`people`,`reservation_name`,`reservation_phone`,`total_amount`,`member_id`,`restaurant_id`,`restaurant_ava_time_id`,`imp_uid`,`merchant_uid`) VALUES (420,'오이 빼주세요',5,'문태식','010-4242-2845',73500,1,1,518,NULL,NULL);
INSERT INTO `reservation_info` (`reservation_info_id`,`extra_requirement`,`people`,`reservation_name`,`reservation_phone`,`total_amount`,`member_id`,`restaurant_id`,`restaurant_ava_time_id`,`imp_uid`,`merchant_uid`) VALUES (421,'오이 빼주세요',4,'문태식','010-4242-2845',30000,1,1,519,NULL,NULL);
INSERT INTO `reservation_info` (`reservation_info_id`,`extra_requirement`,`people`,`reservation_name`,`reservation_phone`,`total_amount`,`member_id`,`restaurant_id`,`restaurant_ava_time_id`,`imp_uid`,`merchant_uid`) VALUES (422,'오이 빼주세요',5,'문태식','010-4242-2845',73500,1,1,520,NULL,NULL);
INSERT INTO `reservation_info` (`reservation_info_id`,`extra_requirement`,`people`,`reservation_name`,`reservation_phone`,`total_amount`,`member_id`,`restaurant_id`,`restaurant_ava_time_id`,`imp_uid`,`merchant_uid`) VALUES (423,'오이 빼주세요',4,'문태식','010-4242-2845',30000,1,1,521,NULL,NULL);
INSERT INTO `reservation_info` (`reservation_info_id`,`extra_requirement`,`people`,`reservation_name`,`reservation_phone`,`total_amount`,`member_id`,`restaurant_id`,`restaurant_ava_time_id`,`imp_uid`,`merchant_uid`) VALUES (424,'오이 빼주세요',5,'문태식','010-4242-2845',73500,1,1,522,NULL,NULL);
INSERT INTO `reservation_info` (`reservation_info_id`,`extra_requirement`,`people`,`reservation_name`,`reservation_phone`,`total_amount`,`member_id`,`restaurant_id`,`restaurant_ava_time_id`,`imp_uid`,`merchant_uid`) VALUES (425,'오이 빼주세요',4,'문태식','010-4242-2845',30000,1,1,523,NULL,NULL);
INSERT INTO `reservation_info` (`reservation_info_id`,`extra_requirement`,`people`,`reservation_name`,`reservation_phone`,`total_amount`,`member_id`,`restaurant_id`,`restaurant_ava_time_id`,`imp_uid`,`merchant_uid`) VALUES (426,'오이 빼주세요',5,'문태식','010-4242-2845',73500,1,1,524,NULL,NULL);
INSERT INTO `reservation_info` (`reservation_info_id`,`extra_requirement`,`people`,`reservation_name`,`reservation_phone`,`total_amount`,`member_id`,`restaurant_id`,`restaurant_ava_time_id`,`imp_uid`,`merchant_uid`) VALUES (427,'오이 빼주세요',4,'문태식','010-4242-2845',30000,1,1,525,NULL,NULL);
INSERT INTO `reservation_info` (`reservation_info_id`,`extra_requirement`,`people`,`reservation_name`,`reservation_phone`,`total_amount`,`member_id`,`restaurant_id`,`restaurant_ava_time_id`,`imp_uid`,`merchant_uid`) VALUES (428,'오이 빼주세요',5,'문태식','010-4242-2845',73500,1,1,526,NULL,NULL);
INSERT INTO `reservation_info` (`reservation_info_id`,`extra_requirement`,`people`,`reservation_name`,`reservation_phone`,`total_amount`,`member_id`,`restaurant_id`,`restaurant_ava_time_id`,`imp_uid`,`merchant_uid`) VALUES (429,'오이 빼주세요',4,'문태식','010-4242-2845',30000,1,1,527,NULL,NULL);
INSERT INTO `reservation_info` (`reservation_info_id`,`extra_requirement`,`people`,`reservation_name`,`reservation_phone`,`total_amount`,`member_id`,`restaurant_id`,`restaurant_ava_time_id`,`imp_uid`,`merchant_uid`) VALUES (430,'오이 빼주세요',5,'문태식','010-4242-2845',73500,1,1,528,NULL,NULL);
INSERT INTO `reservation_info` (`reservation_info_id`,`extra_requirement`,`people`,`reservation_name`,`reservation_phone`,`total_amount`,`member_id`,`restaurant_id`,`restaurant_ava_time_id`,`imp_uid`,`merchant_uid`) VALUES (431,'오이 빼주세요',4,'문태식','010-4242-2845',30000,1,1,529,NULL,NULL);
INSERT INTO `reservation_info` (`reservation_info_id`,`extra_requirement`,`people`,`reservation_name`,`reservation_phone`,`total_amount`,`member_id`,`restaurant_id`,`restaurant_ava_time_id`,`imp_uid`,`merchant_uid`) VALUES (432,'오이 빼주세요',5,'문태식','010-4242-2845',73500,1,1,530,NULL,NULL);
INSERT INTO `reservation_info` (`reservation_info_id`,`extra_requirement`,`people`,`reservation_name`,`reservation_phone`,`total_amount`,`member_id`,`restaurant_id`,`restaurant_ava_time_id`,`imp_uid`,`merchant_uid`) VALUES (433,'오이 빼주세요',4,'문태식','010-4242-2845',30000,1,1,531,NULL,NULL);
INSERT INTO `reservation_info` (`reservation_info_id`,`extra_requirement`,`people`,`reservation_name`,`reservation_phone`,`total_amount`,`member_id`,`restaurant_id`,`restaurant_ava_time_id`,`imp_uid`,`merchant_uid`) VALUES (434,'오이 빼주세요',5,'문태식','010-4242-2845',73500,1,1,532,NULL,NULL);
INSERT INTO `reservation_info` (`reservation_info_id`,`extra_requirement`,`people`,`reservation_name`,`reservation_phone`,`total_amount`,`member_id`,`restaurant_id`,`restaurant_ava_time_id`,`imp_uid`,`merchant_uid`) VALUES (435,'오이 빼주세요',4,'문태식','010-4242-2845',30000,1,1,533,NULL,NULL);
INSERT INTO `reservation_info` (`reservation_info_id`,`extra_requirement`,`people`,`reservation_name`,`reservation_phone`,`total_amount`,`member_id`,`restaurant_id`,`restaurant_ava_time_id`,`imp_uid`,`merchant_uid`) VALUES (436,'오이 빼주세요',5,'문태식','010-4242-2845',73500,1,1,534,NULL,NULL);
INSERT INTO `reservation_info` (`reservation_info_id`,`extra_requirement`,`people`,`reservation_name`,`reservation_phone`,`total_amount`,`member_id`,`restaurant_id`,`restaurant_ava_time_id`,`imp_uid`,`merchant_uid`) VALUES (437,'오이 빼주세요',4,'문태식','010-4242-2845',30000,1,1,535,NULL,NULL);
INSERT INTO `reservation_info` (`reservation_info_id`,`extra_requirement`,`people`,`reservation_name`,`reservation_phone`,`total_amount`,`member_id`,`restaurant_id`,`restaurant_ava_time_id`,`imp_uid`,`merchant_uid`) VALUES (438,'오이 빼주세요',5,'문태식','010-4242-2845',73500,1,1,536,NULL,NULL);
INSERT INTO `reservation_info` (`reservation_info_id`,`extra_requirement`,`people`,`reservation_name`,`reservation_phone`,`total_amount`,`member_id`,`restaurant_id`,`restaurant_ava_time_id`,`imp_uid`,`merchant_uid`) VALUES (439,'오이 빼주세요',4,'문태식','010-4242-2845',30000,1,1,537,NULL,NULL);
INSERT INTO `reservation_info` (`reservation_info_id`,`extra_requirement`,`people`,`reservation_name`,`reservation_phone`,`total_amount`,`member_id`,`restaurant_id`,`restaurant_ava_time_id`,`imp_uid`,`merchant_uid`) VALUES (440,'오이 빼주세요',5,'문태식','010-4242-2845',73500,1,1,538,NULL,NULL);
INSERT INTO `reservation_info` (`reservation_info_id`,`extra_requirement`,`people`,`reservation_name`,`reservation_phone`,`total_amount`,`member_id`,`restaurant_id`,`restaurant_ava_time_id`,`imp_uid`,`merchant_uid`) VALUES (441,'오이 빼주세요',4,'문태식','010-4242-2845',30000,1,1,539,NULL,NULL);
INSERT INTO `reservation_info` (`reservation_info_id`,`extra_requirement`,`people`,`reservation_name`,`reservation_phone`,`total_amount`,`member_id`,`restaurant_id`,`restaurant_ava_time_id`,`imp_uid`,`merchant_uid`) VALUES (442,'오이 빼주세요',5,'문태식','010-4242-2845',73500,1,1,540,NULL,NULL);
INSERT INTO `reservation_info` (`reservation_info_id`,`extra_requirement`,`people`,`reservation_name`,`reservation_phone`,`total_amount`,`member_id`,`restaurant_id`,`restaurant_ava_time_id`,`imp_uid`,`merchant_uid`) VALUES (443,'오이 빼주세요',4,'문태식','010-4242-2845',30000,1,1,541,NULL,NULL);
INSERT INTO `reservation_info` (`reservation_info_id`,`extra_requirement`,`people`,`reservation_name`,`reservation_phone`,`total_amount`,`member_id`,`restaurant_id`,`restaurant_ava_time_id`,`imp_uid`,`merchant_uid`) VALUES (444,'오이 빼주세요',5,'문태식','010-4242-2845',73500,1,1,542,NULL,NULL);
INSERT INTO `reservation_info` (`reservation_info_id`,`extra_requirement`,`people`,`reservation_name`,`reservation_phone`,`total_amount`,`member_id`,`restaurant_id`,`restaurant_ava_time_id`,`imp_uid`,`merchant_uid`) VALUES (445,'오이 빼주세요',4,'문태식','010-4242-2845',30000,1,1,543,NULL,NULL);
INSERT INTO `reservation_info` (`reservation_info_id`,`extra_requirement`,`people`,`reservation_name`,`reservation_phone`,`total_amount`,`member_id`,`restaurant_id`,`restaurant_ava_time_id`,`imp_uid`,`merchant_uid`) VALUES (446,'오이 빼주세요',5,'문태식','010-4242-2845',73500,1,1,544,NULL,NULL);
INSERT INTO `reservation_info` (`reservation_info_id`,`extra_requirement`,`people`,`reservation_name`,`reservation_phone`,`total_amount`,`member_id`,`restaurant_id`,`restaurant_ava_time_id`,`imp_uid`,`merchant_uid`) VALUES (447,'오이 빼주세요',4,'문태식','010-4242-2845',30000,1,1,545,NULL,NULL);
INSERT INTO `reservation_info` (`reservation_info_id`,`extra_requirement`,`people`,`reservation_name`,`reservation_phone`,`total_amount`,`member_id`,`restaurant_id`,`restaurant_ava_time_id`,`imp_uid`,`merchant_uid`) VALUES (448,'오이 빼주세요',5,'문태식','010-4242-2845',73500,1,1,546,NULL,NULL);
INSERT INTO `reservation_info` (`reservation_info_id`,`extra_requirement`,`people`,`reservation_name`,`reservation_phone`,`total_amount`,`member_id`,`restaurant_id`,`restaurant_ava_time_id`,`imp_uid`,`merchant_uid`) VALUES (449,'오이 빼주세요',4,'문태식','010-4242-2845',30000,1,1,547,NULL,NULL);
INSERT INTO `reservation_info` (`reservation_info_id`,`extra_requirement`,`people`,`reservation_name`,`reservation_phone`,`total_amount`,`member_id`,`restaurant_id`,`restaurant_ava_time_id`,`imp_uid`,`merchant_uid`) VALUES (450,'오이 빼주세요',5,'문태식','010-4242-2845',73500,1,1,548,NULL,NULL);
INSERT INTO `reservation_info` (`reservation_info_id`,`extra_requirement`,`people`,`reservation_name`,`reservation_phone`,`total_amount`,`member_id`,`restaurant_id`,`restaurant_ava_time_id`,`imp_uid`,`merchant_uid`) VALUES (451,'오이 빼주세요',4,'문태식','010-4242-2845',30000,1,1,549,NULL,NULL);
INSERT INTO `reservation_info` (`reservation_info_id`,`extra_requirement`,`people`,`reservation_name`,`reservation_phone`,`total_amount`,`member_id`,`restaurant_id`,`restaurant_ava_time_id`,`imp_uid`,`merchant_uid`) VALUES (452,'오이 빼주세요',5,'문태식','010-4242-2845',73500,1,1,550,NULL,NULL);
INSERT INTO `reservation_info` (`reservation_info_id`,`extra_requirement`,`people`,`reservation_name`,`reservation_phone`,`total_amount`,`member_id`,`restaurant_id`,`restaurant_ava_time_id`,`imp_uid`,`merchant_uid`) VALUES (453,'오이 빼주세요',4,'문태식','010-4242-2845',30000,1,1,551,NULL,NULL);
INSERT INTO `reservation_info` (`reservation_info_id`,`extra_requirement`,`people`,`reservation_name`,`reservation_phone`,`total_amount`,`member_id`,`restaurant_id`,`restaurant_ava_time_id`,`imp_uid`,`merchant_uid`) VALUES (454,'오이 빼주세요',5,'문태식','010-4242-2845',73500,1,1,552,NULL,NULL);
INSERT INTO `reservation_info` (`reservation_info_id`,`extra_requirement`,`people`,`reservation_name`,`reservation_phone`,`total_amount`,`member_id`,`restaurant_id`,`restaurant_ava_time_id`,`imp_uid`,`merchant_uid`) VALUES (455,'오이 빼주세요',4,'문태식','010-4242-2845',30000,1,1,553,NULL,NULL);
INSERT INTO `reservation_info` (`reservation_info_id`,`extra_requirement`,`people`,`reservation_name`,`reservation_phone`,`total_amount`,`member_id`,`restaurant_id`,`restaurant_ava_time_id`,`imp_uid`,`merchant_uid`) VALUES (456,'오이 빼주세요',5,'문태식','010-4242-2845',73500,1,1,554,NULL,NULL);
INSERT INTO `reservation_info` (`reservation_info_id`,`extra_requirement`,`people`,`reservation_name`,`reservation_phone`,`total_amount`,`member_id`,`restaurant_id`,`restaurant_ava_time_id`,`imp_uid`,`merchant_uid`) VALUES (457,'오이 빼주세요',4,'문태식','010-4242-2845',30000,1,1,555,NULL,NULL);
INSERT INTO `reservation_info` (`reservation_info_id`,`extra_requirement`,`people`,`reservation_name`,`reservation_phone`,`total_amount`,`member_id`,`restaurant_id`,`restaurant_ava_time_id`,`imp_uid`,`merchant_uid`) VALUES (458,'오이 빼주세요',5,'문태식','010-4242-2845',73500,1,1,556,NULL,NULL);
INSERT INTO `reservation_info` (`reservation_info_id`,`extra_requirement`,`people`,`reservation_name`,`reservation_phone`,`total_amount`,`member_id`,`restaurant_id`,`restaurant_ava_time_id`,`imp_uid`,`merchant_uid`) VALUES (459,'오이 빼주세요',4,'문태식','010-4242-2845',30000,1,1,557,NULL,NULL);
INSERT INTO `reservation_info` (`reservation_info_id`,`extra_requirement`,`people`,`reservation_name`,`reservation_phone`,`total_amount`,`member_id`,`restaurant_id`,`restaurant_ava_time_id`,`imp_uid`,`merchant_uid`) VALUES (460,'오이 빼주세요',5,'문태식','010-4242-2845',73500,1,1,558,NULL,NULL);
INSERT INTO `reservation_info` (`reservation_info_id`,`extra_requirement`,`people`,`reservation_name`,`reservation_phone`,`total_amount`,`member_id`,`restaurant_id`,`restaurant_ava_time_id`,`imp_uid`,`merchant_uid`) VALUES (461,'오이 빼주세요',4,'문태식','010-4242-2845',30000,1,1,559,NULL,NULL);
INSERT INTO `reservation_info` (`reservation_info_id`,`extra_requirement`,`people`,`reservation_name`,`reservation_phone`,`total_amount`,`member_id`,`restaurant_id`,`restaurant_ava_time_id`,`imp_uid`,`merchant_uid`) VALUES (462,'오이 빼주세요',5,'문태식','010-4242-2845',73500,1,1,560,NULL,NULL);
INSERT INTO `reservation_info` (`reservation_info_id`,`extra_requirement`,`people`,`reservation_name`,`reservation_phone`,`total_amount`,`member_id`,`restaurant_id`,`restaurant_ava_time_id`,`imp_uid`,`merchant_uid`) VALUES (463,'오이 빼주세요',4,'문태식','010-4242-2845',30000,1,1,561,NULL,NULL);
INSERT INTO `reservation_info` (`reservation_info_id`,`extra_requirement`,`people`,`reservation_name`,`reservation_phone`,`total_amount`,`member_id`,`restaurant_id`,`restaurant_ava_time_id`,`imp_uid`,`merchant_uid`) VALUES (464,'오이 빼주세요',5,'문태식','010-4242-2845',73500,1,1,562,NULL,NULL);
INSERT INTO `reservation_info` (`reservation_info_id`,`extra_requirement`,`people`,`reservation_name`,`reservation_phone`,`total_amount`,`member_id`,`restaurant_id`,`restaurant_ava_time_id`,`imp_uid`,`merchant_uid`) VALUES (465,'오이 빼주세요',4,'문태식','010-4242-2845',30000,1,1,563,NULL,NULL);
INSERT INTO `reservation_info` (`reservation_info_id`,`extra_requirement`,`people`,`reservation_name`,`reservation_phone`,`total_amount`,`member_id`,`restaurant_id`,`restaurant_ava_time_id`,`imp_uid`,`merchant_uid`) VALUES (466,'오이 빼주세요',5,'문태식','010-4242-2845',73500,1,1,564,NULL,NULL);
INSERT INTO `reservation_info` (`reservation_info_id`,`extra_requirement`,`people`,`reservation_name`,`reservation_phone`,`total_amount`,`member_id`,`restaurant_id`,`restaurant_ava_time_id`,`imp_uid`,`merchant_uid`) VALUES (467,'오이 빼주세요',4,'문태식','010-4242-2845',30000,1,1,565,NULL,NULL);
INSERT INTO `reservation_info` (`reservation_info_id`,`extra_requirement`,`people`,`reservation_name`,`reservation_phone`,`total_amount`,`member_id`,`restaurant_id`,`restaurant_ava_time_id`,`imp_uid`,`merchant_uid`) VALUES (468,'오이 빼주세요',5,'문태식','010-4242-2845',73500,1,1,566,NULL,NULL);
INSERT INTO `reservation_info` (`reservation_info_id`,`extra_requirement`,`people`,`reservation_name`,`reservation_phone`,`total_amount`,`member_id`,`restaurant_id`,`restaurant_ava_time_id`,`imp_uid`,`merchant_uid`) VALUES (469,'오이 빼주세요',4,'문태식','010-4242-2845',30000,1,1,567,NULL,NULL);
INSERT INTO `reservation_info` (`reservation_info_id`,`extra_requirement`,`people`,`reservation_name`,`reservation_phone`,`total_amount`,`member_id`,`restaurant_id`,`restaurant_ava_time_id`,`imp_uid`,`merchant_uid`) VALUES (470,'오이 빼주세요',5,'문태식','010-4242-2845',73500,1,1,568,NULL,NULL);
INSERT INTO `reservation_info` (`reservation_info_id`,`extra_requirement`,`people`,`reservation_name`,`reservation_phone`,`total_amount`,`member_id`,`restaurant_id`,`restaurant_ava_time_id`,`imp_uid`,`merchant_uid`) VALUES (471,'오이 빼주세요',4,'문태식','010-4242-2845',30000,1,1,569,NULL,NULL);
INSERT INTO `reservation_info` (`reservation_info_id`,`extra_requirement`,`people`,`reservation_name`,`reservation_phone`,`total_amount`,`member_id`,`restaurant_id`,`restaurant_ava_time_id`,`imp_uid`,`merchant_uid`) VALUES (472,'오이 빼주세요',5,'문태식','010-4242-2845',73500,1,1,570,NULL,NULL);
INSERT INTO `reservation_info` (`reservation_info_id`,`extra_requirement`,`people`,`reservation_name`,`reservation_phone`,`total_amount`,`member_id`,`restaurant_id`,`restaurant_ava_time_id`,`imp_uid`,`merchant_uid`) VALUES (473,'오이 빼주세요',4,'문태식','010-4242-2845',30000,1,1,571,NULL,NULL);
INSERT INTO `reservation_info` (`reservation_info_id`,`extra_requirement`,`people`,`reservation_name`,`reservation_phone`,`total_amount`,`member_id`,`restaurant_id`,`restaurant_ava_time_id`,`imp_uid`,`merchant_uid`) VALUES (474,'오이 빼주세요',5,'문태식','010-4242-2845',73500,1,1,572,NULL,NULL);
INSERT INTO `reservation_info` (`reservation_info_id`,`extra_requirement`,`people`,`reservation_name`,`reservation_phone`,`total_amount`,`member_id`,`restaurant_id`,`restaurant_ava_time_id`,`imp_uid`,`merchant_uid`) VALUES (475,'오이 빼주세요',4,'문태식','010-4242-2845',30000,1,1,573,NULL,NULL);
INSERT INTO `reservation_info` (`reservation_info_id`,`extra_requirement`,`people`,`reservation_name`,`reservation_phone`,`total_amount`,`member_id`,`restaurant_id`,`restaurant_ava_time_id`,`imp_uid`,`merchant_uid`) VALUES (476,'오이 빼주세요',5,'문태식','010-4242-2845',73500,1,1,574,NULL,NULL);
INSERT INTO `reservation_info` (`reservation_info_id`,`extra_requirement`,`people`,`reservation_name`,`reservation_phone`,`total_amount`,`member_id`,`restaurant_id`,`restaurant_ava_time_id`,`imp_uid`,`merchant_uid`) VALUES (477,'오이 빼주세요',4,'문태식','010-4242-2845',30000,1,1,575,NULL,NULL);
INSERT INTO `reservation_info` (`reservation_info_id`,`extra_requirement`,`people`,`reservation_name`,`reservation_phone`,`total_amount`,`member_id`,`restaurant_id`,`restaurant_ava_time_id`,`imp_uid`,`merchant_uid`) VALUES (478,'오이 빼주세요',5,'문태식','010-4242-2845',73500,1,1,576,NULL,NULL);
INSERT INTO `reservation_info` (`reservation_info_id`,`extra_requirement`,`people`,`reservation_name`,`reservation_phone`,`total_amount`,`member_id`,`restaurant_id`,`restaurant_ava_time_id`,`imp_uid`,`merchant_uid`) VALUES (479,'오이 빼주세요',4,'문태식','010-4242-2845',30000,1,1,577,NULL,NULL);
INSERT INTO `reservation_info` (`reservation_info_id`,`extra_requirement`,`people`,`reservation_name`,`reservation_phone`,`total_amount`,`member_id`,`restaurant_id`,`restaurant_ava_time_id`,`imp_uid`,`merchant_uid`) VALUES (480,'오이 빼주세요',5,'문태식','010-4242-2845',73500,1,1,578,NULL,NULL);
INSERT INTO `reservation_info` (`reservation_info_id`,`extra_requirement`,`people`,`reservation_name`,`reservation_phone`,`total_amount`,`member_id`,`restaurant_id`,`restaurant_ava_time_id`,`imp_uid`,`merchant_uid`) VALUES (481,'오이 빼주세요',4,'문태식','010-4242-2845',30000,1,1,579,NULL,NULL);
INSERT INTO `reservation_info` (`reservation_info_id`,`extra_requirement`,`people`,`reservation_name`,`reservation_phone`,`total_amount`,`member_id`,`restaurant_id`,`restaurant_ava_time_id`,`imp_uid`,`merchant_uid`) VALUES (482,'오이 빼주세요',5,'문태식','010-4242-2845',73500,1,1,580,NULL,NULL);
INSERT INTO `reservation_info` (`reservation_info_id`,`extra_requirement`,`people`,`reservation_name`,`reservation_phone`,`total_amount`,`member_id`,`restaurant_id`,`restaurant_ava_time_id`,`imp_uid`,`merchant_uid`) VALUES (483,'오이 빼주세요',4,'문태식','010-4242-2845',30000,1,1,581,NULL,NULL);
INSERT INTO `reservation_info` (`reservation_info_id`,`extra_requirement`,`people`,`reservation_name`,`reservation_phone`,`total_amount`,`member_id`,`restaurant_id`,`restaurant_ava_time_id`,`imp_uid`,`merchant_uid`) VALUES (484,'오이 빼주세요',5,'문태식','010-4242-2845',73500,1,1,582,NULL,NULL);
INSERT INTO `reservation_info` (`reservation_info_id`,`extra_requirement`,`people`,`reservation_name`,`reservation_phone`,`total_amount`,`member_id`,`restaurant_id`,`restaurant_ava_time_id`,`imp_uid`,`merchant_uid`) VALUES (485,'오이 빼주세요',4,'문태식','010-4242-2845',30000,1,1,583,NULL,NULL);
INSERT INTO `reservation_info` (`reservation_info_id`,`extra_requirement`,`people`,`reservation_name`,`reservation_phone`,`total_amount`,`member_id`,`restaurant_id`,`restaurant_ava_time_id`,`imp_uid`,`merchant_uid`) VALUES (486,'오이 빼주세요',5,'문태식','010-4242-2845',73500,1,1,584,NULL,NULL);
INSERT INTO `reservation_info` (`reservation_info_id`,`extra_requirement`,`people`,`reservation_name`,`reservation_phone`,`total_amount`,`member_id`,`restaurant_id`,`restaurant_ava_time_id`,`imp_uid`,`merchant_uid`) VALUES (487,'오이 빼주세요',4,'문태식','010-4242-2845',30000,1,1,585,NULL,NULL);
INSERT INTO `reservation_info` (`reservation_info_id`,`extra_requirement`,`people`,`reservation_name`,`reservation_phone`,`total_amount`,`member_id`,`restaurant_id`,`restaurant_ava_time_id`,`imp_uid`,`merchant_uid`) VALUES (488,'오이 빼주세요',5,'문태식','010-4242-2845',73500,1,1,586,NULL,NULL);
INSERT INTO `reservation_info` (`reservation_info_id`,`extra_requirement`,`people`,`reservation_name`,`reservation_phone`,`total_amount`,`member_id`,`restaurant_id`,`restaurant_ava_time_id`,`imp_uid`,`merchant_uid`) VALUES (489,'오이 빼주세요',4,'문태식','010-4242-2845',30000,1,1,587,NULL,NULL);
INSERT INTO `reservation_info` (`reservation_info_id`,`extra_requirement`,`people`,`reservation_name`,`reservation_phone`,`total_amount`,`member_id`,`restaurant_id`,`restaurant_ava_time_id`,`imp_uid`,`merchant_uid`) VALUES (490,'오이 빼주세요',5,'문태식','010-4242-2845',73500,1,1,588,NULL,NULL);
INSERT INTO `reservation_info` (`reservation_info_id`,`extra_requirement`,`people`,`reservation_name`,`reservation_phone`,`total_amount`,`member_id`,`restaurant_id`,`restaurant_ava_time_id`,`imp_uid`,`merchant_uid`) VALUES (491,'오이 빼주세요',4,'문태식','010-4242-2845',30000,1,1,589,NULL,NULL);
INSERT INTO `reservation_info` (`reservation_info_id`,`extra_requirement`,`people`,`reservation_name`,`reservation_phone`,`total_amount`,`member_id`,`restaurant_id`,`restaurant_ava_time_id`,`imp_uid`,`merchant_uid`) VALUES (492,'오이 빼주세요',5,'문태식','010-4242-2845',73500,1,1,590,NULL,NULL);
INSERT INTO `reservation_info` (`reservation_info_id`,`extra_requirement`,`people`,`reservation_name`,`reservation_phone`,`total_amount`,`member_id`,`restaurant_id`,`restaurant_ava_time_id`,`imp_uid`,`merchant_uid`) VALUES (493,'오이 빼주세요',4,'문태식','010-4242-2845',30000,1,1,591,NULL,NULL);
INSERT INTO `reservation_info` (`reservation_info_id`,`extra_requirement`,`people`,`reservation_name`,`reservation_phone`,`total_amount`,`member_id`,`restaurant_id`,`restaurant_ava_time_id`,`imp_uid`,`merchant_uid`) VALUES (494,'오이 빼주세요',5,'문태식','010-4242-2845',73500,1,1,592,NULL,NULL);
INSERT INTO `reservation_info` (`reservation_info_id`,`extra_requirement`,`people`,`reservation_name`,`reservation_phone`,`total_amount`,`member_id`,`restaurant_id`,`restaurant_ava_time_id`,`imp_uid`,`merchant_uid`) VALUES (495,'오이 빼주세요',4,'문태식','010-4242-2845',30000,1,1,593,NULL,NULL);
INSERT INTO `reservation_info` (`reservation_info_id`,`extra_requirement`,`people`,`reservation_name`,`reservation_phone`,`total_amount`,`member_id`,`restaurant_id`,`restaurant_ava_time_id`,`imp_uid`,`merchant_uid`) VALUES (496,'오이 빼주세요',5,'문태식','010-4242-2845',73500,1,1,594,NULL,NULL);
INSERT INTO `reservation_info` (`reservation_info_id`,`extra_requirement`,`people`,`reservation_name`,`reservation_phone`,`total_amount`,`member_id`,`restaurant_id`,`restaurant_ava_time_id`,`imp_uid`,`merchant_uid`) VALUES (497,'오이 빼주세요',4,'문태식','010-4242-2845',30000,1,1,595,NULL,NULL);
INSERT INTO `reservation_info` (`reservation_info_id`,`extra_requirement`,`people`,`reservation_name`,`reservation_phone`,`total_amount`,`member_id`,`restaurant_id`,`restaurant_ava_time_id`,`imp_uid`,`merchant_uid`) VALUES (498,'오이 빼주세요',5,'문태식','010-4242-2845',73500,1,1,596,NULL,NULL);
INSERT INTO `reservation_info` (`reservation_info_id`,`extra_requirement`,`people`,`reservation_name`,`reservation_phone`,`total_amount`,`member_id`,`restaurant_id`,`restaurant_ava_time_id`,`imp_uid`,`merchant_uid`) VALUES (499,'오이 빼주세요',4,'문태식','010-4242-2845',30000,1,1,597,NULL,NULL);
INSERT INTO `reservation_info` (`reservation_info_id`,`extra_requirement`,`people`,`reservation_name`,`reservation_phone`,`total_amount`,`member_id`,`restaurant_id`,`restaurant_ava_time_id`,`imp_uid`,`merchant_uid`) VALUES (500,'오이 빼주세요',5,'문태식','010-4242-2845',73500,1,1,598,NULL,NULL);
INSERT INTO `reservation_info` (`reservation_info_id`,`extra_requirement`,`people`,`reservation_name`,`reservation_phone`,`total_amount`,`member_id`,`restaurant_id`,`restaurant_ava_time_id`,`imp_uid`,`merchant_uid`) VALUES (501,'오이 빼주세요',4,'문태식','010-4242-2845',30000,1,1,599,NULL,NULL);
INSERT INTO `reservation_info` (`reservation_info_id`,`extra_requirement`,`people`,`reservation_name`,`reservation_phone`,`total_amount`,`member_id`,`restaurant_id`,`restaurant_ava_time_id`,`imp_uid`,`merchant_uid`) VALUES (502,'오이 빼주세요',5,'문태식','010-4242-2845',73500,1,1,600,NULL,NULL);
INSERT INTO `reservation_info` (`reservation_info_id`,`extra_requirement`,`people`,`reservation_name`,`reservation_phone`,`total_amount`,`member_id`,`restaurant_id`,`restaurant_ava_time_id`,`imp_uid`,`merchant_uid`) VALUES (503,'오이 빼주세요',4,'문태식','010-4242-2845',30000,1,1,601,NULL,NULL);
INSERT INTO `reservation_info` (`reservation_info_id`,`extra_requirement`,`people`,`reservation_name`,`reservation_phone`,`total_amount`,`member_id`,`restaurant_id`,`restaurant_ava_time_id`,`imp_uid`,`merchant_uid`) VALUES (504,'오이 빼주세요',5,'문태식','010-4242-2845',73500,1,1,602,NULL,NULL);
INSERT INTO `reservation_info` (`reservation_info_id`,`extra_requirement`,`people`,`reservation_name`,`reservation_phone`,`total_amount`,`member_id`,`restaurant_id`,`restaurant_ava_time_id`,`imp_uid`,`merchant_uid`) VALUES (505,'오이 빼주세요',4,'문태식','010-4242-2845',30000,1,1,603,NULL,NULL);
INSERT INTO `reservation_info` (`reservation_info_id`,`extra_requirement`,`people`,`reservation_name`,`reservation_phone`,`total_amount`,`member_id`,`restaurant_id`,`restaurant_ava_time_id`,`imp_uid`,`merchant_uid`) VALUES (506,'오이 빼주세요',5,'문태식','010-4242-2845',73500,1,1,604,NULL,NULL);
INSERT INTO `reservation_info` (`reservation_info_id`,`extra_requirement`,`people`,`reservation_name`,`reservation_phone`,`total_amount`,`member_id`,`restaurant_id`,`restaurant_ava_time_id`,`imp_uid`,`merchant_uid`) VALUES (507,'오이 빼주세요',4,'문태식','010-4242-2845',30000,1,1,605,NULL,NULL);
INSERT INTO `reservation_info` (`reservation_info_id`,`extra_requirement`,`people`,`reservation_name`,`reservation_phone`,`total_amount`,`member_id`,`restaurant_id`,`restaurant_ava_time_id`,`imp_uid`,`merchant_uid`) VALUES (508,'오이 빼주세요',5,'문태식','010-4242-2845',73500,1,1,606,NULL,NULL);
INSERT INTO `reservation_info` (`reservation_info_id`,`extra_requirement`,`people`,`reservation_name`,`reservation_phone`,`total_amount`,`member_id`,`restaurant_id`,`restaurant_ava_time_id`,`imp_uid`,`merchant_uid`) VALUES (509,'오이 빼주세요',4,'문태식','010-4242-2845',30000,1,1,607,NULL,NULL);
INSERT INTO `reservation_info` (`reservation_info_id`,`extra_requirement`,`people`,`reservation_name`,`reservation_phone`,`total_amount`,`member_id`,`restaurant_id`,`restaurant_ava_time_id`,`imp_uid`,`merchant_uid`) VALUES (510,'오이 빼주세요',5,'문태식','010-4242-2845',73500,1,1,608,NULL,NULL);
INSERT INTO `reservation_info` (`reservation_info_id`,`extra_requirement`,`people`,`reservation_name`,`reservation_phone`,`total_amount`,`member_id`,`restaurant_id`,`restaurant_ava_time_id`,`imp_uid`,`merchant_uid`) VALUES (511,'오이 빼주세요',4,'문태식','010-4242-2845',30000,1,1,609,NULL,NULL);
INSERT INTO `reservation_info` (`reservation_info_id`,`extra_requirement`,`people`,`reservation_name`,`reservation_phone`,`total_amount`,`member_id`,`restaurant_id`,`restaurant_ava_time_id`,`imp_uid`,`merchant_uid`) VALUES (512,'오이 빼주세요',5,'문태식','010-4242-2845',73500,1,1,610,NULL,NULL);
INSERT INTO `reservation_info` (`reservation_info_id`,`extra_requirement`,`people`,`reservation_name`,`reservation_phone`,`total_amount`,`member_id`,`restaurant_id`,`restaurant_ava_time_id`,`imp_uid`,`merchant_uid`) VALUES (513,'오이 빼주세요',4,'문태식','010-4242-2845',30000,1,1,611,NULL,NULL);
INSERT INTO `reservation_info` (`reservation_info_id`,`extra_requirement`,`people`,`reservation_name`,`reservation_phone`,`total_amount`,`member_id`,`restaurant_id`,`restaurant_ava_time_id`,`imp_uid`,`merchant_uid`) VALUES (514,'오이 빼주세요',5,'문태식','010-4242-2845',73500,1,1,612,NULL,NULL);
INSERT INTO `reservation_info` (`reservation_info_id`,`extra_requirement`,`people`,`reservation_name`,`reservation_phone`,`total_amount`,`member_id`,`restaurant_id`,`restaurant_ava_time_id`,`imp_uid`,`merchant_uid`) VALUES (515,'오이 빼주세요',4,'문태식','010-4242-2845',30000,1,1,613,NULL,NULL);
INSERT INTO `reservation_info` (`reservation_info_id`,`extra_requirement`,`people`,`reservation_name`,`reservation_phone`,`total_amount`,`member_id`,`restaurant_id`,`restaurant_ava_time_id`,`imp_uid`,`merchant_uid`) VALUES (516,'오이 빼주세요',5,'문태식','010-4242-2845',73500,1,1,614,NULL,NULL);
INSERT INTO `reservation_info` (`reservation_info_id`,`extra_requirement`,`people`,`reservation_name`,`reservation_phone`,`total_amount`,`member_id`,`restaurant_id`,`restaurant_ava_time_id`,`imp_uid`,`merchant_uid`) VALUES (517,'오이 빼주세요',4,'문태식','010-4242-2845',30000,1,1,615,NULL,NULL);
INSERT INTO `reservation_info` (`reservation_info_id`,`extra_requirement`,`people`,`reservation_name`,`reservation_phone`,`total_amount`,`member_id`,`restaurant_id`,`restaurant_ava_time_id`,`imp_uid`,`merchant_uid`) VALUES (518,'오이 빼주세요',5,'문태식','010-4242-2845',73500,1,1,616,NULL,NULL);
INSERT INTO `reservation_info` (`reservation_info_id`,`extra_requirement`,`people`,`reservation_name`,`reservation_phone`,`total_amount`,`member_id`,`restaurant_id`,`restaurant_ava_time_id`,`imp_uid`,`merchant_uid`) VALUES (519,'오이 빼주세요',4,'문태식','010-4242-2845',30000,1,1,617,NULL,NULL);
INSERT INTO `reservation_info` (`reservation_info_id`,`extra_requirement`,`people`,`reservation_name`,`reservation_phone`,`total_amount`,`member_id`,`restaurant_id`,`restaurant_ava_time_id`,`imp_uid`,`merchant_uid`) VALUES (520,'오이 빼주세요',5,'문태식','010-4242-2845',73500,1,1,618,NULL,NULL);
INSERT INTO `reservation_info` (`reservation_info_id`,`extra_requirement`,`people`,`reservation_name`,`reservation_phone`,`total_amount`,`member_id`,`restaurant_id`,`restaurant_ava_time_id`,`imp_uid`,`merchant_uid`) VALUES (521,'오이 빼주세요',4,'문태식','010-4242-2845',30000,1,1,619,NULL,NULL);
INSERT INTO `reservation_info` (`reservation_info_id`,`extra_requirement`,`people`,`reservation_name`,`reservation_phone`,`total_amount`,`member_id`,`restaurant_id`,`restaurant_ava_time_id`,`imp_uid`,`merchant_uid`) VALUES (522,'오이 빼주세요',5,'문태식','010-4242-2845',73500,1,1,620,NULL,NULL);
INSERT INTO `reservation_info` (`reservation_info_id`,`extra_requirement`,`people`,`reservation_name`,`reservation_phone`,`total_amount`,`member_id`,`restaurant_id`,`restaurant_ava_time_id`,`imp_uid`,`merchant_uid`) VALUES (523,'오이 빼주세요',4,'문태식','010-4242-2845',30000,1,1,621,NULL,NULL);
INSERT INTO `reservation_info` (`reservation_info_id`,`extra_requirement`,`people`,`reservation_name`,`reservation_phone`,`total_amount`,`member_id`,`restaurant_id`,`restaurant_ava_time_id`,`imp_uid`,`merchant_uid`) VALUES (524,'오이 빼주세요',5,'문태식','010-4242-2845',73500,1,1,622,NULL,NULL);
INSERT INTO `reservation_info` (`reservation_info_id`,`extra_requirement`,`people`,`reservation_name`,`reservation_phone`,`total_amount`,`member_id`,`restaurant_id`,`restaurant_ava_time_id`,`imp_uid`,`merchant_uid`) VALUES (525,'오이 빼주세요',4,'문태식','010-4242-2845',30000,1,1,623,NULL,NULL);
INSERT INTO `reservation_info` (`reservation_info_id`,`extra_requirement`,`people`,`reservation_name`,`reservation_phone`,`total_amount`,`member_id`,`restaurant_id`,`restaurant_ava_time_id`,`imp_uid`,`merchant_uid`) VALUES (526,'오이 빼주세요',5,'문태식','010-4242-2845',73500,1,1,624,NULL,NULL);
INSERT INTO `reservation_info` (`reservation_info_id`,`extra_requirement`,`people`,`reservation_name`,`reservation_phone`,`total_amount`,`member_id`,`restaurant_id`,`restaurant_ava_time_id`,`imp_uid`,`merchant_uid`) VALUES (527,'오이 빼주세요',4,'문태식','010-4242-2845',30000,1,1,625,NULL,NULL);
INSERT INTO `reservation_info` (`reservation_info_id`,`extra_requirement`,`people`,`reservation_name`,`reservation_phone`,`total_amount`,`member_id`,`restaurant_id`,`restaurant_ava_time_id`,`imp_uid`,`merchant_uid`) VALUES (528,'오이 빼주세요',5,'문태식','010-4242-2845',73500,1,1,626,NULL,NULL);
INSERT INTO `reservation_info` (`reservation_info_id`,`extra_requirement`,`people`,`reservation_name`,`reservation_phone`,`total_amount`,`member_id`,`restaurant_id`,`restaurant_ava_time_id`,`imp_uid`,`merchant_uid`) VALUES (529,'오이 빼주세요',4,'문태식','010-4242-2845',30000,1,1,627,NULL,NULL);
INSERT INTO `reservation_info` (`reservation_info_id`,`extra_requirement`,`people`,`reservation_name`,`reservation_phone`,`total_amount`,`member_id`,`restaurant_id`,`restaurant_ava_time_id`,`imp_uid`,`merchant_uid`) VALUES (530,'오이 빼주세요',5,'문태식','010-4242-2845',73500,1,1,628,NULL,NULL);
INSERT INTO `reservation_info` (`reservation_info_id`,`extra_requirement`,`people`,`reservation_name`,`reservation_phone`,`total_amount`,`member_id`,`restaurant_id`,`restaurant_ava_time_id`,`imp_uid`,`merchant_uid`) VALUES (531,'오이 빼주세요',4,'문태식','010-4242-2845',30000,1,1,629,NULL,NULL);
INSERT INTO `reservation_info` (`reservation_info_id`,`extra_requirement`,`people`,`reservation_name`,`reservation_phone`,`total_amount`,`member_id`,`restaurant_id`,`restaurant_ava_time_id`,`imp_uid`,`merchant_uid`) VALUES (532,'오이 빼주세요',5,'문태식','010-4242-2845',73500,1,1,630,NULL,NULL);
INSERT INTO `reservation_info` (`reservation_info_id`,`extra_requirement`,`people`,`reservation_name`,`reservation_phone`,`total_amount`,`member_id`,`restaurant_id`,`restaurant_ava_time_id`,`imp_uid`,`merchant_uid`) VALUES (533,'오이 빼주세요',4,'문태식','010-4242-2845',30000,1,1,631,NULL,NULL);
INSERT INTO `reservation_info` (`reservation_info_id`,`extra_requirement`,`people`,`reservation_name`,`reservation_phone`,`total_amount`,`member_id`,`restaurant_id`,`restaurant_ava_time_id`,`imp_uid`,`merchant_uid`) VALUES (534,'오이 빼주세요',5,'문태식','010-4242-2845',73500,1,1,632,NULL,NULL);
INSERT INTO `reservation_info` (`reservation_info_id`,`extra_requirement`,`people`,`reservation_name`,`reservation_phone`,`total_amount`,`member_id`,`restaurant_id`,`restaurant_ava_time_id`,`imp_uid`,`merchant_uid`) VALUES (535,'오이 빼주세요',4,'문태식','010-4242-2845',30000,1,1,633,NULL,NULL);
INSERT INTO `reservation_info` (`reservation_info_id`,`extra_requirement`,`people`,`reservation_name`,`reservation_phone`,`total_amount`,`member_id`,`restaurant_id`,`restaurant_ava_time_id`,`imp_uid`,`merchant_uid`) VALUES (536,'오이 빼주세요',5,'문태식','010-4242-2845',73500,1,1,634,NULL,NULL);
INSERT INTO `reservation_info` (`reservation_info_id`,`extra_requirement`,`people`,`reservation_name`,`reservation_phone`,`total_amount`,`member_id`,`restaurant_id`,`restaurant_ava_time_id`,`imp_uid`,`merchant_uid`) VALUES (537,'오이 빼주세요',4,'문태식','010-4242-2845',30000,1,1,635,NULL,NULL);
INSERT INTO `reservation_info` (`reservation_info_id`,`extra_requirement`,`people`,`reservation_name`,`reservation_phone`,`total_amount`,`member_id`,`restaurant_id`,`restaurant_ava_time_id`,`imp_uid`,`merchant_uid`) VALUES (538,'오이 빼주세요',5,'문태식','010-4242-2845',73500,1,1,636,NULL,NULL);
INSERT INTO `reservation_info` (`reservation_info_id`,`extra_requirement`,`people`,`reservation_name`,`reservation_phone`,`total_amount`,`member_id`,`restaurant_id`,`restaurant_ava_time_id`,`imp_uid`,`merchant_uid`) VALUES (539,'오이 빼주세요',4,'문태식','010-4242-2845',30000,1,1,637,NULL,NULL);
INSERT INTO `reservation_info` (`reservation_info_id`,`extra_requirement`,`people`,`reservation_name`,`reservation_phone`,`total_amount`,`member_id`,`restaurant_id`,`restaurant_ava_time_id`,`imp_uid`,`merchant_uid`) VALUES (540,'오이 빼주세요',5,'문태식','010-4242-2845',73500,1,1,638,NULL,NULL);
INSERT INTO `reservation_info` (`reservation_info_id`,`extra_requirement`,`people`,`reservation_name`,`reservation_phone`,`total_amount`,`member_id`,`restaurant_id`,`restaurant_ava_time_id`,`imp_uid`,`merchant_uid`) VALUES (541,'오이 빼주세요',4,'문태식','010-4242-2845',30000,1,1,639,NULL,NULL);
INSERT INTO `reservation_info` (`reservation_info_id`,`extra_requirement`,`people`,`reservation_name`,`reservation_phone`,`total_amount`,`member_id`,`restaurant_id`,`restaurant_ava_time_id`,`imp_uid`,`merchant_uid`) VALUES (542,'오이 빼주세요',5,'문태식','010-4242-2845',73500,1,1,640,NULL,NULL);
INSERT INTO `reservation_info` (`reservation_info_id`,`extra_requirement`,`people`,`reservation_name`,`reservation_phone`,`total_amount`,`member_id`,`restaurant_id`,`restaurant_ava_time_id`,`imp_uid`,`merchant_uid`) VALUES (543,'오이 빼주세요',4,'문태식','010-4242-2845',30000,1,1,641,NULL,NULL);
INSERT INTO `reservation_info` (`reservation_info_id`,`extra_requirement`,`people`,`reservation_name`,`reservation_phone`,`total_amount`,`member_id`,`restaurant_id`,`restaurant_ava_time_id`,`imp_uid`,`merchant_uid`) VALUES (544,'오이 빼주세요',5,'문태식','010-4242-2845',73500,1,1,642,NULL,NULL);
INSERT INTO `reservation_info` (`reservation_info_id`,`extra_requirement`,`people`,`reservation_name`,`reservation_phone`,`total_amount`,`member_id`,`restaurant_id`,`restaurant_ava_time_id`,`imp_uid`,`merchant_uid`) VALUES (545,'오이 빼주세요',4,'문태식','010-4242-2845',30000,1,1,643,NULL,NULL);
INSERT INTO `reservation_info` (`reservation_info_id`,`extra_requirement`,`people`,`reservation_name`,`reservation_phone`,`total_amount`,`member_id`,`restaurant_id`,`restaurant_ava_time_id`,`imp_uid`,`merchant_uid`) VALUES (546,'오이 빼주세요',5,'문태식','010-4242-2845',73500,1,1,644,NULL,NULL);
INSERT INTO `reservation_info` (`reservation_info_id`,`extra_requirement`,`people`,`reservation_name`,`reservation_phone`,`total_amount`,`member_id`,`restaurant_id`,`restaurant_ava_time_id`,`imp_uid`,`merchant_uid`) VALUES (547,'오이 빼주세요',4,'문태식','010-4242-2845',30000,1,1,645,NULL,NULL);
INSERT INTO `reservation_info` (`reservation_info_id`,`extra_requirement`,`people`,`reservation_name`,`reservation_phone`,`total_amount`,`member_id`,`restaurant_id`,`restaurant_ava_time_id`,`imp_uid`,`merchant_uid`) VALUES (548,'오이 빼주세요',5,'문태식','010-4242-2845',73500,1,1,646,NULL,NULL);
INSERT INTO `reservation_info` (`reservation_info_id`,`extra_requirement`,`people`,`reservation_name`,`reservation_phone`,`total_amount`,`member_id`,`restaurant_id`,`restaurant_ava_time_id`,`imp_uid`,`merchant_uid`) VALUES (549,'오이 빼주세요',4,'문태식','010-4242-2845',30000,1,1,647,NULL,NULL);
INSERT INTO `reservation_info` (`reservation_info_id`,`extra_requirement`,`people`,`reservation_name`,`reservation_phone`,`total_amount`,`member_id`,`restaurant_id`,`restaurant_ava_time_id`,`imp_uid`,`merchant_uid`) VALUES (550,'오이 빼주세요',5,'문태식','010-4242-2845',73500,1,1,648,NULL,NULL);
INSERT INTO `reservation_info` (`reservation_info_id`,`extra_requirement`,`people`,`reservation_name`,`reservation_phone`,`total_amount`,`member_id`,`restaurant_id`,`restaurant_ava_time_id`,`imp_uid`,`merchant_uid`) VALUES (551,'오이 빼주세요',4,'문태식','010-4242-2845',30000,1,1,649,NULL,NULL);
INSERT INTO `reservation_info` (`reservation_info_id`,`extra_requirement`,`people`,`reservation_name`,`reservation_phone`,`total_amount`,`member_id`,`restaurant_id`,`restaurant_ava_time_id`,`imp_uid`,`merchant_uid`) VALUES (552,'오이 빼주세요',5,'문태식','010-4242-2845',73500,1,1,650,NULL,NULL);
INSERT INTO `reservation_info` (`reservation_info_id`,`extra_requirement`,`people`,`reservation_name`,`reservation_phone`,`total_amount`,`member_id`,`restaurant_id`,`restaurant_ava_time_id`,`imp_uid`,`merchant_uid`) VALUES (553,'오이 빼주세요',4,'문태식','010-4242-2845',30000,1,1,651,NULL,NULL);
INSERT INTO `reservation_info` (`reservation_info_id`,`extra_requirement`,`people`,`reservation_name`,`reservation_phone`,`total_amount`,`member_id`,`restaurant_id`,`restaurant_ava_time_id`,`imp_uid`,`merchant_uid`) VALUES (554,'오이 빼주세요',5,'문태식','010-4242-2845',73500,1,1,652,NULL,NULL);
INSERT INTO `reservation_info` (`reservation_info_id`,`extra_requirement`,`people`,`reservation_name`,`reservation_phone`,`total_amount`,`member_id`,`restaurant_id`,`restaurant_ava_time_id`,`imp_uid`,`merchant_uid`) VALUES (555,'오이 빼주세요',4,'문태식','010-4242-2845',30000,1,1,653,NULL,NULL);
INSERT INTO `reservation_info` (`reservation_info_id`,`extra_requirement`,`people`,`reservation_name`,`reservation_phone`,`total_amount`,`member_id`,`restaurant_id`,`restaurant_ava_time_id`,`imp_uid`,`merchant_uid`) VALUES (556,'오이 빼주세요',5,'문태식','010-4242-2845',73500,1,1,654,NULL,NULL);
INSERT INTO `reservation_info` (`reservation_info_id`,`extra_requirement`,`people`,`reservation_name`,`reservation_phone`,`total_amount`,`member_id`,`restaurant_id`,`restaurant_ava_time_id`,`imp_uid`,`merchant_uid`) VALUES (557,'오이 빼주세요',4,'문태식','010-4242-2845',30000,1,1,655,NULL,NULL);
INSERT INTO `reservation_info` (`reservation_info_id`,`extra_requirement`,`people`,`reservation_name`,`reservation_phone`,`total_amount`,`member_id`,`restaurant_id`,`restaurant_ava_time_id`,`imp_uid`,`merchant_uid`) VALUES (558,'오이 빼주세요',5,'문태식','010-4242-2845',73500,1,1,656,NULL,NULL);
INSERT INTO `reservation_info` (`reservation_info_id`,`extra_requirement`,`people`,`reservation_name`,`reservation_phone`,`total_amount`,`member_id`,`restaurant_id`,`restaurant_ava_time_id`,`imp_uid`,`merchant_uid`) VALUES (559,'오이 빼주세요',4,'문태식','010-4242-2845',30000,1,1,657,NULL,NULL);
INSERT INTO `reservation_info` (`reservation_info_id`,`extra_requirement`,`people`,`reservation_name`,`reservation_phone`,`total_amount`,`member_id`,`restaurant_id`,`restaurant_ava_time_id`,`imp_uid`,`merchant_uid`) VALUES (560,'오이 빼주세요',5,'문태식','010-4242-2845',73500,1,1,658,NULL,NULL);
INSERT INTO `reservation_info` (`reservation_info_id`,`extra_requirement`,`people`,`reservation_name`,`reservation_phone`,`total_amount`,`member_id`,`restaurant_id`,`restaurant_ava_time_id`,`imp_uid`,`merchant_uid`) VALUES (561,'오이 빼주세요',4,'문태식','010-4242-2845',30000,1,1,659,NULL,NULL);
INSERT INTO `reservation_info` (`reservation_info_id`,`extra_requirement`,`people`,`reservation_name`,`reservation_phone`,`total_amount`,`member_id`,`restaurant_id`,`restaurant_ava_time_id`,`imp_uid`,`merchant_uid`) VALUES (562,'오이 빼주세요',5,'문태식','010-4242-2845',73500,1,1,660,NULL,NULL);
INSERT INTO `reservation_info` (`reservation_info_id`,`extra_requirement`,`people`,`reservation_name`,`reservation_phone`,`total_amount`,`member_id`,`restaurant_id`,`restaurant_ava_time_id`,`imp_uid`,`merchant_uid`) VALUES (563,'오이 빼주세요',4,'문태식','010-4242-2845',30000,1,1,661,NULL,NULL);
INSERT INTO `reservation_info` (`reservation_info_id`,`extra_requirement`,`people`,`reservation_name`,`reservation_phone`,`total_amount`,`member_id`,`restaurant_id`,`restaurant_ava_time_id`,`imp_uid`,`merchant_uid`) VALUES (564,'오이 빼주세요',5,'문태식','010-4242-2845',73500,1,1,662,NULL,NULL);
INSERT INTO `reservation_info` (`reservation_info_id`,`extra_requirement`,`people`,`reservation_name`,`reservation_phone`,`total_amount`,`member_id`,`restaurant_id`,`restaurant_ava_time_id`,`imp_uid`,`merchant_uid`) VALUES (565,'오이 빼주세요',4,'문태식','010-4242-2845',30000,1,1,663,NULL,NULL);
INSERT INTO `reservation_info` (`reservation_info_id`,`extra_requirement`,`people`,`reservation_name`,`reservation_phone`,`total_amount`,`member_id`,`restaurant_id`,`restaurant_ava_time_id`,`imp_uid`,`merchant_uid`) VALUES (566,'오이 빼주세요',5,'문태식','010-4242-2845',73500,1,1,664,NULL,NULL);
INSERT INTO `reservation_info` (`reservation_info_id`,`extra_requirement`,`people`,`reservation_name`,`reservation_phone`,`total_amount`,`member_id`,`restaurant_id`,`restaurant_ava_time_id`,`imp_uid`,`merchant_uid`) VALUES (567,'오이 빼주세요',4,'문태식','010-4242-2845',30000,1,1,665,NULL,NULL);
INSERT INTO `reservation_info` (`reservation_info_id`,`extra_requirement`,`people`,`reservation_name`,`reservation_phone`,`total_amount`,`member_id`,`restaurant_id`,`restaurant_ava_time_id`,`imp_uid`,`merchant_uid`) VALUES (568,'오이 빼주세요',5,'문태식','010-4242-2845',73500,1,1,666,NULL,NULL);
INSERT INTO `reservation_info` (`reservation_info_id`,`extra_requirement`,`people`,`reservation_name`,`reservation_phone`,`total_amount`,`member_id`,`restaurant_id`,`restaurant_ava_time_id`,`imp_uid`,`merchant_uid`) VALUES (569,'오이 빼주세요',4,'문태식','010-4242-2845',30000,1,1,667,NULL,NULL);
INSERT INTO `reservation_info` (`reservation_info_id`,`extra_requirement`,`people`,`reservation_name`,`reservation_phone`,`total_amount`,`member_id`,`restaurant_id`,`restaurant_ava_time_id`,`imp_uid`,`merchant_uid`) VALUES (570,'오이 빼주세요',5,'문태식','010-4242-2845',73500,1,1,668,NULL,NULL);
INSERT INTO `reservation_info` (`reservation_info_id`,`extra_requirement`,`people`,`reservation_name`,`reservation_phone`,`total_amount`,`member_id`,`restaurant_id`,`restaurant_ava_time_id`,`imp_uid`,`merchant_uid`) VALUES (571,'오이 빼주세요',4,'문태식','010-4242-2845',30000,1,1,669,NULL,NULL);
INSERT INTO `reservation_info` (`reservation_info_id`,`extra_requirement`,`people`,`reservation_name`,`reservation_phone`,`total_amount`,`member_id`,`restaurant_id`,`restaurant_ava_time_id`,`imp_uid`,`merchant_uid`) VALUES (572,'오이 빼주세요',5,'문태식','010-4242-2845',73500,1,1,670,NULL,NULL);
INSERT INTO `reservation_info` (`reservation_info_id`,`extra_requirement`,`people`,`reservation_name`,`reservation_phone`,`total_amount`,`member_id`,`restaurant_id`,`restaurant_ava_time_id`,`imp_uid`,`merchant_uid`) VALUES (573,'오이 빼주세요',4,'문태식','010-4242-2845',30000,1,1,671,NULL,NULL);
INSERT INTO `reservation_info` (`reservation_info_id`,`extra_requirement`,`people`,`reservation_name`,`reservation_phone`,`total_amount`,`member_id`,`restaurant_id`,`restaurant_ava_time_id`,`imp_uid`,`merchant_uid`) VALUES (574,'오이 빼주세요',5,'문태식','010-4242-2845',73500,1,1,672,NULL,NULL);
INSERT INTO `reservation_info` (`reservation_info_id`,`extra_requirement`,`people`,`reservation_name`,`reservation_phone`,`total_amount`,`member_id`,`restaurant_id`,`restaurant_ava_time_id`,`imp_uid`,`merchant_uid`) VALUES (575,'오이 빼주세요',4,'문태식','010-4242-2845',30000,1,1,673,NULL,NULL);
INSERT INTO `reservation_info` (`reservation_info_id`,`extra_requirement`,`people`,`reservation_name`,`reservation_phone`,`total_amount`,`member_id`,`restaurant_id`,`restaurant_ava_time_id`,`imp_uid`,`merchant_uid`) VALUES (576,'오이 빼주세요',5,'문태식','010-4242-2845',73500,1,1,674,NULL,NULL);
INSERT INTO `reservation_info` (`reservation_info_id`,`extra_requirement`,`people`,`reservation_name`,`reservation_phone`,`total_amount`,`member_id`,`restaurant_id`,`restaurant_ava_time_id`,`imp_uid`,`merchant_uid`) VALUES (577,'오이 빼주세요',4,'문태식','010-4242-2845',30000,1,1,675,NULL,NULL);
INSERT INTO `reservation_info` (`reservation_info_id`,`extra_requirement`,`people`,`reservation_name`,`reservation_phone`,`total_amount`,`member_id`,`restaurant_id`,`restaurant_ava_time_id`,`imp_uid`,`merchant_uid`) VALUES (578,'오이 빼주세요',5,'문태식','010-4242-2845',73500,1,1,676,NULL,NULL);
INSERT INTO `reservation_info` (`reservation_info_id`,`extra_requirement`,`people`,`reservation_name`,`reservation_phone`,`total_amount`,`member_id`,`restaurant_id`,`restaurant_ava_time_id`,`imp_uid`,`merchant_uid`) VALUES (579,'오이 빼주세요',4,'문태식','010-4242-2845',30000,1,1,677,NULL,NULL);
INSERT INTO `reservation_info` (`reservation_info_id`,`extra_requirement`,`people`,`reservation_name`,`reservation_phone`,`total_amount`,`member_id`,`restaurant_id`,`restaurant_ava_time_id`,`imp_uid`,`merchant_uid`) VALUES (580,'오이 빼주세요',5,'문태식','010-4242-2845',73500,1,1,678,NULL,NULL);
INSERT INTO `reservation_info` (`reservation_info_id`,`extra_requirement`,`people`,`reservation_name`,`reservation_phone`,`total_amount`,`member_id`,`restaurant_id`,`restaurant_ava_time_id`,`imp_uid`,`merchant_uid`) VALUES (581,'오이 빼주세요',4,'문태식','010-4242-2845',30000,1,1,679,NULL,NULL);
INSERT INTO `reservation_info` (`reservation_info_id`,`extra_requirement`,`people`,`reservation_name`,`reservation_phone`,`total_amount`,`member_id`,`restaurant_id`,`restaurant_ava_time_id`,`imp_uid`,`merchant_uid`) VALUES (582,'오이 빼주세요',5,'문태식','010-4242-2845',73500,1,1,680,NULL,NULL);
INSERT INTO `reservation_info` (`reservation_info_id`,`extra_requirement`,`people`,`reservation_name`,`reservation_phone`,`total_amount`,`member_id`,`restaurant_id`,`restaurant_ava_time_id`,`imp_uid`,`merchant_uid`) VALUES (583,'오이 빼주세요',4,'문태식','010-4242-2845',30000,1,1,681,NULL,NULL);
INSERT INTO `reservation_info` (`reservation_info_id`,`extra_requirement`,`people`,`reservation_name`,`reservation_phone`,`total_amount`,`member_id`,`restaurant_id`,`restaurant_ava_time_id`,`imp_uid`,`merchant_uid`) VALUES (584,'많이 주세요.',6,'문태식','010-4242-2845',80000,1,2,682,NULL,NULL);
INSERT INTO `reservation_info` (`reservation_info_id`,`extra_requirement`,`people`,`reservation_name`,`reservation_phone`,`total_amount`,`member_id`,`restaurant_id`,`restaurant_ava_time_id`,`imp_uid`,`merchant_uid`) VALUES (585,'많이 주세요.',6,'문태식','010-4242-2845',80000,1,2,683,NULL,NULL);
INSERT INTO `reservation_info` (`reservation_info_id`,`extra_requirement`,`people`,`reservation_name`,`reservation_phone`,`total_amount`,`member_id`,`restaurant_id`,`restaurant_ava_time_id`,`imp_uid`,`merchant_uid`) VALUES (586,'많이 주세요.',6,'문태식','010-4242-2845',80000,1,2,684,NULL,NULL);
INSERT INTO `reservation_info` (`reservation_info_id`,`extra_requirement`,`people`,`reservation_name`,`reservation_phone`,`total_amount`,`member_id`,`restaurant_id`,`restaurant_ava_time_id`,`imp_uid`,`merchant_uid`) VALUES (587,'많이 주세요.',6,'문태식','010-4242-2845',80000,1,2,685,NULL,NULL);
INSERT INTO `reservation_info` (`reservation_info_id`,`extra_requirement`,`people`,`reservation_name`,`reservation_phone`,`total_amount`,`member_id`,`restaurant_id`,`restaurant_ava_time_id`,`imp_uid`,`merchant_uid`) VALUES (588,'많이 주세요.',6,'문태식','010-4242-2845',80000,1,2,686,NULL,NULL);
INSERT INTO `reservation_info` (`reservation_info_id`,`extra_requirement`,`people`,`reservation_name`,`reservation_phone`,`total_amount`,`member_id`,`restaurant_id`,`restaurant_ava_time_id`,`imp_uid`,`merchant_uid`) VALUES (589,'많이 주세요.',6,'문태식','010-4242-2845',80000,1,2,687,NULL,NULL);
INSERT INTO `reservation_info` (`reservation_info_id`,`extra_requirement`,`people`,`reservation_name`,`reservation_phone`,`total_amount`,`member_id`,`restaurant_id`,`restaurant_ava_time_id`,`imp_uid`,`merchant_uid`) VALUES (590,'많이 주세요.',6,'문태식','010-4242-2845',80000,1,2,688,NULL,NULL);
INSERT INTO `reservation_info` (`reservation_info_id`,`extra_requirement`,`people`,`reservation_name`,`reservation_phone`,`total_amount`,`member_id`,`restaurant_id`,`restaurant_ava_time_id`,`imp_uid`,`merchant_uid`) VALUES (591,'많이 주세요.',6,'문태식','010-4242-2845',80000,1,2,689,NULL,NULL);
INSERT INTO `reservation_info` (`reservation_info_id`,`extra_requirement`,`people`,`reservation_name`,`reservation_phone`,`total_amount`,`member_id`,`restaurant_id`,`restaurant_ava_time_id`,`imp_uid`,`merchant_uid`) VALUES (592,'많이 주세요.',6,'문태식','010-4242-2845',80000,1,2,690,NULL,NULL);
INSERT INTO `reservation_info` (`reservation_info_id`,`extra_requirement`,`people`,`reservation_name`,`reservation_phone`,`total_amount`,`member_id`,`restaurant_id`,`restaurant_ava_time_id`,`imp_uid`,`merchant_uid`) VALUES (593,'많이 주세요.',6,'문태식','010-4242-2845',80000,1,2,691,NULL,NULL);
INSERT INTO `reservation_info` (`reservation_info_id`,`extra_requirement`,`people`,`reservation_name`,`reservation_phone`,`total_amount`,`member_id`,`restaurant_id`,`restaurant_ava_time_id`,`imp_uid`,`merchant_uid`) VALUES (594,'많이 주세요.',6,'문태식','010-4242-2845',80000,1,2,692,NULL,NULL);
INSERT INTO `reservation_info` (`reservation_info_id`,`extra_requirement`,`people`,`reservation_name`,`reservation_phone`,`total_amount`,`member_id`,`restaurant_id`,`restaurant_ava_time_id`,`imp_uid`,`merchant_uid`) VALUES (595,'많이 주세요.',6,'문태식','010-4242-2845',80000,1,2,693,NULL,NULL);
INSERT INTO `reservation_info` (`reservation_info_id`,`extra_requirement`,`people`,`reservation_name`,`reservation_phone`,`total_amount`,`member_id`,`restaurant_id`,`restaurant_ava_time_id`,`imp_uid`,`merchant_uid`) VALUES (596,'많이 주세요.',6,'문태식','010-4242-2845',80000,1,3,694,NULL,NULL);
INSERT INTO `reservation_info` (`reservation_info_id`,`extra_requirement`,`people`,`reservation_name`,`reservation_phone`,`total_amount`,`member_id`,`restaurant_id`,`restaurant_ava_time_id`,`imp_uid`,`merchant_uid`) VALUES (597,'많이 주세요.',6,'문태식','010-4242-2845',80000,1,3,695,NULL,NULL);
INSERT INTO `reservation_info` (`reservation_info_id`,`extra_requirement`,`people`,`reservation_name`,`reservation_phone`,`total_amount`,`member_id`,`restaurant_id`,`restaurant_ava_time_id`,`imp_uid`,`merchant_uid`) VALUES (598,'많이 주세요.',6,'문태식','010-4242-2845',80000,1,3,696,NULL,NULL);
INSERT INTO `reservation_info` (`reservation_info_id`,`extra_requirement`,`people`,`reservation_name`,`reservation_phone`,`total_amount`,`member_id`,`restaurant_id`,`restaurant_ava_time_id`,`imp_uid`,`merchant_uid`) VALUES (599,'많이 주세요.',6,'문태식','010-4242-2845',80000,1,3,697,NULL,NULL);
INSERT INTO `reservation_info` (`reservation_info_id`,`extra_requirement`,`people`,`reservation_name`,`reservation_phone`,`total_amount`,`member_id`,`restaurant_id`,`restaurant_ava_time_id`,`imp_uid`,`merchant_uid`) VALUES (600,'많이 주세요.',6,'문태식','010-4242-2845',80000,1,3,698,NULL,NULL);
INSERT INTO `reservation_info` (`reservation_info_id`,`extra_requirement`,`people`,`reservation_name`,`reservation_phone`,`total_amount`,`member_id`,`restaurant_id`,`restaurant_ava_time_id`,`imp_uid`,`merchant_uid`) VALUES (601,'많이 주세요.',6,'문태식','010-4242-2845',80000,1,3,699,NULL,NULL);
INSERT INTO `reservation_info` (`reservation_info_id`,`extra_requirement`,`people`,`reservation_name`,`reservation_phone`,`total_amount`,`member_id`,`restaurant_id`,`restaurant_ava_time_id`,`imp_uid`,`merchant_uid`) VALUES (602,'많이 주세요.',6,'문태식','010-4242-2845',80000,1,3,700,NULL,NULL);
INSERT INTO `reservation_info` (`reservation_info_id`,`extra_requirement`,`people`,`reservation_name`,`reservation_phone`,`total_amount`,`member_id`,`restaurant_id`,`restaurant_ava_time_id`,`imp_uid`,`merchant_uid`) VALUES (603,'많이 주세요.',6,'문태식','010-4242-2845',80000,1,3,701,NULL,NULL);
INSERT INTO `reservation_info` (`reservation_info_id`,`extra_requirement`,`people`,`reservation_name`,`reservation_phone`,`total_amount`,`member_id`,`restaurant_id`,`restaurant_ava_time_id`,`imp_uid`,`merchant_uid`) VALUES (604,'많이 주세요.',6,'문태식','010-4242-2845',80000,1,3,702,NULL,NULL);
INSERT INTO `reservation_info` (`reservation_info_id`,`extra_requirement`,`people`,`reservation_name`,`reservation_phone`,`total_amount`,`member_id`,`restaurant_id`,`restaurant_ava_time_id`,`imp_uid`,`merchant_uid`) VALUES (605,'많이 주세요.',6,'문태식','010-4242-2845',80000,1,3,703,NULL,NULL);
INSERT INTO `reservation_info` (`reservation_info_id`,`extra_requirement`,`people`,`reservation_name`,`reservation_phone`,`total_amount`,`member_id`,`restaurant_id`,`restaurant_ava_time_id`,`imp_uid`,`merchant_uid`) VALUES (606,'많이 주세요.',6,'문태식','010-4242-2845',80000,1,3,704,NULL,NULL);
INSERT INTO `reservation_info` (`reservation_info_id`,`extra_requirement`,`people`,`reservation_name`,`reservation_phone`,`total_amount`,`member_id`,`restaurant_id`,`restaurant_ava_time_id`,`imp_uid`,`merchant_uid`) VALUES (607,'많이 주세요.',6,'문태식','010-4242-2845',80000,1,3,705,NULL,NULL);
INSERT INTO `reservation_info` (`reservation_info_id`,`extra_requirement`,`people`,`reservation_name`,`reservation_phone`,`total_amount`,`member_id`,`restaurant_id`,`restaurant_ava_time_id`,`imp_uid`,`merchant_uid`) VALUES (608,'많이 주세요.',6,'문태식','010-4242-2845',80000,1,2,706,NULL,NULL);
INSERT INTO `reservation_info` (`reservation_info_id`,`extra_requirement`,`people`,`reservation_name`,`reservation_phone`,`total_amount`,`member_id`,`restaurant_id`,`restaurant_ava_time_id`,`imp_uid`,`merchant_uid`) VALUES (609,'많이 주세요.',6,'문태식','010-4242-2845',80000,1,2,707,NULL,NULL);
INSERT INTO `reservation_info` (`reservation_info_id`,`extra_requirement`,`people`,`reservation_name`,`reservation_phone`,`total_amount`,`member_id`,`restaurant_id`,`restaurant_ava_time_id`,`imp_uid`,`merchant_uid`) VALUES (610,'많이 주세요.',6,'문태식','010-4242-2845',80000,1,2,708,NULL,NULL);
INSERT INTO `reservation_info` (`reservation_info_id`,`extra_requirement`,`people`,`reservation_name`,`reservation_phone`,`total_amount`,`member_id`,`restaurant_id`,`restaurant_ava_time_id`,`imp_uid`,`merchant_uid`) VALUES (611,'많이 주세요.',6,'문태식','010-4242-2845',80000,1,2,709,NULL,NULL);
INSERT INTO `reservation_info` (`reservation_info_id`,`extra_requirement`,`people`,`reservation_name`,`reservation_phone`,`total_amount`,`member_id`,`restaurant_id`,`restaurant_ava_time_id`,`imp_uid`,`merchant_uid`) VALUES (612,'많이 주세요.',6,'문태식','010-4242-2845',80000,1,2,710,NULL,NULL);
INSERT INTO `reservation_info` (`reservation_info_id`,`extra_requirement`,`people`,`reservation_name`,`reservation_phone`,`total_amount`,`member_id`,`restaurant_id`,`restaurant_ava_time_id`,`imp_uid`,`merchant_uid`) VALUES (613,'많이 주세요.',6,'문태식','010-4242-2845',80000,1,2,711,NULL,NULL);
INSERT INTO `reservation_info` (`reservation_info_id`,`extra_requirement`,`people`,`reservation_name`,`reservation_phone`,`total_amount`,`member_id`,`restaurant_id`,`restaurant_ava_time_id`,`imp_uid`,`merchant_uid`) VALUES (614,'많이 주세요.',6,'문태식','010-4242-2845',80000,1,2,712,NULL,NULL);
INSERT INTO `reservation_info` (`reservation_info_id`,`extra_requirement`,`people`,`reservation_name`,`reservation_phone`,`total_amount`,`member_id`,`restaurant_id`,`restaurant_ava_time_id`,`imp_uid`,`merchant_uid`) VALUES (615,'많이 주세요.',6,'문태식','010-4242-2845',80000,1,2,713,NULL,NULL);
INSERT INTO `reservation_info` (`reservation_info_id`,`extra_requirement`,`people`,`reservation_name`,`reservation_phone`,`total_amount`,`member_id`,`restaurant_id`,`restaurant_ava_time_id`,`imp_uid`,`merchant_uid`) VALUES (616,'많이 주세요.',6,'문태식','010-4242-2845',80000,1,2,714,NULL,NULL);
INSERT INTO `reservation_info` (`reservation_info_id`,`extra_requirement`,`people`,`reservation_name`,`reservation_phone`,`total_amount`,`member_id`,`restaurant_id`,`restaurant_ava_time_id`,`imp_uid`,`merchant_uid`) VALUES (617,'많이 주세요.',6,'문태식','010-4242-2845',80000,1,2,715,NULL,NULL);
INSERT INTO `reservation_info` (`reservation_info_id`,`extra_requirement`,`people`,`reservation_name`,`reservation_phone`,`total_amount`,`member_id`,`restaurant_id`,`restaurant_ava_time_id`,`imp_uid`,`merchant_uid`) VALUES (618,'많이 주세요.',6,'문태식','010-4242-2845',80000,1,2,716,NULL,NULL);
INSERT INTO `reservation_info` (`reservation_info_id`,`extra_requirement`,`people`,`reservation_name`,`reservation_phone`,`total_amount`,`member_id`,`restaurant_id`,`restaurant_ava_time_id`,`imp_uid`,`merchant_uid`) VALUES (619,'많이 주세요.',6,'문태식','010-4242-2845',80000,1,2,717,NULL,NULL);
INSERT INTO `reservation_info` (`reservation_info_id`,`extra_requirement`,`people`,`reservation_name`,`reservation_phone`,`total_amount`,`member_id`,`restaurant_id`,`restaurant_ava_time_id`,`imp_uid`,`merchant_uid`) VALUES (620,'많이 주세요.',6,'문태식','010-4242-2845',80000,1,3,718,NULL,NULL);
INSERT INTO `reservation_info` (`reservation_info_id`,`extra_requirement`,`people`,`reservation_name`,`reservation_phone`,`total_amount`,`member_id`,`restaurant_id`,`restaurant_ava_time_id`,`imp_uid`,`merchant_uid`) VALUES (621,'많이 주세요.',6,'문태식','010-4242-2845',80000,1,3,719,NULL,NULL);
INSERT INTO `reservation_info` (`reservation_info_id`,`extra_requirement`,`people`,`reservation_name`,`reservation_phone`,`total_amount`,`member_id`,`restaurant_id`,`restaurant_ava_time_id`,`imp_uid`,`merchant_uid`) VALUES (622,'많이 주세요.',6,'문태식','010-4242-2845',80000,1,3,720,NULL,NULL);
INSERT INTO `reservation_info` (`reservation_info_id`,`extra_requirement`,`people`,`reservation_name`,`reservation_phone`,`total_amount`,`member_id`,`restaurant_id`,`restaurant_ava_time_id`,`imp_uid`,`merchant_uid`) VALUES (623,'많이 주세요.',6,'문태식','010-4242-2845',80000,1,3,721,NULL,NULL);
INSERT INTO `reservation_info` (`reservation_info_id`,`extra_requirement`,`people`,`reservation_name`,`reservation_phone`,`total_amount`,`member_id`,`restaurant_id`,`restaurant_ava_time_id`,`imp_uid`,`merchant_uid`) VALUES (624,'많이 주세요.',6,'문태식','010-4242-2845',80000,1,3,722,NULL,NULL);
INSERT INTO `reservation_info` (`reservation_info_id`,`extra_requirement`,`people`,`reservation_name`,`reservation_phone`,`total_amount`,`member_id`,`restaurant_id`,`restaurant_ava_time_id`,`imp_uid`,`merchant_uid`) VALUES (625,'많이 주세요.',6,'문태식','010-4242-2845',80000,1,3,723,NULL,NULL);
INSERT INTO `reservation_info` (`reservation_info_id`,`extra_requirement`,`people`,`reservation_name`,`reservation_phone`,`total_amount`,`member_id`,`restaurant_id`,`restaurant_ava_time_id`,`imp_uid`,`merchant_uid`) VALUES (626,'많이 주세요.',6,'문태식','010-4242-2845',80000,1,3,724,NULL,NULL);
INSERT INTO `reservation_info` (`reservation_info_id`,`extra_requirement`,`people`,`reservation_name`,`reservation_phone`,`total_amount`,`member_id`,`restaurant_id`,`restaurant_ava_time_id`,`imp_uid`,`merchant_uid`) VALUES (627,'많이 주세요.',6,'문태식','010-4242-2845',80000,1,3,725,NULL,NULL);
INSERT INTO `reservation_info` (`reservation_info_id`,`extra_requirement`,`people`,`reservation_name`,`reservation_phone`,`total_amount`,`member_id`,`restaurant_id`,`restaurant_ava_time_id`,`imp_uid`,`merchant_uid`) VALUES (628,'많이 주세요.',6,'문태식','010-4242-2845',80000,1,3,726,NULL,NULL);
INSERT INTO `reservation_info` (`reservation_info_id`,`extra_requirement`,`people`,`reservation_name`,`reservation_phone`,`total_amount`,`member_id`,`restaurant_id`,`restaurant_ava_time_id`,`imp_uid`,`merchant_uid`) VALUES (629,'많이 주세요.',6,'문태식','010-4242-2845',80000,1,3,727,NULL,NULL);
INSERT INTO `reservation_info` (`reservation_info_id`,`extra_requirement`,`people`,`reservation_name`,`reservation_phone`,`total_amount`,`member_id`,`restaurant_id`,`restaurant_ava_time_id`,`imp_uid`,`merchant_uid`) VALUES (630,'많이 주세요.',6,'문태식','010-4242-2845',80000,1,3,728,NULL,NULL);
INSERT INTO `reservation_info` (`reservation_info_id`,`extra_requirement`,`people`,`reservation_name`,`reservation_phone`,`total_amount`,`member_id`,`restaurant_id`,`restaurant_ava_time_id`,`imp_uid`,`merchant_uid`) VALUES (631,'많이 주세요.',6,'문태식','010-4242-2845',80000,1,3,729,NULL,NULL);
INSERT INTO `reservation_info` (`reservation_info_id`,`extra_requirement`,`people`,`reservation_name`,`reservation_phone`,`total_amount`,`member_id`,`restaurant_id`,`restaurant_ava_time_id`,`imp_uid`,`merchant_uid`) VALUES (632,'많이 주세요.',6,'문태식','010-4242-2845',80000,1,21,730,NULL,NULL);
INSERT INTO `reservation_info` (`reservation_info_id`,`extra_requirement`,`people`,`reservation_name`,`reservation_phone`,`total_amount`,`member_id`,`restaurant_id`,`restaurant_ava_time_id`,`imp_uid`,`merchant_uid`) VALUES (633,'많이 주세요.',6,'문태식','010-4242-2845',80000,1,21,731,NULL,NULL);
INSERT INTO `reservation_info` (`reservation_info_id`,`extra_requirement`,`people`,`reservation_name`,`reservation_phone`,`total_amount`,`member_id`,`restaurant_id`,`restaurant_ava_time_id`,`imp_uid`,`merchant_uid`) VALUES (634,'많이 주세요.',6,'문태식','010-4242-2845',80000,1,21,732,NULL,NULL);
INSERT INTO `reservation_info` (`reservation_info_id`,`extra_requirement`,`people`,`reservation_name`,`reservation_phone`,`total_amount`,`member_id`,`restaurant_id`,`restaurant_ava_time_id`,`imp_uid`,`merchant_uid`) VALUES (635,'많이 주세요.',6,'문태식','010-4242-2845',80000,1,21,733,NULL,NULL);
INSERT INTO `reservation_info` (`reservation_info_id`,`extra_requirement`,`people`,`reservation_name`,`reservation_phone`,`total_amount`,`member_id`,`restaurant_id`,`restaurant_ava_time_id`,`imp_uid`,`merchant_uid`) VALUES (636,'많이 주세요.',6,'문태식','010-4242-2845',80000,1,21,734,NULL,NULL);
INSERT INTO `reservation_info` (`reservation_info_id`,`extra_requirement`,`people`,`reservation_name`,`reservation_phone`,`total_amount`,`member_id`,`restaurant_id`,`restaurant_ava_time_id`,`imp_uid`,`merchant_uid`) VALUES (637,'많이 주세요.',6,'문태식','010-4242-2845',80000,1,21,735,NULL,NULL);
INSERT INTO `reservation_info` (`reservation_info_id`,`extra_requirement`,`people`,`reservation_name`,`reservation_phone`,`total_amount`,`member_id`,`restaurant_id`,`restaurant_ava_time_id`,`imp_uid`,`merchant_uid`) VALUES (638,'많이 주세요.',6,'문태식','010-4242-2845',80000,1,21,736,NULL,NULL);
INSERT INTO `reservation_info` (`reservation_info_id`,`extra_requirement`,`people`,`reservation_name`,`reservation_phone`,`total_amount`,`member_id`,`restaurant_id`,`restaurant_ava_time_id`,`imp_uid`,`merchant_uid`) VALUES (639,'많이 주세요.',6,'문태식','010-4242-2845',80000,1,22,743,NULL,NULL);
INSERT INTO `reservation_info` (`reservation_info_id`,`extra_requirement`,`people`,`reservation_name`,`reservation_phone`,`total_amount`,`member_id`,`restaurant_id`,`restaurant_ava_time_id`,`imp_uid`,`merchant_uid`) VALUES (640,'많이 주세요.',6,'문태식','010-4242-2845',80000,1,22,744,NULL,NULL);
INSERT INTO `reservation_info` (`reservation_info_id`,`extra_requirement`,`people`,`reservation_name`,`reservation_phone`,`total_amount`,`member_id`,`restaurant_id`,`restaurant_ava_time_id`,`imp_uid`,`merchant_uid`) VALUES (641,'많이 주세요.',6,'문태식','010-4242-2845',80000,1,22,745,NULL,NULL);
INSERT INTO `reservation_info` (`reservation_info_id`,`extra_requirement`,`people`,`reservation_name`,`reservation_phone`,`total_amount`,`member_id`,`restaurant_id`,`restaurant_ava_time_id`,`imp_uid`,`merchant_uid`) VALUES (642,'많이 주세요.',6,'문태식','010-4242-2845',80000,1,22,746,NULL,NULL);
INSERT INTO `reservation_info` (`reservation_info_id`,`extra_requirement`,`people`,`reservation_name`,`reservation_phone`,`total_amount`,`member_id`,`restaurant_id`,`restaurant_ava_time_id`,`imp_uid`,`merchant_uid`) VALUES (643,'많이 주세요.',6,'문태식','010-4242-2845',80000,1,22,747,NULL,NULL);
INSERT INTO `reservation_info` (`reservation_info_id`,`extra_requirement`,`people`,`reservation_name`,`reservation_phone`,`total_amount`,`member_id`,`restaurant_id`,`restaurant_ava_time_id`,`imp_uid`,`merchant_uid`) VALUES (644,'많이 주세요.',6,'문태식','010-4242-2845',80000,1,22,748,NULL,NULL);
INSERT INTO `reservation_info` (`reservation_info_id`,`extra_requirement`,`people`,`reservation_name`,`reservation_phone`,`total_amount`,`member_id`,`restaurant_id`,`restaurant_ava_time_id`,`imp_uid`,`merchant_uid`) VALUES (645,'많이 주세요.',6,'문태식','010-4242-2845',80000,1,22,749,NULL,NULL);
INSERT INTO `reservation_info` (`reservation_info_id`,`extra_requirement`,`people`,`reservation_name`,`reservation_phone`,`total_amount`,`member_id`,`restaurant_id`,`restaurant_ava_time_id`,`imp_uid`,`merchant_uid`) VALUES (646,'많이 주세요.',6,'문태식','010-4242-2845',80000,1,22,750,NULL,NULL);
INSERT INTO `reservation_info` (`reservation_info_id`,`extra_requirement`,`people`,`reservation_name`,`reservation_phone`,`total_amount`,`member_id`,`restaurant_id`,`restaurant_ava_time_id`,`imp_uid`,`merchant_uid`) VALUES (647,'많이 주세요.',6,'문태식','010-4242-2845',80000,1,22,751,NULL,NULL);
INSERT INTO `reservation_info` (`reservation_info_id`,`extra_requirement`,`people`,`reservation_name`,`reservation_phone`,`total_amount`,`member_id`,`restaurant_id`,`restaurant_ava_time_id`,`imp_uid`,`merchant_uid`) VALUES (649,'감사합니다.',15,'문태식','010-4242-2845',25500,1,1,44,'','merchant_1680082604598_649');
INSERT INTO `reservation_info` (`reservation_info_id`,`extra_requirement`,`people`,`reservation_name`,`reservation_phone`,`total_amount`,`member_id`,`restaurant_id`,`restaurant_ava_time_id`,`imp_uid`,`merchant_uid`) VALUES (650,'감사합니다.',15,'문태식','010-4242-2845',200000,1,1,55,'','merchant_1680082541085_650');
INSERT INTO `reservation_info` (`reservation_info_id`,`extra_requirement`,`people`,`reservation_name`,`reservation_phone`,`total_amount`,`member_id`,`restaurant_id`,`restaurant_ava_time_id`,`imp_uid`,`merchant_uid`) VALUES (652,NULL,3,NULL,NULL,65000,1,1,31,NULL,NULL);
INSERT INTO `reservation_info` (`reservation_info_id`,`extra_requirement`,`people`,`reservation_name`,`reservation_phone`,`total_amount`,`member_id`,`restaurant_id`,`restaurant_ava_time_id`,`imp_uid`,`merchant_uid`) VALUES (653,'',3,'문태식','010-4242-2845',32500,1,1,88,'','merchant_1680081943433_653');

/*
-- Query: SELECT * FROM waeating.reservation_order_info
LIMIT 0, 1000

-- Date: 2023-03-29 21:54
*/
INSERT INTO `reservation_order_info` (`reservation_order_info_id`,`amount`,`menu_id`,`reservation_info_id`) VALUES (1,2,1,1);
INSERT INTO `reservation_order_info` (`reservation_order_info_id`,`amount`,`menu_id`,`reservation_info_id`) VALUES (2,2,2,1);
INSERT INTO `reservation_order_info` (`reservation_order_info_id`,`amount`,`menu_id`,`reservation_info_id`) VALUES (3,3,4,1);
INSERT INTO `reservation_order_info` (`reservation_order_info_id`,`amount`,`menu_id`,`reservation_info_id`) VALUES (4,2,10,1);
INSERT INTO `reservation_order_info` (`reservation_order_info_id`,`amount`,`menu_id`,`reservation_info_id`) VALUES (5,1,5,1);
INSERT INTO `reservation_order_info` (`reservation_order_info_id`,`amount`,`menu_id`,`reservation_info_id`) VALUES (6,2,11,1);
INSERT INTO `reservation_order_info` (`reservation_order_info_id`,`amount`,`menu_id`,`reservation_info_id`) VALUES (7,2,3,1);
INSERT INTO `reservation_order_info` (`reservation_order_info_id`,`amount`,`menu_id`,`reservation_info_id`) VALUES (8,4,10,2);
INSERT INTO `reservation_order_info` (`reservation_order_info_id`,`amount`,`menu_id`,`reservation_info_id`) VALUES (9,1,7,2);
INSERT INTO `reservation_order_info` (`reservation_order_info_id`,`amount`,`menu_id`,`reservation_info_id`) VALUES (10,1,5,2);
INSERT INTO `reservation_order_info` (`reservation_order_info_id`,`amount`,`menu_id`,`reservation_info_id`) VALUES (11,1,1,2);
INSERT INTO `reservation_order_info` (`reservation_order_info_id`,`amount`,`menu_id`,`reservation_info_id`) VALUES (12,1,2,2);
INSERT INTO `reservation_order_info` (`reservation_order_info_id`,`amount`,`menu_id`,`reservation_info_id`) VALUES (13,1,6,2);
INSERT INTO `reservation_order_info` (`reservation_order_info_id`,`amount`,`menu_id`,`reservation_info_id`) VALUES (14,1,12,584);
INSERT INTO `reservation_order_info` (`reservation_order_info_id`,`amount`,`menu_id`,`reservation_info_id`) VALUES (15,1,13,584);
INSERT INTO `reservation_order_info` (`reservation_order_info_id`,`amount`,`menu_id`,`reservation_info_id`) VALUES (16,1,12,585);
INSERT INTO `reservation_order_info` (`reservation_order_info_id`,`amount`,`menu_id`,`reservation_info_id`) VALUES (17,1,12,586);
INSERT INTO `reservation_order_info` (`reservation_order_info_id`,`amount`,`menu_id`,`reservation_info_id`) VALUES (18,1,13,587);
INSERT INTO `reservation_order_info` (`reservation_order_info_id`,`amount`,`menu_id`,`reservation_info_id`) VALUES (19,1,13,588);
INSERT INTO `reservation_order_info` (`reservation_order_info_id`,`amount`,`menu_id`,`reservation_info_id`) VALUES (20,1,13,589);
INSERT INTO `reservation_order_info` (`reservation_order_info_id`,`amount`,`menu_id`,`reservation_info_id`) VALUES (21,1,13,590);
INSERT INTO `reservation_order_info` (`reservation_order_info_id`,`amount`,`menu_id`,`reservation_info_id`) VALUES (22,1,13,591);
INSERT INTO `reservation_order_info` (`reservation_order_info_id`,`amount`,`menu_id`,`reservation_info_id`) VALUES (23,1,12,592);
INSERT INTO `reservation_order_info` (`reservation_order_info_id`,`amount`,`menu_id`,`reservation_info_id`) VALUES (24,1,12,593);
INSERT INTO `reservation_order_info` (`reservation_order_info_id`,`amount`,`menu_id`,`reservation_info_id`) VALUES (25,1,12,594);
INSERT INTO `reservation_order_info` (`reservation_order_info_id`,`amount`,`menu_id`,`reservation_info_id`) VALUES (26,1,13,595);
INSERT INTO `reservation_order_info` (`reservation_order_info_id`,`amount`,`menu_id`,`reservation_info_id`) VALUES (32,2,4,652);
INSERT INTO `reservation_order_info` (`reservation_order_info_id`,`amount`,`menu_id`,`reservation_info_id`) VALUES (33,2,3,652);
INSERT INTO `reservation_order_info` (`reservation_order_info_id`,`amount`,`menu_id`,`reservation_info_id`) VALUES (34,2,5,652);
INSERT INTO `reservation_order_info` (`reservation_order_info_id`,`amount`,`menu_id`,`reservation_info_id`) VALUES (35,2,2,652);
INSERT INTO `reservation_order_info` (`reservation_order_info_id`,`amount`,`menu_id`,`reservation_info_id`) VALUES (36,2,1,652);
INSERT INTO `reservation_order_info` (`reservation_order_info_id`,`amount`,`menu_id`,`reservation_info_id`) VALUES (41,1,3,653);
INSERT INTO `reservation_order_info` (`reservation_order_info_id`,`amount`,`menu_id`,`reservation_info_id`) VALUES (42,1,5,653);
INSERT INTO `reservation_order_info` (`reservation_order_info_id`,`amount`,`menu_id`,`reservation_info_id`) VALUES (43,1,4,653);
INSERT INTO `reservation_order_info` (`reservation_order_info_id`,`amount`,`menu_id`,`reservation_info_id`) VALUES (44,1,2,653);
INSERT INTO `reservation_order_info` (`reservation_order_info_id`,`amount`,`menu_id`,`reservation_info_id`) VALUES (45,1,1,653);
INSERT INTO `reservation_order_info` (`reservation_order_info_id`,`amount`,`menu_id`,`reservation_info_id`) VALUES (46,1,7,650);
INSERT INTO `reservation_order_info` (`reservation_order_info_id`,`amount`,`menu_id`,`reservation_info_id`) VALUES (47,5,9,650);
INSERT INTO `reservation_order_info` (`reservation_order_info_id`,`amount`,`menu_id`,`reservation_info_id`) VALUES (48,6,10,650);
INSERT INTO `reservation_order_info` (`reservation_order_info_id`,`amount`,`menu_id`,`reservation_info_id`) VALUES (49,5,6,650);
INSERT INTO `reservation_order_info` (`reservation_order_info_id`,`amount`,`menu_id`,`reservation_info_id`) VALUES (50,5,1,650);
INSERT INTO `reservation_order_info` (`reservation_order_info_id`,`amount`,`menu_id`,`reservation_info_id`) VALUES (51,5,4,650);
INSERT INTO `reservation_order_info` (`reservation_order_info_id`,`amount`,`menu_id`,`reservation_info_id`) VALUES (52,5,11,650);
INSERT INTO `reservation_order_info` (`reservation_order_info_id`,`amount`,`menu_id`,`reservation_info_id`) VALUES (53,5,5,650);
INSERT INTO `reservation_order_info` (`reservation_order_info_id`,`amount`,`menu_id`,`reservation_info_id`) VALUES (54,5,3,650);
INSERT INTO `reservation_order_info` (`reservation_order_info_id`,`amount`,`menu_id`,`reservation_info_id`) VALUES (55,1,3,649);
INSERT INTO `reservation_order_info` (`reservation_order_info_id`,`amount`,`menu_id`,`reservation_info_id`) VALUES (56,1,2,649);
INSERT INTO `reservation_order_info` (`reservation_order_info_id`,`amount`,`menu_id`,`reservation_info_id`) VALUES (57,1,5,649);
INSERT INTO `reservation_order_info` (`reservation_order_info_id`,`amount`,`menu_id`,`reservation_info_id`) VALUES (58,1,1,649);

/*
-- Query: SELECT * FROM waeating.review
LIMIT 0, 1000

-- Date: 2023-03-30 00:58
*/
INSERT INTO `review` (`review_id`,`content`,`price_score`,`service_score`,`taste_score`,`total_score`,`reservation_info_id`) VALUES (1,'별로 맛 없어요.',2,1,1,1.33333,3);
INSERT INTO `review` (`review_id`,`content`,`price_score`,`service_score`,`taste_score`,`total_score`,`reservation_info_id`) VALUES (2,'서비스가 별로예요.',1,1,1,1,4);
INSERT INTO `review` (`review_id`,`content`,`price_score`,`service_score`,`taste_score`,`total_score`,`reservation_info_id`) VALUES (3,'맛도 없도 서비스도 별로 예요',2,1,2,1.66667,6);
INSERT INTO `review` (`review_id`,`content`,`price_score`,`service_score`,`taste_score`,`total_score`,`reservation_info_id`) VALUES (4,'그냥 그럭저럭해요.',3,3,3,3,7);
INSERT INTO `review` (`review_id`,`content`,`price_score`,`service_score`,`taste_score`,`total_score`,`reservation_info_id`) VALUES (5,'맛있어요.',5,5,5,5,2);
INSERT INTO `review` (`review_id`,`content`,`price_score`,`service_score`,`taste_score`,`total_score`,`reservation_info_id`) VALUES (6,'또 올래요.',5,5,5,5,173);
INSERT INTO `review` (`review_id`,`content`,`price_score`,`service_score`,`taste_score`,`total_score`,`reservation_info_id`) VALUES (7,'다 별로 였어요.',2,2,2,2,576);
INSERT INTO `review` (`review_id`,`content`,`price_score`,`service_score`,`taste_score`,`total_score`,`reservation_info_id`) VALUES (8,'다신 안 올래요.',2,2,1,1.66667,575);
INSERT INTO `review` (`review_id`,`content`,`price_score`,`service_score`,`taste_score`,`total_score`,`reservation_info_id`) VALUES (9,'맛있어요',5,5,5,5,592);
INSERT INTO `review` (`review_id`,`content`,`price_score`,`service_score`,`taste_score`,`total_score`,`reservation_info_id`) VALUES (10,'맛있어요~',5,5,5,5,607);
INSERT INTO `review` (`review_id`,`content`,`price_score`,`service_score`,`taste_score`,`total_score`,`reservation_info_id`) VALUES (11,'맛있어요.',5,5,5,5,606);
INSERT INTO `review` (`review_id`,`content`,`price_score`,`service_score`,`taste_score`,`total_score`,`reservation_info_id`) VALUES (12,'맛있어요.',5,5,5,5,620);
INSERT INTO `review` (`review_id`,`content`,`price_score`,`service_score`,`taste_score`,`total_score`,`reservation_info_id`) VALUES (13,'그저그래요',3,3,3,3,621);
INSERT INTO `review` (`review_id`,`content`,`price_score`,`service_score`,`taste_score`,`total_score`,`reservation_info_id`) VALUES (14,'보통이예요',2,2,3,2.33333,622);
INSERT INTO `review` (`review_id`,`content`,`price_score`,`service_score`,`taste_score`,`total_score`,`reservation_info_id`) VALUES (15,'맛있어요.',5,5,5,5,618);
INSERT INTO `review` (`review_id`,`content`,`price_score`,`service_score`,`taste_score`,`total_score`,`reservation_info_id`) VALUES (16,'괜찮아요',3,4,4,3.66667,617);
INSERT INTO `review` (`review_id`,`content`,`price_score`,`service_score`,`taste_score`,`total_score`,`reservation_info_id`) VALUES (17,'맛있어요',5,5,5,5,639);
INSERT INTO `review` (`review_id`,`content`,`price_score`,`service_score`,`taste_score`,`total_score`,`reservation_info_id`) VALUES (18,'맛있어요.',5,5,5,5,633);
INSERT INTO `review` (`review_id`,`content`,`price_score`,`service_score`,`taste_score`,`total_score`,`reservation_info_id`) VALUES (19,'별로예요',1,1,1,1,640);
INSERT INTO `review` (`review_id`,`content`,`price_score`,`service_score`,`taste_score`,`total_score`,`reservation_info_id`) VALUES (20,'별로예요.',1,1,1,1,634);
INSERT INTO `review` (`review_id`,`content`,`price_score`,`service_score`,`taste_score`,`total_score`,`reservation_info_id`) VALUES (21,'그저그래요',3,3,3,3,641);
INSERT INTO `review` (`review_id`,`content`,`price_score`,`service_score`,`taste_score`,`total_score`,`reservation_info_id`) VALUES (22,'그저그래요\r\n',3,3,3,3,635);
INSERT INTO `review` (`review_id`,`content`,`price_score`,`service_score`,`taste_score`,`total_score`,`reservation_info_id`) VALUES (23,'맛있어서 다음에도 와서 먹으려고요.',4,4,4,4,580);
INSERT INTO `review` (`review_id`,`content`,`price_score`,`service_score`,`taste_score`,`total_score`,`reservation_info_id`) VALUES (24,'맛은 괜찮은데 서비스 별로 였어요. 주문 까먹고 30분 후에 물어보니까 그 때 주문 다시 들어가서 별로 였어요. 아쉽네요',4,1,4,3,555);
INSERT INTO `review` (`review_id`,`content`,`price_score`,`service_score`,`taste_score`,`total_score`,`reservation_info_id`) VALUES (25,'맛있어요.',5,5,5,5,502);
INSERT INTO `review` (`review_id`,`content`,`price_score`,`service_score`,`taste_score`,`total_score`,`reservation_info_id`) VALUES (26,'가격이 너무 비싸요ㅠㅠ',1,2,3,2,477);
INSERT INTO `review` (`review_id`,`content`,`price_score`,`service_score`,`taste_score`,`total_score`,`reservation_info_id`) VALUES (27,'맛있어요.',5,5,5,5,456);
INSERT INTO `review` (`review_id`,`content`,`price_score`,`service_score`,`taste_score`,`total_score`,`reservation_info_id`) VALUES (28,'맛있어요.',5,5,5,5,591);
INSERT INTO `review` (`review_id`,`content`,`price_score`,`service_score`,`taste_score`,`total_score`,`reservation_info_id`) VALUES (29,'맛있어요.',5,5,5,5,386);
INSERT INTO `review` (`review_id`,`content`,`price_score`,`service_score`,`taste_score`,`total_score`,`reservation_info_id`) VALUES (30,'전체적으로 별로 였어요.',4,1,1,2,362);
INSERT INTO `review` (`review_id`,`content`,`price_score`,`service_score`,`taste_score`,`total_score`,`reservation_info_id`) VALUES (31,'그저그래요',4,4,3,3.67,339);
INSERT INTO `review` (`review_id`,`content`,`price_score`,`service_score`,`taste_score`,`total_score`,`reservation_info_id`) VALUES (32,'맛있어요.',5,5,5,5,314);
INSERT INTO `review` (`review_id`,`content`,`price_score`,`service_score`,`taste_score`,`total_score`,`reservation_info_id`) VALUES (33,'맛있어요.',5,5,5,5,268);
INSERT INTO `review` (`review_id`,`content`,`price_score`,`service_score`,`taste_score`,`total_score`,`reservation_info_id`) VALUES (34,'맛있어요.',5,5,5,5,245);
INSERT INTO `review` (`review_id`,`content`,`price_score`,`service_score`,`taste_score`,`total_score`,`reservation_info_id`) VALUES (35,'맛있어요',5,5,5,5,63);
INSERT INTO `review` (`review_id`,`content`,`price_score`,`service_score`,`taste_score`,`total_score`,`reservation_info_id`) VALUES (36,'맛있어요.',5,5,5,5,411);
/*
-- Query: SELECT * FROM waeating.owner_comment
LIMIT 0, 1000

-- Date: 2023-03-30 00:57
*/
INSERT INTO `owner_comment` (`owner_comment_id`,`content`,`review_id`) VALUES (1,'이용해주셔서 감사합니다.',23);
INSERT INTO `owner_comment` (`owner_comment_id`,`content`,`review_id`) VALUES (2,'이용해주셔서 감사합니다.',6);
INSERT INTO `owner_comment` (`owner_comment_id`,`content`,`review_id`) VALUES (3,'이용해주셔서 감사합니다.',5);
INSERT INTO `owner_comment` (`owner_comment_id`,`content`,`review_id`) VALUES (4,'다음에 오면 더 맛있게 해드릴게요~',4);
